container.title	nbr_citations_of_joss_papers	nbr_cited_joss_papers	nbr_citing_papers	nbr_selfcitations_of_joss_papers	fraction_selfcitations
NA	4647	699	4179	NA	NA
The Journal of Open Source Software	1454	547	725	335	0.23
bioRxiv	11336	499	7230	443	0.0391
Scientific Reports	1964	251	1371	11	0.0056
CRAN: Contributed Packages	269	227	262	166	0.617
Nature Communications	1576	223	1105	45	0.0286
The Astrophysical Journal	3037	178	1845	358	0.118
Monthly Notices of the Royal Astronomical Society	2718	172	1589	209	0.0769
PLOS ONE	964	152	632	28	0.029
Astronomy &amp; Astrophysics	1618	138	1213	78	0.0482
Applied Sciences	395	135	270	13	0.0329
IEEE Access	424	129	287	27	0.0637
Scientific Data	299	102	208	31	0.104
SoftwareX	199	97	125	5	0.0251
PLOS Computational Biology	326	96	218	23	0.0706
The Astrophysical Journal Letters	595	95	378	73	0.123
Nature	420	94	275	15	0.0357
Sensors	406	94	278	6	0.0148
Science Advances	286	92	216	12	0.042
SSRN Electronic Journal	252	91	189	1	0.00397
Proceedings of the National Academy of Sciences	317	88	216	18	0.0568
Physical Review D	932	84	610	81	0.0869
Geoscientific Model Development	192	83	106	43	0.224
The Astronomical Journal	1095	82	609	107	0.0977
Bioinformatics	280	78	173	10	0.0357
Remote Sensing	361	76	252	13	0.036
Science of The Total Environment	478	74	352	2	0.00418
eLife	538	71	362	31	0.0576
iScience	313	71	232	4	0.0128
Sustainability	245	70	172	6	0.0245
The Journal of Chemical Physics	224	70	150	34	0.152
Physical Review Letters	188	68	130	22	0.117
The Astrophysical Journal Supplement Series	353	65	197	73	0.207
Communications Biology	272	62	182	4	0.0147
Energies	259	59	165	5	0.0193
Journal of Computational Physics	138	58	99	21	0.152
International Journal of Molecular Sciences	317	56	244	2	0.00631
Computer Physics Communications	131	55	88	8	0.0611
Cell Reports	221	54	162	2	0.00905
Computer Methods in Applied Mechanics and Engineering	144	54	108	10	0.0694
Geophysical Research Letters	132	54	97	13	0.0985
Physical Review Research	125	54	95	5	0.04
Heliyon	113	52	99	0	0
PLOS One	131	52	116	1	0.00763
Science	218	52	146	11	0.0505
Water Resources Research	151	52	105	17	0.113
Journal of Cosmology and Astroparticle Physics	344	51	251	4	0.0116
PeerJ	198	51	128	7	0.0354
BMC Bioinformatics	203	50	132	5	0.0246
Electronics	100	50	65	0	0
Expert Systems with Applications	140	50	104	2	0.0143
Ecology and Evolution	388	49	284	4	0.0103
Journal of Physics: Conference Series	126	49	79	0	0
Mathematics	113	49	80	1	0.00885
NeuroImage	216	49	117	7	0.0324
Astronomy & Astrophysics	241	48	219	14	0.0581
Royal Society Open Science	192	48	132	9	0.0469
Environmental Modelling &amp; Software	117	47	95	2	0.0171
Journal of Chemical Theory and Computation	130	47	101	11	0.0846
Nucleic Acids Research	186	47	125	14	0.0753
Machine Learning: Science and Technology	104	46	67	3	0.0288
Applied Energy	247	45	166	8	0.0324
Computers in Biology and Medicine	129	45	90	7	0.0543
Frontiers in Plant Science	218	45	145	1	0.00459
Frontiers in Psychology	339	45	220	2	0.0059
Journal of Environmental Management	123	45	104	0	0
Nature Astronomy	112	45	76	15	0.134
Physical Review E	103	45	65	16	0.155
Entropy	153	44	96	16	0.105
Frontiers in Microbiology	267	44	190	0	0
Physical Review B	193	44	138	13	0.0674
Physics of Fluids	121	44	89	9	0.0744
Behavior Research Methods	152	43	105	3	0.0197
Current Biology	152	43	101	5	0.0329
Water	154	43	111	9	0.0584
Methods in Ecology and Evolution	102	42	66	6	0.0588
Journal of Chemical Information and Modeling	173	41	129	8	0.0462
Communications Earth &amp; Environment	79	40	66	2	0.0253
Environmental Science &amp; Technology	134	40	109	3	0.0224
Journal of Hydrology	132	40	98	2	0.0152
GigaScience	92	39	56	11	0.12
Microbiology Spectrum	157	39	125	0	0
Frontiers in Marine Science	245	38	155	1	0.00408
Frontiers in Neuroscience	83	38	59	0	0
PLOS Biology	101	38	73	3	0.0297
Computational Materials Science	96	37	72	6	0.0625
Computational and Structural Biotechnology Journal	118	37	86	0	0
Genome Biology	202	37	126	8	0.0396
IEEE Transactions on Visualization and Computer Graphics	133	37	108	2	0.015
PeerJ Computer Science	72	37	39	1	0.0139
Physical Review Materials	92	37	60	18	0.196
Research Notes of the AAS	72	37	53	16	0.222
Environmental Research Letters	88	36	62	5	0.0568
Publications of the Astronomical Society of the Pacific	102	36	65	3	0.0294
The Journal of Physical Chemistry C	99	36	73	10	0.101
Cell	145	35	82	5	0.0345
Ecological Indicators	128	35	90	0	0
Energy	99	35	72	7	0.0707
npj Computational Materials	121	35	92	24	0.198
Briefings in Bioinformatics	148	34	106	3	0.0203
Genes	132	34	91	5	0.0379
International Journal of Environmental Research and Public Health	197	34	110	6	0.0305
Physical Chemistry Chemical Physics	114	34	77	19	0.167
Water Research	84	34	64	2	0.0238
BMC Genomics	154	33	111	0	0
Cancers	183	33	128	5	0.0273
Ecological Informatics	77	33	61	0	0
Engineering Applications of Artificial Intelligence	57	33	50	0	0
Geophysical Journal International	83	33	52	12	0.145
Global Change Biology	166	33	106	6	0.0361
Journal of Geophysical Research: Solid Earth	98	33	61	10	0.102
The Journal of the Acoustical Society of America	89	33	61	4	0.0449
ACS Omega	67	32	50	0	0
Earth's Future	56	32	41	0	0
Frontiers in Genetics	159	32	90	1	0.00629
Journal of Medical Internet Research	100	32	69	2	0.02
Computers and Electronics in Agriculture	63	31	46	1	0.0159
Frontiers in Public Health	83	31	58	0	0
Imaging Neuroscience	70	31	59	0	0
Journal of Materials Chemistry A	83	31	50	22	0.265
Journal of the American Chemical Society	77	31	59	8	0.104
Neural Computing and Applications	87	31	59	2	0.023
Proceedings of the Royal Society B: Biological Sciences	150	31	108	1	0.00667
SIAM Journal on Scientific Computing	65	31	51	7	0.108
Chaos: An Interdisciplinary Journal of Nonlinear Science	89	30	60	5	0.0562
Information	66	30	47	6	0.0909
Journal of High Energy Physics	92	30	73	1	0.0109
The Journal of Physical Chemistry B	86	30	61	12	0.14
mSystems	118	30	77	5	0.0424
Animals	155	29	119	0	0
Atmosphere	71	29	52	2	0.0282
Bioinformatics Advances	58	29	42	2	0.0345
Chemistry of Materials	89	29	54	16	0.18
Environmental Science and Pollution Research	65	29	49	0	0
Frontiers in Immunology	220	29	144	0	0
IEEE Robotics and Automation Letters	94	29	67	12	0.128
Journal of Fluid Mechanics	69	29	49	11	0.159
Nature Ecology &amp; Evolution	92	29	67	5	0.0543
Nature Methods	161	29	111	2	0.0124
SN Computer Science	64	29	40	1	0.0156
Astronomy and Computing	60	28	37	7	0.117
Digital Discovery	58	28	46	6	0.103
Hydrology and Earth System Sciences	88	28	58	19	0.216
Journal of Advances in Modeling Earth Systems	84	28	47	27	0.321
Journal of Cleaner Production	68	28	52	2	0.0294
Journal of Neural Engineering	60	28	39	3	0.05
Microorganisms	163	28	115	0	0
Philosophical Transactions of the Royal Society A: Mathematical, Physical and Engineering Sciences	49	28	29	10	0.204
Statistics and Computing	39	28	23	10	0.256
mBio	87	28	61	8	0.092
Data in Brief	59	27	37	10	0.169
Journal of Clinical Medicine	111	27	82	0	0
Neurocomputing	75	27	53	2	0.0267
Nutrients	96	27	72	0	0
Energy and Buildings	84	26	63	1	0.0119
Frontiers in Physiology	70	26	42	1	0.0143
Remote Sensing of Environment	66	26	47	0	0
Renewable Energy	89	26	65	0	0
Symmetry	58	26	39	2	0.0345
The European Physical Journal C	80	26	56	3	0.0375
Viruses	178	26	126	2	0.0112
Building and Environment	91	25	71	0	0
Computer Graphics Forum	81	25	52	2	0.0247
Computer Methods and Programs in Biomedicine	47	25	35	3	0.0638
EPJ Web of Conferences	49	25	34	1	0.0204
F1000Research	116	25	68	15	0.129
Forests	126	25	92	0	0
Frontiers in Ecology and Evolution	117	25	74	1	0.00855
Frontiers in Psychiatry	86	25	53	0	0
Human Brain Mapping	64	25	44	1	0.0156
Journal of The Royal Society Interface	42	25	30	4	0.0952
Land	71	25	52	3	0.0423
Molecular Biology and Evolution	77	25	56	2	0.026
Monthly Notices of the Royal Astronomical Society: Letters	49	25	35	6	0.122
NAR Genomics and Bioinformatics	63	25	49	1	0.0159
Procedia Computer Science	62	25	42	0	0
Psychophysiology	81	25	53	8	0.0988
BMC Public Health	76	24	51	0	0
Biophysical Journal	52	24	35	0	0
Cerebral Cortex	73	24	45	0	0
Frontiers in Veterinary Science	102	24	73	0	0
IFAC-PapersOnLine	68	24	42	0	0
ISPRS International Journal of Geo-Information	57	24	30	1	0.0175
Journal of Open Research Software	36	24	15	4	0.111
Microbial Genomics	121	24	80	6	0.0496
Molecular Ecology	141	24	106	0	0
Nature Microbiology	60	24	44	0	0
NeuroImage: Clinical	49	24	31	2	0.0408
Peer Community Journal	47	24	37	0	0
Plants	135	24	95	0	0
Sustainable Cities and Society	45	24	36	0	0
The Planetary Science Journal	106	24	69	10	0.0943
ACS Nano	45	23	37	4	0.0889
Computers &amp; Chemical Engineering	43	23	35	2	0.0465
Ecography	55	23	40	1	0.0182
Ecology Letters	76	23	51	2	0.0263
Journal of Geophysical Research: Oceans	51	23	35	12	0.235
Nature Computational Science	51	23	36	1	0.0196
PLOS Genetics	85	23	58	5	0.0588
Physical Review A	92	23	62	4	0.0435
RAS Techniques and Instruments	33	23	27	2	0.0606
Software Impacts	37	23	20	4	0.108
ACS Applied Materials &amp; Interfaces	35	22	30	1	0.0286
BMC Medical Research Methodology	43	22	30	3	0.0698
Biological Conservation	103	22	78	0	0
Communications Physics	32	22	23	0	0
Energy Conversion and Management	59	22	46	2	0.0339
Environment International	57	22	38	1	0.0175
Frontiers in Oncology	72	22	44	0	0
International Journal of Applied Earth Observation and Geoinformation	40	22	32	0	0
Journal of Computational and Graphical Statistics	50	22	28	3	0.06
Journal of Geophysical Research: Earth Surface	51	22	32	19	0.373
Journal of Hazardous Materials	56	22	47	0	0
Materials	41	22	27	2	0.0488
Medical Physics	53	22	40	0	0
Multimedia Tools and Applications	52	22	38	0	0
Nature Neuroscience	75	22	49	3	0.04
New Phytologist	109	22	82	0	0
Patterns	49	22	31	0	0
Philosophical Transactions of the Royal Society B: Biological Sciences	66	22	42	2	0.0303
The Journal of Neuroscience	65	22	61	3	0.0462
The Journal of Physical Chemistry Letters	54	22	34	8	0.148
Agronomy	74	21	55	0	0
Biology	61	21	46	2	0.0328
Chemical Science	40	21	25	4	0.1
Classical and Quantum Gravity	52	21	42	10	0.192
Earth System Science Data	37	21	27	2	0.0541
Environmental Pollution	68	21	50	0	0
Frontiers in Earth Science	64	21	36	0	0
Frontiers in Human Neuroscience	49	21	33	0	0
Future Generation Computer Systems	31	21	26	1	0.0323
IEEE Journal of Selected Topics in Applied Earth Observations and Remote Sensing	44	21	35	6	0.136
IOP Conference Series: Earth and Environmental Science	46	21	34	0	0
Industrial &amp; Engineering Chemistry Research	33	21	24	2	0.0606
International Journal of Hydrogen Energy	41	21	34	0	0
Nonlinear Dynamics	52	21	32	2	0.0385
Open Research Europe	51	21	34	4	0.0784
Optics Express	54	21	40	5	0.0926
Physics in Medicine &amp; Biology	28	21	27	2	0.0714
Renewable and Sustainable Energy Reviews	78	21	47	5	0.0641
Research in Astronomy and Astrophysics	43	21	26	0	0
Acta Materialia	40	20	34	0	0
Agricultural and Forest Meteorology	60	20	47	0	0
Algorithms	43	20	35	2	0.0465
Alzheimer's &amp; Dementia	43	20	39	0	0
BMC Biology	54	20	32	0	0
Bioengineering	39	20	35	0	0
Biogeosciences	62	20	49	0	0
Cognition	77	20	52	0	0
Cortex	49	20	35	2	0.0408
Diagnostics	80	20	61	2	0.025
Earth and Space Science	29	20	21	4	0.138
Ecological Modelling	52	20	32	0	0
Forest Ecology and Management	175	20	130	1	0.00571
Global Ecology and Conservation	90	20	65	0	0
IEEE Transactions on Geoscience and Remote Sensing	31	20	27	0	0
Journal of Animal Ecology	99	20	69	0	0
Journal of Dairy Science	115	20	77	0	0
Landscape Ecology	87	20	61	0	0
Molecular Ecology Resources	73	20	47	0	0
PLOS Neglected Tropical Diseases	58	20	41	0	0
The Journal of Supercomputing	36	20	25	2	0.0556
npj Digital Medicine	74	20	53	4	0.0541
Advanced Functional Materials	29	19	24	0	0
Advanced Materials	28	19	21	3	0.107
Advanced Science	45	19	39	0	0
Applied Soft Computing	38	19	27	0	0
Atmospheric Measurement Techniques	43	19	33	0	0
Chemical Engineering Journal	33	19	28	0	0
Computational Statistics	31	19	21	4	0.129
Computers &amp; Fluids	32	19	24	6	0.188
Computing in Science &amp; Engineering	31	19	17	11	0.355
Environmental Monitoring and Assessment	54	19	40	2	0.037
Environmental Research	71	19	57	0	0
Foods	52	19	41	0	0
Frontiers in Bioengineering and Biotechnology	50	19	33	0	0
Frontiers in Pharmacology	42	19	30	0	0
IEEE Transactions on Biomedical Engineering	30	19	21	4	0.133
Journal of Applied Physics	48	19	34	8	0.167
Journal of Biomechanics	46	19	34	4	0.087
Journal of Computational Science	26	19	19	2	0.0769
Journal of Marine Science and Engineering	32	19	24	3	0.0938
Magnetic Resonance in Medicine	81	19	59	19	0.235
Medical Image Analysis	27	19	20	2	0.0741
Nature Climate Change	36	19	26	0	0
Nature Human Behaviour	67	19	43	4	0.0597
Physical Review Fluids	34	19	23	9	0.265
Proceedings of the ACM on Human-Computer Interaction	44	19	33	0	0
ACS Synthetic Biology	37	18	25	4	0.108
Applied and Environmental Microbiology	73	18	55	1	0.0137
BMC Plant Biology	32	18	27	0	0
BMJ Open	57	18	43	0	0
Cell Reports Methods	43	18	35	0	0
Computational Mechanics	27	18	15	6	0.222
Earth Science Informatics	20	18	17	0	0
Ecosphere	121	18	83	1	0.00826
Education Sciences	31	18	23	0	0
Insects	65	18	51	0	0
Journal of Affective Disorders	53	18	43	0	0
Journal of Computational Social Science	33	18	24	4	0.121
Journal of Experimental Biology	78	18	56	4	0.0513
Journal of Hydrology: Regional Studies	30	18	22	0	0
Journal of Neurophysiology	35	18	24	4	0.114
Journal of Scientific Computing	30	18	22	1	0.0333
Marine Pollution Bulletin	96	18	69	0	0
Memory &amp; Cognition	47	18	32	0	0
Modelling and Simulation in Materials Science and Engineering	28	18	17	1	0.0357
PLOS Pathogens	53	18	37	10	0.189
Proceedings of the Royal Society A: Mathematical, Physical and Engineering Sciences	40	18	20	6	0.15
Psychonomic Bulletin &amp; Review	60	18	51	0	0
Publications of the Astronomical Society of Australia	68	18	40	4	0.0588
Quantum Science and Technology	32	18	23	2	0.0625
Statistics in Medicine	44	18	34	4	0.0909
The Journal of Physical Chemistry A	42	18	32	4	0.0952
AIAA SCITECH 2025 Forum	33	17	33	0	0
American Journal of Botany	55	17	40	0	0
Analytical Chemistry	61	17	44	1	0.0164
Animal Behaviour	116	17	93	1	0.00862
Applied Physics Letters	28	17	19	2	0.0714
Applied Thermal Engineering	25	17	19	1	0.04
Biological Psychiatry: Cognitive Neuroscience and Neuroimaging	20	17	16	0	0
Cell Host &amp; Microbe	38	17	29	3	0.0789
Computers in Human Behavior	47	17	26	0	0
Computers, Environment and Urban Systems	42	17	16	2	0.0476
Developmental Cognitive Neuroscience	32	17	21	0	0
Ecology	72	17	56	2	0.0278
Faraday Discussions	24	17	17	4	0.167
Frontiers in Artificial Intelligence	35	17	25	0	0
Frontiers in Education	44	17	26	0	0
Frontiers in Forests and Global Change	54	17	36	0	0
Global Ecology and Biogeography	69	17	48	2	0.029
International Journal for Numerical Methods in Engineering	30	17	20	5	0.167
Journal of Biogeography	83	17	48	0	0
Journal of Energy Storage	23	17	17	0	0
Journal of NeuroEngineering and Rehabilitation	29	17	23	2	0.069
Knowledge-Based Systems	55	17	45	0	0
Life	46	17	30	0	0
Marine Environmental Research	68	17	57	0	0
Microbiology Resource Announcements	63	17	47	0	0
Microbiome	53	17	40	0	0
Nature Biotechnology	87	17	53	6	0.069
Nature Machine Intelligence	55	17	39	0	0
PNAS Nexus	27	17	18	0	0
Physics of Plasmas	45	17	33	7	0.156
Proceedings of the SC '23 Workshops of The International Conference on High Performance Computing, Network, Storage, and Analysis	21	17	21	3	0.143
Processes	30	17	19	0	0
Quality &amp; Quantity	33	17	24	0	0
Soft Matter	33	17	25	5	0.152
The International Journal of High Performance Computing Applications	45	17	29	14	0.311
Universe	27	17	17	6	0.222
Virus Evolution	63	17	43	0	0
eneuro	35	17	34	1	0.0286
npj Systems Biology and Applications	36	17	28	0	0
AIAA SCITECH 2022 Forum	64	16	29	0	0
Advances in Space Research	33	16	27	0	0
Agricultural Water Management	32	16	27	0	0
Agriculture	31	16	25	0	0
Applied Intelligence	33	16	26	0	0
Atmospheric Chemistry and Physics	40	16	30	0	0
BMC Medicine	41	16	29	1	0.0244
Brain Communications	28	16	22	0	0
Brain Sciences	49	16	36	0	0
Cell Reports Medicine	54	16	40	2	0.037
Chemical Reviews	25	16	13	1	0.04
Cognition and Emotion	39	16	27	0	0
Communications Psychology	49	16	39	1	0.0204
Computers &amp; Geosciences	28	16	26	2	0.0714
Diversity	53	16	40	0	0
Environment and Planning B: Urban Analytics and City Science	38	16	27	4	0.105
European Journal of Neuroscience	34	16	21	4	0.118
Frontiers in Cellular and Infection Microbiology	59	16	40	0	0
Frontiers in Neuroinformatics	32	16	20	0	0
Frontiers in Neurology	47	16	30	0	0
G3: Genes, Genomes, Genetics	37	16	34	0	0
Journal of Computational and Applied Mathematics	20	16	16	0	0
Molecular Systems Biology	47	16	33	0	0
Oikos	73	16	52	5	0.0685
Proceedings of the CHI Conference on Human Factors in Computing Systems	21	16	18	0	0
Progress in Oceanography	40	16	29	1	0.025
Quantum	52	16	36	2	0.0385
Systematic Biology	38	16	29	0	0
Translational Psychiatry	48	16	29	2	0.0417
AIAA SCITECH 2023 Forum	20	15	20	0	0
Aerospace	47	15	35	1	0.0213
Annals of Operations Research	26	15	18	1	0.0385
Automation in Construction	35	15	28	0	0
BMC Medical Informatics and Decision Making	32	15	19	0	0
Buildings	27	15	23	0	0
Cell Genomics	25	15	22	0	0
Cities	20	15	16	0	0
Communications Medicine	40	15	32	1	0.025
Conservation Biology	39	15	32	0	0
Coral Reefs	48	15	36	0	0
Diversity and Distributions	38	15	26	0	0
Energy Reports	29	15	22	0	0
Environmental Modelling & Software	33	15	31	1	0.0303
Functional Ecology	79	15	57	2	0.0253
Genome Biology and Evolution	38	15	30	0	0
Genome Medicine	55	15	36	0	0
Geochemistry, Geophysics, Geosystems	41	15	27	6	0.146
Healthcare	36	15	29	0	0
Humanities and Social Sciences Communications	41	15	31	0	0
Hydrobiologia	50	15	37	2	0.04
Information Fusion	28	15	22	0	0
International Journal of Data Science and Analytics	30	15	21	2	0.0667
International Journal of Geographical Information Science	35	15	23	3	0.0857
JMIR Formative Research	48	15	38	0	0
Journal of Applied Ecology	99	15	75	0	0
Journal of Biomedical Informatics	31	15	22	0	0
Journal of Computational Chemistry	33	15	19	2	0.0606
Journal of Geophysical Research: Biogeosciences	45	15	36	2	0.0444
Journal of Imaging	29	15	22	4	0.138
Journal of Power Sources	40	15	29	2	0.05
JuliaCon Proceedings	27	15	11	1	0.037
Metabolites	60	15	39	0	0
Molecules	62	15	46	0	0
Natural Hazards and Earth System Sciences	32	15	24	0	0
Nature Medicine	68	15	44	0	0
Neural Networks	40	15	30	1	0.025
Neuroinformatics	27	15	15	0	0
Neuropsychologia	48	15	26	0	0
PRX Energy	16	15	12	0	0
Pathogens	54	15	39	0	0
People and Nature	39	15	28	0	0
Physical Review Applied	26	15	15	1	0.0385
Physical Review C	51	15	34	4	0.0784
Proceedings of the Genetic and Evolutionary Computation Conference Companion	31	15	18	1	0.0323
Psychological Research	53	15	29	1	0.0189
Results in Engineering	15	15	15	0	0
Social Science &amp; Medicine	26	15	20	0	0
The Cryosphere	34	15	25	0	0
Transactions in GIS	24	15	17	0	0
eBioMedicine	36	15	30	1	0.0278
2025 IEEE International Conference on Robotics and Automation (ICRA)	16	14	16	0	0
ACM Computing Surveys	23	14	18	1	0.0435
ACM Transactions on Mathematical Software	30	14	20	6	0.2
ACM Transactions on Software Engineering and Methodology	44	14	27	6	0.136
Advances in Methods and Practices in Psychological Science	26	14	19	0	0
Agriculture, Ecosystems &amp; Environment	103	14	81	0	0
Applied Network Science	24	14	15	0	0
Behavioral Sciences	27	14	24	0	0
Biomedical Signal Processing and Control	40	14	28	0	0
Biomedicines	40	14	35	0	0
Biomolecules	42	14	30	4	0.0952
Cell Systems	50	14	30	1	0.02
Chemosphere	39	14	31	0	0
Computers	19	14	16	0	0
Computers &amp; Mathematics with Applications	21	14	18	6	0.286
Current Psychology	70	14	42	10	0.143
Earth Surface Dynamics	29	14	12	12	0.414
Ecological Applications	55	14	40	2	0.0364
Energy &amp; Environmental Science	23	14	14	0	0
Environmental Microbiology	59	14	42	0	0
Estuarine, Coastal and Shelf Science	55	14	45	0	0
FEMS Microbiology Ecology	60	14	46	0	0
Fire	31	14	20	0	0
Frontiers in Aging Neuroscience	26	14	20	0	0
Frontiers in Behavioral Neuroscience	37	14	19	0	0
Frontiers in Energy Research	23	14	15	0	0
Frontiers in Medicine	49	14	33	0	0
Frontiers in Molecular Biosciences	28	14	18	0	0
Frontiers in Physics	21	14	13	0	0
Fuel	24	14	18	0	0
Galaxies	19	14	12	1	0.0526
Geographical Analysis	29	14	15	7	0.241
IEEE Sensors Journal	29	14	20	0	0
International Journal of Human–Computer Interaction	20	14	16	1	0.05
International Journal of Remote Sensing	24	14	15	1	0.0417
Journal for Nature Conservation	28	14	23	0	0
Journal of Evolutionary Biology	46	14	31	0	0
Journal of Experimental Botany	37	14	26	0	0
Journal of Geophysical Research: Atmospheres	27	14	22	0	0
Journal of Materials Chemistry C	43	14	26	12	0.279
Journal of Systems and Software	21	14	15	2	0.0952
Journal of The Electrochemical Society	57	14	41	12	0.211
Journal of Vision	36	14	25	0	0
Landscape and Urban Planning	35	14	27	0	0
NMR in Biomedicine	34	14	21	10	0.294
Neurobiology of Aging	23	14	18	0	0
Neuron	33	14	24	2	0.0606
Neuroscience	22	14	15	0	0
One Earth	21	14	18	0	0
Procedia CIRP	49	14	35	0	0
Proceedings of the Genetic and Evolutionary Computation Conference	29	14	17	0	0
Psychiatry Research	31	14	24	0	0
Quarterly Journal of Experimental Psychology	61	14	49	0	0
Remote Sensing Applications: Society and Environment	27	14	23	0	0
Resources, Conservation and Recycling	41	14	29	1	0.0244
Restoration Ecology	59	14	46	0	0
Review of Scientific Instruments	23	14	15	3	0.13
SciPost Physics	32	14	22	0	0
Structural and Multidisciplinary Optimization	59	14	40	2	0.0339
The Journal of Wildlife Management	48	14	32	0	0
Transportation Research Part F: Traffic Psychology and Behaviour	25	14	18	0	0
Wellcome Open Research	48	14	30	16	0.333
mSphere	55	14	35	6	0.109
2021 IEEE International Conference on Big Data (Big Data)	26	13	13	0	0
2024 IEEE International Conference on Big Data (BigData)	15	13	14	0	0
AIAA SCITECH 2024 Forum	29	13	29	0	0
Acta Psychologica	52	13	35	0	0
Additive Manufacturing	29	13	18	0	0
Advances in Engineering Software	19	13	10	0	0
Annals of Botany	41	13	30	0	0
Aquaculture	63	13	48	0	0
Brain	29	13	16	0	0
CATENA	25	13	23	0	0
Canadian Journal of Fisheries and Aquatic Sciences	43	13	30	0	0
Computer Methods in Biomechanics and Biomedical Engineering	43	13	24	8	0.186
Cureus	26	13	24	0	0
Data Mining and Knowledge Discovery	27	13	20	5	0.185
E3S Web of Conferences	28	13	22	0	0
Ecological Economics	18	13	17	2	0.111
Empirical Software Engineering	28	13	20	1	0.0357
Energy Policy	19	13	14	0	0
Environmental Earth Sciences	25	13	21	0	0
Frontiers in Astronomy and Space Sciences	27	13	19	0	0
Frontiers in Chemistry	26	13	10	0	0
Frontiers in Robotics and AI	33	13	21	0	0
Frontiers in Sustainable Food Systems	28	13	18	0	0
Frontiers in Water	27	13	17	0	0
G3 Genes|Genomes|Genetics	52	13	28	2	0.0385
Geoderma	43	13	37	0	0
ICASSP 2024 - 2024 IEEE International Conference on Acoustics, Speech and Signal Processing (ICASSP)	33	13	30	0	0
IEEE Journal of Biomedical and Health Informatics	44	13	38	0	0
IEEE Transactions on Intelligent Transportation Systems	18	13	14	0	0
IEEE Transactions on Pattern Analysis and Machine Intelligence	35	13	29	2	0.0571
ISME Communications	55	13	43	0	0
Information Sciences	36	13	26	0	0
International Journal of Disaster Risk Reduction	18	13	14	0	0
Inverse Problems	25	13	17	0	0
Journal of Cognitive Neuroscience	38	13	25	0	0
Journal of Instrumentation	17	13	14	0	0
Journal of Molecular Biology	33	13	25	0	0
Journal of Physics: Condensed Matter	21	13	13	2	0.0952
Journal of Theoretical Biology	24	13	18	1	0.0417
Journal of the Mechanics and Physics of Solids	29	13	23	2	0.069
Limnology and Oceanography	53	13	38	0	0
Machine Learning	45	13	33	2	0.0444
Marine Ecology Progress Series	84	13	57	1	0.0119
MethodsX	26	13	18	0	0
Mindfulness	30	13	19	0	0
Molecular Psychiatry	26	13	19	0	0
Nature Reviews Methods Primers	23	13	9	0	0
Nature Sustainability	26	13	17	0	0
New Media &amp; Society	28	13	23	0	0
Ocean Engineering	33	13	29	0	0
Ocean Science	19	13	15	0	0
PAMM	16	13	15	1	0.0625
Physical Review X	26	13	17	4	0.154
Plant and Soil	49	13	38	2	0.0408
Psychoneuroendocrinology	31	13	20	1	0.0323
Quarterly Journal of the Royal Meteorological Society	22	13	18	1	0.0455
Remote Sensing in Ecology and Conservation	29	13	16	2	0.069
Science Translational Medicine	51	13	35	5	0.098
Scientometrics	49	13	37	0	0
Solar Energy	105	13	77	0	0
The International Journal of Advanced Manufacturing Technology	19	13	14	0	0
The Journal of Infectious Diseases	38	13	30	2	0.0526
The Journal of Physiology	23	13	18	2	0.087
Transportation Research Part D: Transport and Environment	25	13	16	0	0
Urban Climate	28	13	27	0	0
Urban Forestry &amp; Urban Greening	43	13	38	0	0
2024 IEEE International Symposium on Biomedical Imaging (ISBI)	12	12	12	0	0
2024 IEEE/RSJ International Conference on Intelligent Robots and Systems (IROS)	19	12	19	0	0
AIAA Journal	40	12	26	8	0.2
Advanced Engineering Materials	22	12	17	3	0.136
Advances in Water Resources	32	12	24	4	0.125
Aerospace Science and Technology	35	12	22	3	0.0857
Affective Science	34	12	19	0	0
Angewandte Chemie	19	12	17	0	0
Angewandte Chemie International Edition	19	12	17	0	0
Artificial Intelligence Review	21	12	16	0	0
Attention, Perception, &amp; Psychophysics	63	12	51	2	0.0317
BMC Psychiatry	25	12	20	0	0
Behavioral Ecology	58	12	43	0	0
Behavioural Brain Research	27	12	17	0	0
Biodiversity and Conservation	50	12	38	0	0
Biological Journal of the Linnean Society	31	12	23	0	0
Biological Psychology	31	12	18	0	0
Biomechanics and Modeling in Mechanobiology	26	12	18	1	0.0385
Brain Stimulation	16	12	13	0	0
Brain, Behavior, and Immunity	28	12	22	0	0
Chemical Engineering Science	22	12	16	0	0
Combustion and Flame	38	12	31	2	0.0526
Communications Engineering	13	12	11	0	0
Composite Structures	22	12	16	4	0.182
Concurrency and Computation: Practice and Experience	22	12	15	6	0.273
Earth Surface Processes and Landforms	25	12	18	0	0
Environmental Microbiome	46	12	38	0	0
European Journal of Agronomy	27	12	22	0	0
Frontiers in Big Data	22	12	14	0	0
Frontiers in Bioinformatics	24	12	15	0	0
Frontiers in Cell and Developmental Biology	41	12	27	0	0
GEOPHYSICS	26	12	19	0	0
Geomorphology	18	12	14	0	0
GeroScience	16	12	14	0	0
IEEE Transactions on Instrumentation and Measurement	16	12	14	3	0.188
IEEE Transactions on Medical Imaging	22	12	20	4	0.182
INFORMS Journal on Computing	14	12	9	0	0
ISPRS Journal of Photogrammetry and Remote Sensing	27	12	19	0	0
International Journal of Heat and Mass Transfer	25	12	21	2	0.08
International Journal of Psychophysiology	23	12	17	0	0
International Journal of Solids and Structures	24	12	16	3	0.125
Journal of Big Data	27	12	19	0	0
Journal of Building Engineering	25	12	21	0	0
Journal of Cheminformatics	34	12	28	2	0.0588
Journal of Ecology	78	12	55	0	0
Journal of Experimental Social Psychology	41	12	25	0	0
Journal of Fungi	31	12	24	0	0
Journal of Geophysical Research: Planets	23	12	17	2	0.087
Journal of Sports Sciences	37	12	28	2	0.0541
Journal of Translational Medicine	25	12	22	0	0
Journal of Vegetation Science	46	12	35	1	0.0217
Languages	35	12	26	0	0
Mechanical Systems and Signal Processing	28	12	23	0	0
Microscopy and Microanalysis	35	12	23	2	0.0571
Nature Physics	19	12	14	2	0.105
Nuclear Fusion	39	12	35	4	0.103
PLOS Global Public Health	37	12	28	2	0.0541
Polymers	17	12	13	1	0.0588
Precision Agriculture	17	12	12	0	0
Proceedings of the 2025 CHI Conference on Human Factors in Computing Systems	25	12	23	0	0
Proceedings of the VLDB Endowment	25	12	16	0	0
Smart Agricultural Technology	19	12	13	0	0
Stochastic Environmental Research and Risk Assessment	21	12	14	0	0
The ISME Journal	47	12	39	0	0
Transportation Research Part C: Emerging Technologies	23	12	13	1	0.0435
2024 46th Annual International Conference of the IEEE Engineering in Medicine and Biology Society (EMBC)	12	11	12	0	0
ACM Transactions on Graphics	36	11	22	1	0.0278
Advanced Energy Materials	23	11	17	3	0.13
Advances in Applied Energy	14	11	7	0	0
Advances in Computational Mathematics	14	11	9	0	0
Agricultural Systems	23	11	17	0	0
Animal Conservation	29	11	18	0	0
Annals of Nuclear Energy	20	11	15	1	0.05
Appetite	32	11	24	0	0
Applied Physics Reviews	15	11	8	0	0
Atmospheric Environment	18	11	14	3	0.167
BMC Medical Education	19	11	11	0	0
Behavioral Ecology and Sociobiology	56	11	42	0	0
Behaviour Research and Therapy	38	11	26	0	0
Big Data and Cognitive Computing	21	11	15	0	0
Biology Open	27	11	19	2	0.0741
Biomedical Physics &amp; Engineering Express	19	11	15	0	0
Brain Structure and Function	19	11	8	6	0.316
Cells	50	11	39	0	0
Child Psychiatry &amp; Human Development	18	11	13	0	0
Computational Geosciences	14	11	9	0	0
Consciousness and Cognition	38	11	20	2	0.0526
Drones	14	11	10	1	0.0714
Ecological Monographs	26	11	16	0	0
Engineering with Computers	18	11	12	1	0.0556
Environmental DNA	37	11	29	0	0
Environmental Data Science	13	11	8	0	0
Environmental Toxicology and Chemistry	59	11	37	2	0.0339
Estuaries and Coasts	22	11	19	1	0.0455
Frontiers in Cardiovascular Medicine	31	11	21	0	0
Frontiers in Digital Health	27	11	17	0	0
Geoscience Data Journal	16	11	13	2	0.125
Gut Microbes	40	11	29	1	0.025
Horticulture Research	25	11	16	2	0.08
Hydrological Processes	42	11	24	0	0
ICES Journal of Marine Science	64	11	47	0	0
IEEE Internet of Things Journal	23	11	19	0	0
IEEE Transactions on Neural Networks and Learning Systems	19	11	16	0	0
IEEE Transactions on Neural Systems and Rehabilitation Engineering	22	11	13	2	0.0909
IEEE Transactions on Robotics	28	11	21	0	0
IEEE/ACM Transactions on Audio, Speech, and Language Processing	47	11	34	2	0.0426
Icarus	29	11	18	0	0
Information Processing &amp; Management	20	11	17	0	0
Integrative And Comparative Biology	13	11	10	0	0
International Journal of Climatology	34	11	23	0	0
International Journal of Digital Earth	15	11	14	0	0
International Journal of Electrical Power &amp; Energy Systems	13	11	11	0	0
Joule	18	11	13	0	0
Journal of Biomechanical Engineering	25	11	17	0	0
Journal of Clinical Microbiology	27	11	17	0	0
Journal of Cognition	20	11	13	0	0
Journal of Environmental Psychology	23	11	21	0	0
Journal of Geophysical Research: Machine Learning and Computation	11	11	10	0	0
Journal of Industrial Ecology	62	11	41	5	0.0806
Journal of Mechanical Design	16	11	13	0	0
Journal of Memory and Language	27	11	23	0	0
Journal of Personalized Medicine	38	11	23	1	0.0263
Journal of Proteome Research	42	11	34	2	0.0476
Journal of Psychiatric Research	34	11	23	1	0.0294
Journal of Sound and Vibration	20	11	13	0	0
Lingua	17	11	14	0	0
Machine Learning with Applications	16	11	12	1	0.0625
Measurement Science and Technology	13	11	12	2	0.154
Microbial Ecology	31	11	23	0	0
Molecular Phylogenetics and Evolution	43	11	30	0	0
Nature Genetics	58	11	43	0	0
Nature Geoscience	18	11	14	2	0.111
Network Neuroscience	22	11	16	6	0.273
Neuropsychopharmacology	16	11	11	1	0.0625
New Journal of Physics	24	11	15	4	0.167
Oecologia	70	11	48	0	0
PLOS Digital Health	23	11	18	1	0.0435
Parasites &amp; Vectors	35	11	29	0	0
Physica A: Statistical Mechanics and its Applications	19	11	11	0	0
Physica D: Nonlinear Phenomena	17	11	14	2	0.118
Physica Scripta	16	11	13	0	0
Proceedings of the Platform for Advanced Scientific Computing Conference	15	11	11	0	0
Psychological Medicine	32	11	23	0	0
RSC Advances	18	11	15	0	0
Reliability Engineering &amp; System Safety	18	11	15	1	0.0556
STAR Protocols	73	11	54	0	0
Schizophrenia	21	11	14	0	0
Social Network Analysis and Mining	30	11	20	0	0
Social Science Computer Review	17	11	14	2	0.118
The American Naturalist	43	11	29	0	0
The European Physical Journal Special Topics	19	11	16	0	0
The Journal of Immunology	21	11	14	1	0.0476
The Plant Journal	34	11	27	3	0.0882
Toxins	16	11	12	0	0
Transportation Research Record: Journal of the Transportation Research Board	21	11	16	1	0.0476
Wind Energy Science	27	11	19	4	0.148
npj Parkinson's Disease	19	11	15	0	0
npj Precision Oncology	30	11	26	0	0
2022 IEEE International Conference on Big Data (Big Data)	15	10	14	0	0
2024 IEEE 20th International Conference on Automation Science and Engineering (CASE)	11	10	9	0	0
2024 IEEE International Conference on Robotics and Automation (ICRA)	15	10	15	0	0
2024 International Joint Conference on Neural Networks (IJCNN)	19	10	18	0	0
ACS Applied Energy Materials	28	10	18	6	0.214
ACS ES&amp;T Water	19	10	13	0	0
Access Microbiology	11	10	9	0	0
Accident Analysis &amp; Prevention	15	10	12	0	0
Advanced Theory and Simulations	18	10	12	1	0.0556
Applied Geography	14	10	10	2	0.143
Applied Soil Ecology	32	10	22	0	0
Assessment	20	10	16	0	0
Atmospheric Research	14	10	11	0	0
Autism Research	20	10	15	0	0
Bilingualism: Language and Cognition	30	10	24	0	0
BioMedInformatics	15	10	11	0	0
Biological Reviews	18	10	12	0	0
Brain Topography	16	10	13	0	0
Cancer Cell	35	10	24	0	0
Clinical Biomechanics	17	10	12	0	0
Cogent Economics &amp; Finance	10	10	2	0	0
Communications in Computer and Information Science,Machine Learning and Principles and Practice of Knowledge Discovery in Databases	27	10	17	0	0
Conservation Science and Practice	42	10	33	0	0
Developmental Science	22	10	18	1	0.0455
EPJ Data Science	30	10	21	1	0.0333
Earth and Planetary Science Letters	14	10	12	0	0
Ecological Engineering	35	10	24	2	0.0571
Energy Conversion and Management: X	21	10	16	0	0
Energy and AI	11	10	10	0	0
Engineering Structures	13	10	11	0	0
Environmental Science & Technology	24	10	23	1	0.0417
Epilepsia	20	10	14	0	0
European Journal of Sport Science	19	10	12	2	0.105
European Radiology	25	10	17	0	0
Evolution	58	10	41	0	0
Expert Systems	13	10	11	0	0
Field Crops Research	32	10	25	0	0
Frontiers in Computer Science	16	10	11	0	0
Frontiers in Endocrinology	26	10	19	0	0
Frontiers in Molecular Neuroscience	20	10	9	0	0
Frontiers in Sports and Active Living	25	10	16	0	0
Fusion Engineering and Design	12	10	10	0	0
Gait &amp; Posture	15	10	12	0	0
Genomics	26	10	16	0	0
Geosciences	13	10	9	0	0
ICASSP 2023 - 2023 IEEE International Conference on Acoustics, Speech and Signal Processing (ICASSP)	19	10	16	0	0
IEEE Transactions on Automation Science and Engineering	13	10	10	0	0
IGARSS 2024 - 2024 IEEE International Geoscience and Remote Sensing Symposium	15	10	15	0	0
IOP Conference Series: Materials Science and Engineering	21	10	12	0	0
Inorganic Chemistry	40	10	28	2	0.05
International Journal for Numerical Methods in Biomedical Engineering	20	10	14	4	0.2
International Journal of Medical Informatics	15	10	12	0	0
International Journal of Pharmaceutics	20	10	15	0	0
International Journal of Wildland Fire	16	10	12	0	0
JAMA Network Open	17	10	16	0	0
JASA Express Letters	20	10	15	0	0
JMIR Public Health and Surveillance	35	10	26	0	0
JMIR mHealth and uHealth	27	10	16	6	0.222
Journal of Applied Crystallography	21	10	13	0	0
Journal of Astrophysics and Astronomy	16	10	12	0	0
Journal of Fish Biology	47	10	35	0	0
Journal of Informetrics	15	10	7	1	0.0667
Journal of Neuroscience Methods	16	10	11	1	0.0625
Journal of Nuclear Materials	18	10	15	0	0
Journal of South American Earth Sciences	20	10	15	0	0
Journal of Speech, Language, and Hearing Research	74	10	53	0	0
Journal of the American Medical Informatics Association	20	10	12	1	0.05
Language and Cognition	32	10	23	0	0
Lecture Notes in Computer Science,Pattern Recognition	18	10	17	0	0
Macromolecules	18	10	13	0	0
Materials Horizons	18	10	14	2	0.111
Materials Today Communications	11	10	10	0	0
Measurement	16	10	13	2	0.125
Methods	27	10	17	1	0.037
Movement Ecology	23	10	17	0	0
Nanoscale	16	10	11	2	0.125
Natural Hazards	13	10	11	0	0
Nuclear Engineering and Design	20	10	16	2	0.1
Ocean &amp; Coastal Management	26	10	19	0	0
Ornithological Applications	17	10	13	0	0
Pharmaceutics	19	10	13	0	0
Physiological Measurement	16	10	13	2	0.125
Physiological Reports	22	10	15	0	0
Physiology &amp; Behavior	19	10	12	0	0
Plant Methods	28	10	21	0	0
Preventive Veterinary Medicine	46	10	36	0	0
Psychonomic Bulletin & Review	13	10	12	0	0
Publications of the Astronomical Society of Japan	24	10	15	0	0
Quantitative Science Studies	21	10	13	2	0.0952
Reference Module in Earth Systems and Environmental Sciences	11	10	8	0	0
SAE Technical Paper Series	13	10	11	0	0
Seismological Research Letters	20	10	16	2	0.1
Small	12	10	11	0	0
Software: Practice and Experience	14	10	8	2	0.143
Statistical Methods in Medical Research	16	10	9	3	0.188
Systems and Control Transactions,Proceedings of the 35th European Symposium on Computer Aided Process Engineering (ESCAPE 35)	14	10	12	0	0
Technological Forecasting and Social Change	26	10	17	0	0
Tectonics	20	10	12	2	0.1
The EMBO Journal	24	10	18	0	0
Theoretical and Applied Climatology	32	10	26	0	0
Theoretical and Applied Genetics	37	10	29	0	0
Transportation Research Interdisciplinary Perspectives	17	10	10	0	0
Urban Science	13	10	10	0	0
Vaccines	39	10	26	0	0
Water Resources Management	13	10	10	0	0
npj Biofilms and Microbiomes	23	10	19	0	0
2021 IEEE International Conference on Robotics and Automation (ICRA)	28	9	12	0	0
2022 IEEE/RSJ International Conference on Intelligent Robots and Systems (IROS)	19	9	18	0	0
2022 International Joint Conference on Neural Networks (IJCNN)	18	9	9	0	0
2024 IEEE/CVF Conference on Computer Vision and Pattern Recognition (CVPR)	19	9	18	0	0
ACS Applied Nano Materials	12	9	10	0	0
ACS Catalysis	21	9	16	2	0.0952
Acta Astronautica	24	9	14	2	0.0833
Advanced Engineering Informatics	16	9	10	0	0
Advanced Modeling and Simulation in Engineering Sciences	13	9	8	3	0.231
American Journal of Biological Anthropology	19	9	14	0	0
Annals of the New York Academy of Sciences	15	9	11	0	0
Applied Mathematics and Computation	14	9	10	2	0.143
Aquatic Conservation: Marine and Freshwater Ecosystems	29	9	21	0	0
Archives of Computational Methods in Engineering	12	9	8	0	0
Artificial Intelligence in Medicine	18	9	14	1	0.0556
Atmospheric Pollution Research	14	9	10	0	0
BMC Cancer	23	9	17	0	0
BMC Health Services Research	29	9	19	0	0
BMC Microbiology	16	9	15	0	0
BioData Mining	16	9	11	0	0
Biological Invasions	48	9	38	2	0.0417
Biology Letters	29	9	22	1	0.0345
Biotechnology and Bioengineering	16	9	10	0	0
Brain Research	14	9	9	0	0
British Journal of Anaesthesia	17	9	13	1	0.0588
Clinical Infectious Diseases	32	9	22	0	0
Cognitive Research: Principles and Implications	24	9	13	0	0
Cognitive Science	32	9	27	0	0
Cognitive, Affective, &amp; Behavioral Neuroscience	21	9	14	2	0.0952
Communications in Nonlinear Science and Numerical Simulation	18	9	11	4	0.222
Composites Science and Technology	12	9	10	0	0
Computers &amp; Graphics	15	9	13	0	0
Crop Science	43	9	34	0	0
DIGITAL HEALTH	15	9	12	0	0
Earth Systems and Environment	14	9	13	0	0
Ecological Entomology	31	9	22	0	0
Electronic Structure	10	9	8	2	0.2
Energy Advances	10	9	9	0	0
Energy Economics	11	9	10	0	0
Energy Research &amp; Social Science	23	9	19	1	0.0435
Environmental Science: Water Research &amp; Technology	23	9	13	0	0
European Journal of Operational Research	15	9	11	0	0
European Journal of Wildlife Research	20	9	16	0	0
Eurosurveillance	30	9	23	0	0
Evolutionary Applications	36	9	25	2	0.0556
Experimental Brain Research	22	9	14	0	0
Food Quality and Preference	22	9	14	0	0
Forest Ecosystems	19	9	15	0	0
Frontiers in Applied Mathematics and Statistics	14	9	7	0	0
Frontiers in Climate	13	9	10	0	0
Frontiers in Systems Neuroscience	15	9	10	0	0
Frontiers in Virtual Reality	24	9	15	0	0
GCB Bioenergy	18	9	13	1	0.0556
Gene	18	9	14	0	0
GeoHealth	26	9	18	0	0
Geoenergy Science and Engineering	12	9	11	0	0
Human Factors: The Journal of the Human Factors and Ergonomics Society	13	9	9	0	0
Hydrological Sciences Journal	19	9	13	2	0.105
Hydrology	19	9	14	2	0.105
IFIP Advances in Information and Communication Technology,Artificial Intelligence Applications and Innovations	19	9	10	0	0
Infection, Genetics and Evolution	21	9	15	0	0
Informatics in Medicine Unlocked	14	9	8	0	0
Interface Focus	11	9	8	2	0.182
International Journal of Machine Learning and Cybernetics	14	9	9	0	0
JAWRA Journal of the American Water Resources Association	20	9	14	2	0.1
Journal for ImmunoTherapy of Cancer	32	9	24	0	0
Journal of Chemical Education	34	9	25	0	0
Journal of Chromatography A	16	9	11	0	0
Journal of Complex Networks	13	9	9	0	0
Journal of Field Robotics	11	9	8	0	0
Journal of Geophysical Research: Space Physics	18	9	15	0	0
Journal of Great Lakes Research	26	9	20	0	0
Journal of Sleep Research	22	9	15	2	0.0909
Knowledge and Information Systems	12	9	10	0	0
Land Degradation &amp; Development	15	9	12	0	0
Materials &amp; Design	13	9	13	0	0
Mathematical Geosciences	15	9	9	5	0.333
Memory	21	9	17	0	0
Molecular Cell	41	9	26	0	0
Molecular Oncology	22	9	13	0	0
Multivariate Behavioral Research	15	9	12	0	0
Nature Materials	9	9	9	0	0
Open Biology	14	9	11	0	0
Open Forum Infectious Diseases	30	9	19	0	0
PLOS Climate	12	9	9	0	0
PRX Quantum	33	9	22	3	0.0909
Pain	30	9	22	0	0
Personality and Social Psychology Bulletin	35	9	24	0	0
Pest Management Science	25	9	17	0	0
Pharmaceuticals	23	9	17	0	0
Phytopathology®	25	9	18	0	0
Plasma Physics and Controlled Fusion	26	9	21	3	0.115
Political Science Research and Methods	24	9	15	1	0.0417
Proceedings of the 2023 CHI Conference on Human Factors in Computing Systems	13	9	11	0	0
Proceedings of the ACM on Interactive, Mobile, Wearable and Ubiquitous Technologies	14	9	11	0	0
Psychological Science	22	9	13	0	0
Rangeland Ecology &amp; Management	24	9	15	0	0
Regional Studies in Marine Science	15	9	15	0	0
Research on Child and Adolescent Psychopathology	13	9	11	0	0
Robotics	18	9	12	1	0.0556
Rock Mechanics and Rock Engineering	15	9	11	0	0
Schizophrenia Research	20	9	15	0	0
Separation and Purification Technology	12	9	11	0	0
Solar Physics	27	9	17	5	0.185
Structures	12	9	11	0	0
The Annals of Applied Statistics	12	9	9	0	0
The European Physical Journal Plus	13	9	8	0	0
Transboundary and Emerging Diseases	30	9	20	0	0
Transportation Research Procedia	12	9	10	0	0
Vaccine	24	9	19	0	0
WIREs Computational Molecular Science	16	9	11	0	0
Weather and Climate Extremes	16	9	10	0	0
Wildlife Research	23	9	19	0	0
Wind Energy	16	9	10	4	0.25
2021 43rd Annual International Conference of the IEEE Engineering in Medicine &amp; Biology Society (EMBC)	20	8	9	0	0
2023 IEEE International Conference on Big Data (BigData)	8	8	8	0	0
2023 IEEE International Conference on Bioinformatics and Biomedicine (BIBM)	8	8	8	0	0
ACS Energy Letters	13	8	9	2	0.154
AI Magazine	8	8	5	2	0.25
AIAA AVIATION 2023 Forum	9	8	8	0	0
AIP Advances	11	8	8	0	0
AStA Advances in Statistical Analysis	11	8	6	2	0.182
Aging	15	8	12	0	0
Allergy	12	8	10	0	0
Ambio	17	8	11	0	0
Analytical and Bioanalytical Chemistry	30	8	19	2	0.0667
Animal Microbiome	20	8	16	0	0
Annals of the American Association of Geographers	15	8	11	3	0.2
Annual Review of Statistics and Its Application	10	8	5	0	0
Antibiotics	27	8	20	0	0
Aperture Neuro	14	8	8	1	0.0714
Applied Ergonomics	19	8	14	2	0.105
Applied Surface Science	17	8	10	0	0
Aquatic Sciences	13	8	11	2	0.154
Arabian Journal for Science and Engineering	11	8	7	0	0
Austral Ecology	20	8	15	0	0
BMC Infectious Diseases	22	8	18	0	0
BMC Research Notes	18	8	11	2	0.111
Behavioural Processes	16	8	10	1	0.0625
Biological Psychiatry	13	8	7	0	0
Biological Psychiatry Global Open Science	15	8	9	0	0
Biomedical Optics Express	14	8	11	0	0
Biometrics	15	8	10	6	0.4
British Journal of Cancer	15	8	11	0	0
CPT: Pharmacometrics &amp; Systems Pharmacology	16	8	16	0	0
Cancer Medicine	17	8	13	0	0
Cancer Research	17	8	11	0	0
Carbon	13	8	9	1	0.0769
Climatic Change	13	8	10	0	0
Composites Part B: Engineering	12	8	8	1	0.0833
Computational Economics	17	8	12	0	0
Computational Science – ICCS 2023,Lecture Notes in Computer Science	8	8	8	0	0
Computational Statistics &amp; Data Analysis	11	8	10	1	0.0909
Computers & Fluids	8	8	6	1	0.125
Computers &amp; Industrial Engineering	12	8	10	1	0.0833
Computers &amp; Structures	10	8	8	2	0.2
Construction and Building Materials	21	8	18	0	0
Current Issues in Molecular Biology	10	8	9	0	0
Current Protocols	18	8	13	0	0
Current Zoology	30	8	23	0	0
EMBO Molecular Medicine	15	8	9	2	0.133
Ecological Solutions and Evidence	31	8	17	0	0
Electrochimica Acta	25	8	19	1	0.04
Encyclopedia of Astrophysics	8	8	6	0	0
Endangered Species Research	20	8	14	0	0
Energy Informatics	19	8	9	0	0
Energy Strategy Reviews	24	8	19	2	0.0833
Environmental Research Communications	18	8	14	1	0.0556
Environmental and Sustainability Indicators	9	8	7	0	0
Ethology	33	8	25	0	0
European Journal of Applied Physiology	18	8	10	0	0
European Journal of Social Psychology	15	8	10	0	0
Food Research International	12	8	12	0	0
Freshwater Biology	49	8	30	1	0.0204
Frontiers in Cellular Neuroscience	11	8	9	0	0
Frontiers in Communication	19	8	13	0	0
Frontiers in Computational Neuroscience	15	8	10	0	0
Frontiers in Environmental Science	23	8	16	0	0
Geothermics	16	8	11	2	0.125
Gigabyte	10	8	10	1	0.1
Global Environmental Change	17	8	10	1	0.0588
Heredity	17	8	13	0	0
ICASSP 2022 - 2022 IEEE International Conference on Acoustics, Speech and Signal Processing (ICASSP)	52	8	25	0	0
ICASSP 2025 - 2025 IEEE International Conference on Acoustics, Speech and Signal Processing (ICASSP)	22	8	21	0	0
IEEE Sensors Letters	9	8	9	0	0
IEEE Signal Processing Letters	16	8	10	0	0
IEEE Transactions on Computer-Aided Design of Integrated Circuits and Systems	12	8	10	0	0
Immunity	41	8	29	0	0
Infancy	19	8	11	0	0
Information and Software Technology	14	8	10	2	0.143
Integrating Materials and Manufacturing Innovation	12	8	9	0	0
International Journal for Numerical Methods in Fluids	13	8	7	4	0.308
International Journal of Artificial Intelligence in Education	13	8	7	0	0
International Journal of Biological Macromolecules	14	8	12	0	0
International Journal of Eating Disorders	19	8	15	0	0
International Journal of Human-Computer Studies	14	8	9	0	0
International Journal of Mechanical Sciences	10	8	8	1	0.1
International Journal of Multiphase Flow	13	8	9	0	0
International Journal of Rock Mechanics and Mining Sciences	16	8	10	1	0.0625
International Journal of Sports Science &amp; Coaching	15	8	13	0	0
JACS Au	11	8	9	0	0
Journal of Advanced Research	14	8	8	0	0
Journal of Alzheimer’s Disease	10	8	9	0	0
Journal of Anatomy	15	8	10	2	0.133
Journal of Building Performance Simulation	17	8	11	0	0
Journal of Child Psychology and Psychiatry	16	8	10	0	0
Journal of Experimental Child Psychology	14	8	10	0	0
Journal of Health Psychology	17	8	8	0	0
Journal of Intelligence	23	8	13	0	0
Journal of Intelligent &amp; Fuzzy Systems	9	8	8	0	0
Journal of Intelligent Manufacturing	18	8	12	0	0
Journal of Materials Science	11	8	8	0	0
Journal of Open Source Education	20	8	13	5	0.25
Journal of Personality	17	8	12	0	0
Journal of Physics A: Mathematical and Theoretical	15	8	10	2	0.133
Journal of Physics D: Applied Physics	14	8	10	0	0
Journal of Physics: Complexity	10	8	9	1	0.1
Journal of Statistics and Data Science Education	37	8	23	0	0
Journal of Transport Geography	23	8	14	0	0
Journal of Volcanology and Geothermal Research	14	8	9	0	0
Journal of the American Heart Association	16	8	12	0	0
Journal of the Royal Statistical Society Series B: Statistical Methodology	8	8	7	0	0
Language Resources and Evaluation	12	8	7	0	0
Mathematical and Computational Applications	13	8	6	0	0
Media and Communication	14	8	9	0	0
Medicina	12	8	9	0	0
Minerals	18	8	11	0	0
Nano Letters	10	8	9	0	0
Nature Biomedical Engineering	20	8	13	4	0.2
Nature Catalysis	9	8	9	0	0
Nature Cell Biology	35	8	21	2	0.0571
NeoBiota	28	8	21	0	0
Neurobiology of Disease	14	8	12	0	0
Neurobiology of Learning and Memory	16	8	9	0	0
Neurology	18	8	15	1	0.0556
New Astronomy	10	8	8	0	0
Nuclear Instruments and Methods in Physics Research Section A: Accelerators, Spectrometers, Detectors and Associated Equipment	10	8	9	1	0.1
Open Mind	19	8	12	0	0
Optimization Methods and Software	9	8	6	0	0
Pattern Recognition	34	8	26	0	0
Pattern Recognition Letters	15	8	10	2	0.133
Personality and Individual Differences	20	8	15	0	0
Physica Medica	16	8	13	0	0
Plant, Cell &amp; Environment	15	8	11	0	0
Proceedings of the ACM on Programming Languages	14	8	11	0	0
Proceedings of the International Conference for High Performance Computing, Networking, Storage and Analysis	17	8	11	1	0.0588
Progress in Photovoltaics: Research and Applications	39	8	26	0	0
Protein Science	33	8	25	1	0.0303
Psychology in the Schools	11	8	8	0	0
Quaternary Science Reviews	21	8	16	0	0
Radiotherapy and Oncology	14	8	12	0	0
SN Applied Sciences	13	8	8	4	0.308
SciPost Physics Codebases	13	8	9	0	0
Scripta Materialia	16	8	11	0	0
Smart Cities	12	8	8	0	0
Social Media + Society	16	8	13	0	0
Soil Biology and Biochemistry	34	8	26	0	0
Suicide and Life-Threatening Behavior	13	8	11	0	0
Sustainable Energy, Grids and Networks	11	8	9	0	0
The American Statistician	14	8	9	0	0
The International Journal of Life Cycle Assessment	46	8	32	2	0.0435
Toxics	11	8	8	0	0
Urban Ecosystems	31	8	25	0	0
Wildlife Biology	21	8	20	0	0
npj Ocean Sustainability	8	8	5	0	0
npj Science of Learning	11	8	9	1	0.0909
npj Vaccines	12	8	11	0	0
2024 IEEE International Parallel and Distributed Processing Symposium Workshops (IPDPSW)	8	7	7	0	0
ACM Transactions on Embedded Computing Systems	11	7	9	1	0.0909
ACM Transactions on Interactive Intelligent Systems	10	7	6	0	0
ACS Applied Materials & Interfaces	8	7	8	1	0.125
AI &amp; SOCIETY	8	7	4	0	0
AIAA AVIATION 2022 Forum	20	7	10	0	0
AIChE Journal	10	7	7	2	0.2
Acta Biomaterialia	13	7	11	0	0
Acta Neuropathologica Communications	34	7	23	0	0
Acta Tropica	14	7	11	0	0
Adaptive Human Behavior and Physiology	10	7	5	0	0
Addiction	18	7	12	0	0
Advanced Intelligent Systems	10	7	8	0	0
Agroforestry Systems	12	7	12	0	0
Agronomy Journal	34	7	26	0	0
Alcohol, Clinical and Experimental Research	9	7	8	0	0
Alzheimer's &amp; Dementia: Diagnosis, Assessment &amp; Disease Monitoring	10	7	9	0	0
American Journal of Epidemiology	12	7	10	0	0
Annals of Clinical and Translational Neurology	16	7	11	0	0
Apidologie	12	7	9	0	0
Applied Mathematical Modelling	15	7	12	0	0
Applied Mathematics and Nonlinear Sciences	7	7	6	0	0
Applied Vegetation Science	22	7	18	0	0
Aquaculture Reports	12	7	10	0	0
BIO Web of Conferences	11	7	7	0	0
BMC Medical Imaging	11	7	8	0	0
BMC Veterinary Research	11	7	10	0	0
Behaviour &amp; Information Technology	12	7	9	0	0
Biogeochemistry	23	7	14	0	0
Biologia	14	7	9	0	0
Biological Control	11	7	9	0	0
Biotropica	27	7	21	1	0.037
Brain and Behavior	10	7	8	0	0
Brain and Cognition	9	7	8	0	0
British Journal of Educational Psychology	13	7	7	0	0
British Journal of Psychology	15	7	10	0	0
British Journal of Social Psychology	22	7	12	0	0
Bulletin of the Seismological Society of America	11	7	9	0	0
CBE—Life Sciences Education	15	7	9	0	0
Cartography and Geographic Information Science	9	7	6	0	0
Catalysis Science &amp; Technology	7	7	6	1	0.143
Cell Host & Microbe	8	7	7	0	0
Chaos, Solitons &amp; Fractals	15	7	12	0	0
ChemPhysChem	9	7	7	2	0.222
Child Abuse &amp; Neglect	11	7	8	0	0
Climate of the Past	16	7	9	0	0
Clinical Cancer Research	17	7	10	0	0
Clinical Epigenetics	12	7	5	0	0
Coastal Engineering	7	7	7	0	0
Cognitive Computation	19	7	11	0	0
Communication Methods and Measures	28	7	18	2	0.0714
Communications Materials	10	7	8	0	0
Computer Networks	11	7	9	0	0
Computer Speech &amp; Language	9	7	7	0	0
Computerized Medical Imaging and Graphics	8	7	7	1	0.125
Computers & Chemical Engineering	9	7	9	0	0
Computers & Geosciences	8	7	8	1	0.125
Computers and Geotechnics	13	7	10	0	0
Computers in Human Behavior Reports	12	7	9	0	0
Computing and Software for Big Science	12	7	7	0	0
Conservation Physiology	29	7	21	0	0
Corpus Linguistics and Linguistic Theory	10	7	7	0	0
Crop Protection	11	7	11	0	0
Crystal Growth &amp; Design	9	7	8	0	0
Data	21	7	16	0	0
Database	12	7	9	0	0
Decision Analytics Journal	7	7	4	0	0
Deep Sea Research Part I: Oceanographic Research Papers	10	7	9	0	0
Development	50	7	34	0	0
Development and Psychopathology	20	7	10	0	0
Developmental Biology	15	7	12	0	0
Developmental Cell	26	7	20	1	0.0385
Digital Scholarship in the Humanities	14	7	10	1	0.0714
Discover Applied Sciences	7	7	7	0	0
Discover Sustainability	8	7	8	0	0
Drug and Alcohol Dependence	12	7	8	0	0
ESAIM: Mathematical Modelling and Numerical Analysis	11	7	7	3	0.273
Ecosystem Services	10	7	7	0	0
Ecosystems	22	7	16	0	0
Ecotoxicology and Environmental Safety	22	7	16	0	0
Educational and Psychological Measurement	13	7	9	1	0.0769
Emerging Infectious Diseases	29	7	23	0	0
Entomologia Experimentalis et Applicata	26	7	18	0	0
Environmental Biology of Fishes	20	7	15	0	0
Environmental Microbiology Reports	22	7	20	0	0
Environmental Research: Climate	8	7	8	0	0
Environments	11	7	11	0	0
Epidemics	11	7	9	0	0
European Journal of Mechanics - A/Solids	9	7	6	0	0
European Journal of Neurology	10	7	7	2	0.2
European Journal of Personality	25	7	15	0	0
European Journal of Psychotraumatology	10	7	9	0	0
European Journal of Public Health	8	7	7	0	0
Evolution Letters	24	7	17	0	0
Finance Research Letters	11	7	8	0	0
Finite Elements in Analysis and Design	8	7	7	0	0
Fire Ecology	14	7	13	0	0
Fisheries Management and Ecology	15	7	11	0	0
Fisheries Research	38	7	27	0	0
Fishes	19	7	18	0	0
Forensic Science International: Genetics	19	7	15	2	0.105
Frontiers in Built Environment	11	7	7	0	0
Frontiers in Political Science	8	7	4	0	0
Frontiers in Signal Processing	14	7	7	0	0
Gastroenterology	12	7	8	0	0
Harmful Algae	18	7	14	0	0
Hormones and Behavior	52	7	35	0	0
IEEE Open Journal of Intelligent Transportation Systems	10	7	7	1	0.1
IEEE Open Journal of Signal Processing	10	7	7	0	0
IEEE Transactions on Affective Computing	12	7	11	0	0
IEEE Transactions on Antennas and Propagation	12	7	9	0	0
IEEE Transactions on Computers	10	7	7	0	0
IEEE Transactions on Evolutionary Computation	12	7	8	0	0
IEEE Transactions on Knowledge and Data Engineering	10	7	8	0	0
IEEE Transactions on Parallel and Distributed Systems	14	7	9	0	0
IEEE Transactions on Plasma Science	9	7	5	0	0
IEEE Transactions on Software Engineering	11	7	8	0	0
IGARSS 2022 - 2022 IEEE International Geoscience and Remote Sensing Symposium	14	7	7	0	0
IMA Journal of Numerical Analysis	11	7	10	1	0.0909
Industrial Crops and Products	9	7	8	0	0
Information, Communication &amp; Society	13	7	11	0	0
Insect Conservation and Diversity	30	7	23	0	0
Integrative Organismal Biology	13	7	7	0	0
Integrative Zoology	22	7	19	0	0
International Journal of Biometeorology	16	7	12	0	0
International Journal of Greenhouse Gas Control	9	7	8	0	0
International Journal of Social Robotics	9	7	6	0	0
Internet Interventions	10	7	7	0	0
JAMIA Open	18	7	13	0	0
JCO Clinical Cancer Informatics	14	7	10	0	0
JMIR Medical Informatics	15	7	8	0	0
JMIR Mental Health	11	7	7	0	0
Japanese Journal of Applied Physics	8	7	7	0	0
Journal of Agricultural and Food Chemistry	19	7	16	0	0
Journal of Agricultural, Biological and Environmental Statistics	10	7	7	0	0
Journal of Alloys and Compounds	14	7	10	0	0
Journal of Applied Microbiology	14	7	11	0	0
Journal of Applied Statistics	14	7	9	1	0.0714
Journal of Archaeological Science: Reports	31	7	23	0	0
Journal of Arid Environments	20	7	15	0	0
Journal of Avian Biology	19	7	17	0	0
Journal of Biological Rhythms	7	7	6	0	0
Journal of Business Research	9	7	7	0	0
Journal of Cross-Cultural Psychology	10	7	7	0	0
Journal of Fish Diseases	16	7	12	0	0
Journal of Geographical Systems	15	7	7	2	0.133
Journal of Hospital Infection	15	7	7	0	0
Journal of Hydroinformatics	15	7	12	0	0
Journal of Imaging Informatics in Medicine	8	7	8	0	0
Journal of Magnetic Resonance Imaging	12	7	9	0	0
Journal of Motor Learning and Development	9	7	4	0	0
Journal of Neurology	16	7	12	0	0
Journal of Neuroscience Research	9	7	5	0	0
Journal of Ornithology	26	7	20	0	0
Journal of Pharmacokinetics and Pharmacodynamics	14	7	8	0	0
Journal of Phonetics	20	7	16	0	0
Journal of Physics: Energy	9	7	7	3	0.333
Journal of Physics: Materials	7	7	5	0	0
Journal of Plasma Physics	41	7	34	11	0.268
Journal of Research in Personality	16	7	12	0	0
Journal of Synchrotron Radiation	11	7	7	0	0
Journal of Thermal Biology	22	7	18	0	0
Journal of Virology	21	7	16	0	0
Journal of Youth and Adolescence	21	7	13	0	0
Journal of Zoology	21	7	16	0	0
Journal of the American Statistical Association	20	7	15	0	0
Journal of the Brazilian Society of Mechanical Sciences and Engineering	9	7	7	4	0.444
Journal of the Mechanical Behavior of Biomedical Materials	22	7	17	2	0.0909
Journal of the Physical Society of Japan	10	7	7	0	0
Journal of the Royal Statistical Society Series C: Applied Statistics	7	7	7	0	0
Judgment and Decision Making	13	7	10	0	0
Langmuir	13	7	9	2	0.154
Language and Speech	11	7	10	0	0
Lecture Notes in Computer Science,Computer Vision – ECCV 2024	22	7	22	0	0
Life Science Alliance	32	7	25	0	0
Linguistics Vanguard	15	7	11	0	0
Living Reviews in Relativity	9	7	5	1	0.111
Machine Learning and Knowledge Discovery in Databases,Lecture Notes in Computer Science	24	7	15	1	0.0417
Machines	13	7	10	0	0
Magnetic Resonance Materials in Physics, Biology and Medicine	12	7	9	1	0.0833
Materials Characterization	8	7	6	1	0.125
Mathematical Biosciences and Engineering	10	7	8	0	0
Mechanics Research Communications	11	7	7	4	0.364
Medical &amp; Biological Engineering &amp; Computing	11	7	11	0	0
Metabolomics	19	7	14	0	0
Microbial Cell Factories	12	7	11	0	0
Microbiology	11	7	9	0	0
Military Medicine	14	7	10	0	0
Modeling Earth Systems and Environment	10	7	9	0	0
Molecular Biology of the Cell	13	7	11	0	0
Molecular Pharmaceutics	18	7	14	0	0
Music &amp; Science	10	7	7	0	0
Natural Resources Research	12	7	8	0	0
Nature Aging	21	7	12	0	0
Nature Plants	20	7	14	0	0
Nature Reviews Chemistry	9	7	4	1	0.111
Neurobiology of Language	9	7	9	0	0
Neurosurgery	15	7	12	0	0
Optics Letters	24	7	15	2	0.0833
Photonics	10	7	8	0	0
Physical Review Physics Education Research	12	7	9	0	0
Physics Letters B	12	7	9	0	0
Physics of the Dark Universe	14	7	11	0	0
Plant Pathology	14	7	10	0	0
Plant Physiology	19	7	16	2	0.105
Powder Technology	12	7	9	0	0
Proteins: Structure, Function, and Bioinformatics	14	7	10	0	0
Psychotherapy Research	15	7	12	0	0
Regional Environmental Change	25	7	15	2	0.08
Risk Analysis	12	7	8	0	0
Robotics and Autonomous Systems	10	7	9	1	0.1
SAGE Open	8	7	6	0	0
SC24-W: Workshops of the International Conference for High Performance Computing, Networking, Storage and Analysis	10	7	10	0	0
SLEEP	9	7	8	0	0
Science Robotics	10	7	7	0	0
Sleep	16	7	8	2	0.125
Sleep Medicine	12	7	8	0	0
Social Sciences	10	7	8	0	0
Soft Computing	12	7	7	0	0
Solar RRL	20	7	16	0	0
Solid Earth	12	7	9	2	0.167
Space Weather	15	7	11	0	0
Sports Medicine	20	7	14	1	0.05
Statistical Science	11	7	5	0	0
Stroke	9	7	7	0	0
Structure	13	7	10	0	0
Studies in Second Language Acquisition	14	7	11	0	0
Talanta	8	7	8	0	0
The American Journal of Clinical Nutrition	15	7	11	0	0
The American Journal of Human Genetics	22	7	19	0	0
The Journal of Pathology	12	7	10	0	0
The Quantitative Methods for Psychology	14	7	10	0	0
Travel Behaviour and Society	11	7	8	0	0
Trees, Forests and People	15	7	13	0	0
Veterinary Record	24	7	13	0	0
Virtual Reality	10	7	7	0	0
Waste Management	19	7	14	2	0.105
World Neurosurgery	20	7	14	0	0
Zoological Journal of the Linnean Society	14	7	11	0	0
npj Breast Cancer	10	7	7	0	0
npj Quantum Information	17	7	9	0	0
2021 International Joint Conference on Neural Networks (IJCNN)	12	6	6	0	0
2022 21st IEEE International Conference on Machine Learning and Applications (ICMLA)	7	6	7	0	0
2023 IEEE International Conference on Robotics and Automation (ICRA)	11	6	11	0	0
2023 IEEE/CVF Conference on Computer Vision and Pattern Recognition Workshops (CVPRW)	8	6	8	0	0
2023 IEEE/CVF International Conference on Computer Vision Workshops (ICCVW)	8	6	8	0	0
2023 International Joint Conference on Neural Networks (IJCNN)	6	6	6	0	0
2024 20th International Conference on the European Energy Market (EEM)	9	6	6	2	0.222
2024 IEEE 52nd Photovoltaic Specialist Conference (PVSC)	25	6	23	0	0
2024 IEEE 63rd Conference on Decision and Control (CDC)	6	6	5	0	0
2024 IEEE Aerospace Conference	6	6	6	0	0
2024 IEEE/CVF Conference on Computer Vision and Pattern Recognition Workshops (CVPRW)	9	6	9	0	0
ACS Applied Electronic Materials	13	6	9	0	0
ACS Central Science	15	6	10	1	0.0667
ACS ES&amp;T Engineering	10	6	8	0	0
ACS Sensors	9	6	6	0	0
AIAA AVIATION 2021 FORUM	18	6	9	0	0
AIAA Scitech 2021 Forum	28	6	14	3	0.107
Acta Horticulturae	16	6	12	0	0
Advanced Healthcare Materials	10	6	8	0	0
Advanced Materials Technologies	8	6	6	0	0
Advances in Data Analysis and Classification	8	6	6	0	0
AgriEngineering	9	6	5	0	0
Agronomy for Sustainable Development	17	6	9	0	0
Alexandria Engineering Journal	8	6	6	0	0
American Behavioral Scientist	10	6	4	0	0
American Journal of Speech-Language Pathology	13	6	11	0	0
Analytica Chimica Acta	11	6	10	0	0
Anesthesiology	7	6	7	0	0
Animal Cognition	22	6	15	0	0
Annals of Biomedical Engineering	10	6	8	0	0
Annals of Epidemiology	11	6	5	0	0
Anxiety, Stress, &amp; Coping	7	6	5	0	0
Applied Acoustics	8	6	7	0	0
Applied Cognitive Psychology	14	6	9	4	0.286
Applied Psychology: Health and Well-Being	11	6	8	0	0
Astronomische Nachrichten	10	6	7	0	0
Autism	12	6	8	0	0
BMC Ecology and Evolution	17	6	14	0	0
BMC Medical Genomics	14	6	9	0	0
BMC Pregnancy and Childbirth	8	6	6	0	0
BMC Psychology	18	6	14	0	0
BMJ Global Health	9	6	6	0	0
Biochimica et Biophysica Acta (BBA) - Molecular Basis of Disease	7	6	7	0	0
Bioresource Technology Reports	6	6	6	0	0
Birds	9	6	8	0	0
Brain, Behavior, &amp; Immunity - Health	15	6	7	0	0
British Politics	13	6	3	0	0
Bulletin of Mathematical Biology	12	6	9	2	0.167
CHI Conference on Human Factors in Computing Systems	16	6	8	0	0
Canadian Journal of Zoology	18	6	13	1	0.0556
Cancer Research Communications	12	6	11	0	0
Child Development	12	6	10	0	0
Clinical Microbiology and Infection	13	6	8	1	0.0769
Clinical Neurophysiology	11	6	7	1	0.0909
Clinical Oncology	6	6	4	0	0
Clinical Psychological Science	13	6	8	0	0
Clinical and Translational Science	11	6	7	0	0
Cluster Computing	8	6	6	0	0
Cognitive Development	8	6	6	0	0
Cognitive Psychology	12	6	7	0	0
Communications Chemistry	13	6	12	0	0
Computation	9	6	7	0	0
Computational Biology and Chemistry	11	6	9	0	0
Computational Brain &amp; Behavior	8	6	7	1	0.125
Computer-Aided Design	8	6	6	0	0
Computers &amp; Education	10	6	9	0	0
Computers &amp; Operations Research	6	6	6	0	0
Computers &amp; Security	13	6	11	0	0
Continental Shelf Research	11	6	6	2	0.182
Current Landscape Ecology Reports	10	6	4	0	0
Current Opinion in Structural Biology	9	6	5	1	0.111
Data Science	11	6	5	1	0.0909
Discover Oncology	9	6	9	0	0
Earth System Dynamics	7	6	6	2	0.286
EcoHealth	7	6	6	0	0
Ecohydrology	16	6	10	2	0.125
Electoral Studies	14	6	8	1	0.0714
Electric Power Systems Research	12	6	9	0	0
Encyclopedia of Bioinformatics and Computational Biology	8	6	7	0	0
Energy &amp; Fuels	9	6	9	0	0
Environmental Impact Assessment Review	7	6	6	0	0
Environmental Politics	10	6	6	0	0
Environmental Research: Ecology	14	6	11	0	0
Environmental Research: Energy	10	6	8	0	0
Environmental Research: Infrastructure and Sustainability	8	6	6	1	0.125
Environmental Science &amp; Policy	9	6	7	0	0
Environmental Science: Processes &amp; Impacts	12	6	10	1	0.0833
Environmetrics	7	6	6	0	0
Epidemiology and Infection	8	6	6	0	0
Euphytica	14	6	11	0	0
European Eating Disorders Review	10	6	7	0	0
European Heart Journal	14	6	6	0	0
European Journal of Immunology	24	6	15	1	0.0417
European Journal of Political Research	14	6	8	2	0.143
European Journal of Soil Science	23	6	19	0	0
Evolution and Human Behavior	13	6	9	0	0
Evolutionary Human Sciences	8	6	7	0	0
Experimental Astronomy	12	6	7	2	0.167
Experimental Neurology	9	6	7	0	0
Findings	12	6	7	0	0
Fluids	11	6	6	0	0
Food Chemistry	18	6	16	0	0
Forest Science	10	6	6	0	0
Forestry: An International Journal of Forest Research	12	6	10	0	0
Frontiers in Animal Science	8	6	6	0	0
Frontiers in Neuroimaging	6	6	5	0	0
Frontiers in Nutrition	14	6	11	0	0
Frontiers in Systems Biology	10	6	7	0	0
Functional &amp; Integrative Genomics	8	6	7	0	0
Functional Imaging and Modeling of the Heart,Lecture Notes in Computer Science	10	6	7	4	0.4
Future Internet	12	6	9	1	0.0833
Genetic Resources and Crop Evolution	12	6	11	0	0
Genetics Selection Evolution	28	6	17	0	0
Geology	13	6	7	1	0.0769
Global Biogeochemical Cycles	12	6	10	1	0.0833
Group Processes &amp; Intergroup Relations	11	6	7	0	0
Harvard Kennedy School Misinformation Review	10	6	5	0	0
Health Communication	8	6	6	0	0
Hepatology	8	6	5	0	0
Highlights in Science, Engineering and Technology	10	6	10	0	0
Histochemistry and Cell Biology	8	6	5	0	0
Horticulturae	13	6	9	0	0
IEEE Transactions on Information Forensics and Security	16	6	11	0	0
IEEE Transactions on Smart Grid	9	6	6	0	0
Ibis	32	6	25	0	0
Industrial & Engineering Chemistry Research	7	6	6	1	0.143
Infection and Immunity	15	6	9	0	0
Information Systems	12	6	10	0	0
Insect Science	15	6	11	0	0
International Journal of Antimicrobial Agents	7	6	4	0	0
International Journal of Approximate Reasoning	8	6	6	0	0
International Journal of Intercultural Relations	16	6	9	0	0
International Journal of Plasticity	10	6	8	0	0
International Journal of Primatology	22	6	16	0	0
International Journal of STEM Education	7	6	6	0	0
International Review of Financial Analysis	6	6	4	0	0
JCI Insight	28	6	21	0	0
JMIR Research Protocols	10	6	9	0	0
Journal of Adolescent Health	7	6	6	0	0
Journal of Agriculture and Food Research	7	6	6	0	0
Journal of Allergy and Clinical Immunology	20	6	13	0	0
Journal of Alzheimer's Disease	12	6	8	0	0
Journal of Ambient Intelligence and Humanized Computing	12	6	7	2	0.167
Journal of Applied Physiology	9	6	8	0	0
Journal of Archaeological Science	13	6	11	0	0
Journal of Autism and Developmental Disorders	27	6	19	0	0
Journal of Behavioral Decision Making	6	6	6	0	0
Journal of Biological Chemistry	19	6	15	0	0
Journal of Cancer Research and Clinical Oncology	11	6	10	0	0
Journal of Cell Science	11	6	8	0	0
Journal of Cerebral Blood Flow &amp; Metabolism	8	6	8	0	0
Journal of Chemometrics	11	6	9	3	0.273
Journal of Communication Disorders	10	6	8	0	0
Journal of Computer Assisted Learning	8	6	7	0	0
Journal of Computer-Aided Molecular Design	16	6	10	2	0.125
Journal of Construction Engineering and Management	8	6	7	0	0
Journal of Earth System Science	7	6	6	0	0
Journal of Eating Disorders	11	6	10	0	0
Journal of Geovisualization and Spatial Analysis	8	6	6	0	0
Journal of Glaciology	8	6	6	0	0
Journal of Interpersonal Violence	15	6	10	0	0
Journal of Manufacturing Systems	9	6	6	0	0
Journal of Mathematical Biology	15	6	10	0	0
Journal of Medical Systems	9	6	6	0	0
Journal of Molecular Liquids	11	6	7	0	0
Journal of Mountain Science	9	6	5	0	0
Journal of Neuroinflammation	10	6	8	0	0
Journal of Orthopaedic Research	10	6	7	0	0
Journal of Parallel and Distributed Computing	7	6	6	1	0.143
Journal of Pest Science	14	6	11	0	0
Journal of Petroleum Science and Engineering	20	6	10	0	0
Journal of Rock Mechanics and Geotechnical Engineering	7	6	6	0	0
Journal of Science and Medicine in Sport	12	6	10	0	0
Journal of Statistical Computation and Simulation	11	6	6	0	0
Journal of Statistical Mechanics: Theory and Experiment	11	6	5	0	0
Journal of Tropical Ecology	15	6	10	0	0
Journal of Urban Ecology	10	6	6	0	0
Journal of Water Process Engineering	9	6	8	0	0
Journal of Wildlife Diseases	7	6	6	0	0
Journal of the American Society of Nephrology	13	6	7	0	0
Journal of the Science of Food and Agriculture	8	6	7	0	0
Journalism	9	6	7	0	0
Land Use Policy	11	6	7	0	0
Language Learning	9	6	8	0	0
Language, Cognition and Neuroscience	16	6	12	0	0
Learning Analytics Methods and Tutorials	14	6	12	0	0
Learning and Individual Differences	16	6	14	0	0
Lecture Notes in Computer Science,Computational Science – ICCS 2025 Workshops	6	6	6	0	0
Lecture Notes in Computer Science,Computer Vision – ECCV 2024 Workshops	15	6	14	0	0
Lecture Notes in Computer Science,Machine Learning and Knowledge Discovery in Databases. Research Track	10	6	9	0	0
Lecture Notes in Computer Science,Medical Image Computing and Computer Assisted Intervention – MICCAI 2024	7	6	7	0	0
Limnology and Oceanography Letters	16	6	12	2	0.125
MRS Communications	8	6	6	1	0.125
Mammalian Biology	18	6	11	0	0
Marine and Coastal Fisheries	11	6	8	0	0
Marine and Petroleum Geology	14	6	10	0	0
Matter	10	6	8	1	0.1
Med	15	6	10	0	0
Medicine &amp; Science in Sports &amp; Exercise	9	6	9	0	0
Meteorological Applications	8	6	6	0	0
Modern Pathology	15	6	10	0	0
Molecular &amp; Cellular Proteomics	19	6	18	0	0
Molecular Biology Reports	14	6	9	0	0
Molecular Physics	11	6	6	2	0.182
Molecular Plant	7	6	4	0	0
Motivation and Emotion	6	6	6	0	0
Multiple Sclerosis and Related Disorders	18	6	12	0	0
Nanoscale Advances	12	6	8	0	0
Nature Energy	7	6	5	1	0.143
Nature Immunology	44	6	32	0	0
Nature Mental Health	8	6	7	0	0
Nature Protocols	35	6	20	0	0
Nature Reviews Physics	8	6	5	0	0
Nature Water	6	6	6	1	0.167
Neural Computation	10	6	9	1	0.1
Neuroscience &amp; Biobehavioral Reviews	14	6	11	0	0
Nonlinear Processes in Geophysics	6	6	5	0	0
North American Journal of Fisheries Management	23	6	17	0	0
Nuclear Science and Engineering	12	6	10	0	0
Nuclear Technology	11	6	8	3	0.273
Optimization and Engineering	9	6	6	0	0
Ore Geology Reviews	12	6	8	0	0
Ornithology	17	6	13	0	0
PLANTS, PEOPLE, PLANET	18	6	17	0	0
PRX Life	6	6	5	0	0
Parallel Computing	14	6	8	4	0.286
Pediatric Research	13	6	10	0	0
Physics and Imaging in Radiation Oncology	9	6	8	0	0
Physiologia Plantarum	15	6	13	0	0
Phytobiomes Journal	18	6	14	0	0
Plant Biotechnology Journal	13	6	11	0	0
Plant Phenomics	10	6	9	2	0.2
Political Analysis	12	6	8	0	0
Political Research Exchange	15	6	7	1	0.0667
Postharvest Biology and Technology	12	6	9	0	0
Poultry Science	21	6	20	0	0
Proceedings of the 30th ACM SIGKDD Conference on Knowledge Discovery and Data Mining	9	6	8	1	0.111
Proceedings of the 31st ACM SIGKDD Conference on Knowledge Discovery and Data Mining V.2	6	6	6	0	0
Proceedings of the Human Factors and Ergonomics Society Annual Meeting	21	6	14	0	0
Psychology of Sport and Exercise	13	6	12	0	0
Quaternary International	15	6	11	0	0
Reaction Chemistry &amp; Engineering	10	6	3	0	0
Reading and Writing	9	6	8	0	0
Religions	8	6	7	0	0
River Research and Applications	13	6	11	2	0.154
SHS Web of Conferences	9	6	7	0	0
SIAM Journal on Applied Dynamical Systems	7	6	6	0	0
SIAM Journal on Numerical Analysis	7	6	5	0	0
SIAM/ASA Journal on Uncertainty Quantification	11	6	8	0	0
Schizophrenia Bulletin	10	6	8	0	0
Science China Physics, Mechanics &amp; Astronomy	9	6	8	0	0
Scientia Horticulturae	11	6	8	0	0
Small Methods	6	6	6	1	0.167
Social Networks	10	6	7	1	0.1
Social Psychological and Personality Science	8	6	8	0	0
Social Psychology of Education	7	6	7	0	0
Solar Energy Materials and Solar Cells	8	6	6	0	0
Space Science Reviews	7	6	5	2	0.286
Speech Communication	9	6	8	0	0
Sustainable Energy Technologies and Assessments	11	6	9	0	0
Technologies	8	6	8	0	0
Technometrics	8	6	6	0	0
The 15th ACM International Conference on Future and Sustainable Energy Systems	6	6	3	0	0
The Aeronautical Journal	9	6	5	2	0.222
The Anatomical Record	10	6	7	0	0
The European Physical Journal B	10	6	7	0	0
The International Journal of Press/Politics	11	6	7	0	0
The Journal of Molecular Diagnostics	10	6	8	0	0
The Plant Genome	26	6	19	0	0
Transactions of the American Fisheries Society	13	6	10	0	0
Transport in Porous Media	32	6	23	1	0.0312
Transportation	7	6	6	0	0
Trends in Hearing	9	6	7	0	0
Trials	11	6	7	0	0
Veterinary Sciences	13	6	11	0	0
Virus Research	16	6	14	0	0
Vision Research	11	6	7	0	0
WIREs Computational Statistics	7	6	6	0	0
Zeitschrift für Erziehungswissenschaft	10	6	7	0	0
Zeitschrift für Medizinische Physik	7	6	5	0	0
ZooKeys	11	6	9	0	0
animal	12	6	12	0	0
in silico Plants	7	6	6	1	0.143
npj Climate and Atmospheric Science	9	6	8	0	0
npj Urban Sustainability	6	6	5	0	0
2020 IEEE International Conference on Big Data (Big Data)	14	5	7	0	0
2023 IEEE 26th International Conference on Intelligent Transportation Systems (ITSC)	5	5	5	0	0
2023 IEEE International Conference on Quantum Computing and Engineering (QCE)	6	5	6	0	0
2024 IEEE 40th International Conference on Data Engineering (ICDE)	5	5	5	0	0
2025 21st International Conference on the European Energy Market (EEM)	15	5	10	1	0.0667
2025 IEEE Intelligent Vehicles Symposium (IV)	5	5	5	0	0
2025 International Conference on Artificial Intelligence, Computer, Data Sciences and Applications (ACDSA)	6	5	6	0	0
ACM Transactions on Computer-Human Interaction	6	5	4	0	0
ACM Transactions on Evolutionary Learning and Optimization	6	5	6	0	0
ACM Transactions on Human-Robot Interaction	9	5	7	2	0.222
ACM Transactions on Knowledge Discovery from Data	23	5	16	0	0
ACS Materials Letters	7	5	5	2	0.286
ACS Sustainable Chemistry &amp; Engineering	22	5	19	3	0.136
AGU Advances	7	5	6	0	0
APL Machine Learning	10	5	10	0	0
APL Materials	6	5	5	2	0.333
Accident Analysis & Prevention	6	5	5	0	0
Accounts of Chemical Research	8	5	4	0	0
Acta Crystallographica Section D Structural Biology	16	5	12	2	0.125
Acta Mechanica	7	5	6	0	0
Advanced Materials Interfaces	10	5	5	3	0.3
Advanced Optical Materials	7	5	5	0	0
Advances in Computational Intelligence,Lecture Notes in Computer Science	14	5	7	0	0
African Journal of Ecology	7	5	5	0	0
Aging Cell	8	5	7	0	0
Aging, Neuropsychology, and Cognition	9	5	4	2	0.222
Agricultural and Forest Entomology	15	5	13	0	0
Air Quality, Atmosphere &amp; Health	5	5	5	0	0
Algal Research	9	5	7	0	0
Alpine Botany	10	5	7	0	0
Alzheimer's Research &amp; Therapy	7	5	7	0	0
American Journal of Ophthalmology	7	5	5	0	0
American Journal of Physiology-Heart and Circulatory Physiology	7	5	5	0	0
American Journal of Primatology	14	5	12	0	0
Anais da Academia Brasileira de Ciências	12	5	8	0	0
Anais do XXI Encontro Nacional de Inteligência Artificial e Computacional (ENIAC 2024)	6	5	6	0	0
Anesthesia &amp; Analgesia	9	5	7	1	0.111
Annals of Surgical Oncology	8	5	7	0	0
Antioxidants	11	5	9	0	0
Aphasiology	9	5	7	0	0
Applications in Plant Sciences	15	5	10	0	0
Applied Animal Behaviour Science	37	5	32	0	0
Applied Mathematics Letters	5	5	5	0	0
Applied Microbiology and Biotechnology	6	5	5	0	0
Applied Neuropsychology: Adult	8	5	6	0	0
Applied Numerical Mathematics	5	5	4	0	0
Applied Optics	6	5	5	0	0
Aquatic Toxicology	13	5	12	0	0
Archives of Public Health	11	5	7	0	0
Archives of Sexual Behavior	12	5	9	0	0
Arthropod-Plant Interactions	8	5	7	0	0
Artificial Intelligence	8	5	6	0	0
Artificial Intelligence in Geosciences	8	5	7	0	0
Astrophysical Bulletin	5	5	4	0	0
Astrophysics and Space Science	7	5	7	0	0
BMC Geriatrics	7	5	7	0	0
BMC Musculoskeletal Disorders	14	5	9	0	0
BMC Nursing	6	5	5	0	0
BMC Oral Health	7	5	6	0	0
Basic and Applied Ecology	27	5	18	0	0
Batteries &amp; Supercaps	9	5	8	0	0
BioTech	7	5	5	0	0
Biochemistry	9	5	7	0	0
Bioinspiration &amp; Biomimetics	6	5	5	1	0.167
Biology Methods and Protocols	9	5	7	0	0
Biosensors	10	5	8	0	0
Biosystems Engineering	8	5	5	0	0
Blood Advances	10	5	7	0	0
Botanical Journal of the Linnean Society	10	5	7	0	0
Brain and Language	7	5	6	0	0
Briefings in Functional Genomics	7	5	6	0	0
British Journal of Mathematical and Statistical Psychology	8	5	6	1	0.125
British Journal of Political Science	8	5	3	2	0.25
Building Simulation	9	5	6	0	0
Bundesgesundheitsblatt - Gesundheitsforschung - Gesundheitsschutz	6	5	4	0	0
CPT: Pharmacometrics & Systems Pharmacology	7	5	7	0	0
Canadian Journal of Forest Research	9	5	8	0	0
Cancer Discovery	14	5	8	1	0.0714
Case Studies in Chemical and Environmental Engineering	5	5	3	0	0
Catalysts	10	5	7	0	0
Cell Metabolism	10	5	6	0	0
Cell Reports Physical Science	7	5	6	0	0
Ceramics International	6	5	5	0	0
Chemical Engineering Research and Design	7	5	5	2	0.286
Chemical Research in Toxicology	12	5	8	0	0
Chemical Senses	7	5	5	0	0
Chemical Society Reviews	5	5	4	1	0.2
Children	13	5	9	0	0
Children and Youth Services Review	11	5	6	0	0
Citizen Science: Theory and Practice	6	5	6	0	0
Climate	6	5	6	0	0
Climate Dynamics	10	5	7	0	0
Clinical Chemistry	9	5	6	0	0
Clinical Chemistry and Laboratory Medicine (CCLM)	11	5	9	0	0
Clinical Epidemiology	9	5	6	2	0.222
Clinical Orthopaedics &amp; Related Research	6	5	5	0	0
Clinical Pharmacology &amp; Therapeutics	9	5	9	0	0
Clinical and Experimental Immunology	5	5	4	0	0
Cognitive Systems Research	6	5	4	0	0
Communication &amp; Sport	5	5	4	0	0
Communications in Statistics - Theory and Methods	5	5	5	0	0
Composites Part A: Applied Science and Manufacturing	5	5	5	0	0
Comprehensive Psychiatry	5	5	5	0	0
Computational Intelligence and Neuroscience	11	5	6	0	0
Computational Linguistics	11	5	6	0	0
Computational Optimization and Applications	10	5	8	0	0
Computational and Applied Mathematics	7	5	6	0	0
Computers, Materials &amp; Continua	8	5	8	0	0
Conservation Genetics	11	5	9	0	0
Convergence: The International Journal of Research into New Media Technologies	10	5	5	0	0
Creativity Research Journal	5	5	4	0	0
Current Microbiology	6	5	6	0	0
Cytometry Part A	25	5	16	0	0
Data-Centric Engineering	5	5	4	0	0
Decision Support Systems	8	5	5	0	0
Dendrochronologia	11	5	7	0	0
Dental Materials	6	5	4	0	0
Diabetologia	7	5	6	0	0
Digital Journalism	14	5	6	2	0.143
Disease Models &amp; Mechanisms	5	5	4	0	0
Diseases of Aquatic Organisms	6	5	6	0	0
EFSA Supporting Publications	10	5	7	0	0
ESC Heart Failure	5	5	5	0	0
Earth, Planets and Space	12	5	7	0	0
Earth-Science Reviews	8	5	6	0	0
Ecologies	6	5	5	0	0
Education and Information Technologies	8	5	7	0	0
Educational technology research and development	5	5	4	0	0
Energy & Environmental Science	5	5	5	0	0
Energy Technology	9	5	7	0	0
Engineering Geology	9	5	6	0	0
Engineering Research Express	5	5	5	0	0
Environment, Development and Sustainability	7	5	5	0	0
Environmental Entomology	14	5	12	0	0
Environmental Epidemiology	5	5	5	0	0
Environmental Management	9	5	7	0	0
Environmental Sciences Europe	8	5	6	1	0.125
Epigenetics &amp; Chromatin	8	5	7	0	0
Ergonomics	8	5	6	0	0
European Archives of Psychiatry and Clinical Neuroscience	13	5	7	0	0
European Child &amp; Adolescent Psychiatry	7	5	7	0	0
European Heart Journal - Digital Health	7	5	6	0	0
European Journal of Epidemiology	8	5	6	0	0
European Journal of Forest Research	23	5	14	0	0
European Journal of Pain	9	5	6	0	0
Evolutionary Ecology	17	5	12	0	0
Experimental Eye Research	7	5	4	0	0
Extreme Mechanics Letters	6	5	4	0	0
Fisheries Oceanography	10	5	5	0	0
Flora	12	5	9	0	0
Food Control	14	5	11	0	0
Forensic Science International	26	5	15	0	0
Foundations of Data Science	8	5	6	0	0
Frontiers in Conservation Science	22	5	15	0	0
Frontiers in Microbiomes	6	5	5	0	0
Frontiers in Network Physiology	5	5	2	0	0
Frontiers in Neuroergonomics	7	5	5	0	0
Frontiers in Pediatrics	13	5	7	0	0
Frontiers in Remote Sensing	10	5	9	0	0
Frontiers in Sociology	9	5	4	0	0
GENETICS	13	5	13	0	0
Gates Open Research	10	5	7	0	0
Genetics	15	5	8	4	0.267
Genomics, Proteomics &amp; Bioinformatics	12	5	10	0	0
Geobiology	9	5	5	0	0
Geocarto International	11	5	7	0	0
Geoscientific Instrumentation, Methods and Data Systems	7	5	4	2	0.286
Geosphere	6	5	5	0	0
Geothermal Energy	7	5	7	1	0.143
Gerontology	6	5	5	0	0
Health Economics	7	5	4	0	0
Health Science Reports	8	5	5	0	0
Hearing Research	9	5	8	0	0
Holzforschung	7	5	7	0	0
Housing Studies	7	5	5	0	0
Human Genetics and Genomics Advances	9	5	7	0	0
Human Molecular Genetics	15	5	11	0	0
Hydrogeology Journal	8	5	5	0	0
Hypertension	8	5	6	0	0
IEEE Control Systems Letters	6	5	5	0	0
IEEE Open Journal of Engineering in Medicine and Biology	6	5	5	0	0
IEEE Transactions on Artificial Intelligence	12	5	11	0	0
IEEE Transactions on Industrial Informatics	8	5	7	0	0
IEEE Transactions on Quantum Engineering	5	5	5	0	0
IEEE Transactions on Signal Processing	8	5	5	0	0
IEEE/ACM Transactions on Computational Biology and Bioinformatics	10	5	9	0	0
Informatics	8	5	6	0	0
Information Visualization	8	5	5	0	0
Inland Waters	9	5	8	0	0
Integrated Environmental Assessment and Management	18	5	11	0	0
Intelligent Data Analysis	6	5	5	0	0
International Gambling Studies	10	5	6	0	0
International Interactions	11	5	5	2	0.182
International Journal of Clinical and Health Psychology	6	5	6	0	0
International Journal of Computer Assisted Radiology and Surgery	17	5	12	0	0
International Journal of Computer Vision	19	5	13	0	0
International Journal of Drug Policy	9	5	7	0	0
International Journal of Fatigue	7	5	6	0	0
International Journal of Food Microbiology	15	5	13	0	0
International Journal of Infectious Diseases	16	5	11	0	0
International Journal of Information Management Data Insights	9	5	5	0	0
International Journal of Information Technology	7	5	5	0	0
International Journal of Mental Health and Addiction	13	5	12	0	0
International Journal of Psychology	5	5	4	0	0
International Journal of Public Health	10	5	8	0	0
International Journal of Radiation Oncology*Biology*Physics	9	5	7	0	0
International Journal of Sports Physiology and Performance	13	5	8	0	0
International Soil and Water Conservation Research	10	5	6	3	0.3
Internet of Things	13	5	11	0	0
JCO Precision Oncology	10	5	8	0	0
JMIR Aging	5	5	5	0	0
JMIR Cancer	7	5	6	0	0
Journal of Adolescence	11	5	7	0	0
Journal of Aerospace Information Systems	6	5	5	0	0
Journal of Aircraft	27	5	22	3	0.111
Journal of Animal Science and Biotechnology	7	5	6	0	0
Journal of Applied Clinical Medical Physics	13	5	11	0	0
Journal of Applied Entomology	20	5	15	0	0
Journal of Archaeological Method and Theory	7	5	6	0	0
Journal of Astronomical Telescopes, Instruments, and Systems	6	5	5	0	0
Journal of Business Economics	8	5	5	0	0
Journal of Business and Psychology	6	5	5	0	0
Journal of Child and Family Studies	6	5	4	0	0
Journal of Clinical Nursing	10	5	4	1	0.1
Journal of Clinical Psychology	8	5	6	0	0
Journal of Computer Sciences Institute	5	5	2	0	0
Journal of Data Science	9	5	8	0	0
Journal of Environmental Quality	14	5	13	0	0
Journal of Experimental &amp; Clinical Cancer Research	9	5	7	0	0
Journal of Exposure Science &amp; Environmental Epidemiology	10	5	8	0	0
Journal of Extracellular Vesicles	6	5	4	0	0
Journal of Food Protection	12	5	10	0	0
Journal of Forestry Research	5	5	5	0	0
Journal of Genetics and Genomics	9	5	7	0	0
Journal of Global Antimicrobial Resistance	6	5	4	0	0
Journal of High Energy Astrophysics	9	5	7	0	0
Journal of Human Genetics	15	5	9	0	0
Journal of Information Science	7	5	5	0	0
Journal of Insect Conservation	26	5	22	0	0
Journal of Insect Physiology	8	5	5	0	0
Journal of Integrative Plant Biology	9	5	7	0	0
Journal of Laboratory Medicine	6	5	5	0	0
Journal of Lightwave Technology	21	5	14	3	0.143
Journal of Multilingual and Multicultural Development	9	5	7	0	0
Journal of Neuroendocrinology	17	5	9	0	0
Journal of Neurotrauma	15	5	10	0	0
Journal of Paleolithic Archaeology	8	5	7	0	0
Journal of Pathology Informatics	10	5	5	0	0
Journal of Pharmaceutical Sciences	8	5	5	0	0
Journal of Plant Diseases and Protection	10	5	9	0	0
Journal of Plastic, Reconstructive &amp; Aesthetic Surgery	7	5	5	1	0.143
Journal of Renewable and Sustainable Energy	32	5	18	0	0
Journal of Risk and Financial Management	7	5	6	0	0
Journal of School Psychology	8	5	7	0	0
Journal of Sensor and Actuator Networks	8	5	5	0	0
Journal of Signal Processing Systems	9	5	5	0	0
Journal of Spacecraft and Rockets	7	5	5	2	0.286
Journal of Strength &amp; Conditioning Research	7	5	6	0	0
Journal of Turbomachinery	14	5	8	0	0
Journal of Voice	6	5	5	0	0
Journal of Water Resources Planning and Management	10	5	9	0	0
Journal of the American Medical Directors Association	12	5	7	0	0
Journal of the American Society for Mass Spectrometry	19	5	14	2	0.105
Journal of the Optical Society of America B	5	5	4	0	0
Journalism Studies	7	5	4	0	0
Lecture Notes in Computer Science,High Performance Computing	9	5	5	2	0.222
Lecture Notes in Computer Science,Machine Learning and Knowledge Extraction	11	5	6	0	0
Lecture Notes in Computer Science,Medical Image Computing and Computer Assisted Intervention – MICCAI 2025	7	5	7	0	0
Linguistics	7	5	7	0	0
Livestock Science	15	5	10	0	0
Magnetic Resonance Imaging	12	5	9	0	0
Marine Biology	28	5	20	0	0
Marine Drugs	12	5	7	0	0
Marine Mammal Science	17	5	13	2	0.118
Marine Policy	16	5	14	0	0
Marine and Freshwater Research	14	5	12	0	0
Materialia	6	5	5	2	0.333
Materials Today: Proceedings	10	5	5	0	0
Mathematics and Computers in Simulation	7	5	6	0	0
Mechanics of Materials	6	5	4	0	0
Microchemical Journal	5	5	5	0	0
Mobile DNA	10	5	5	0	0
Molecular Medicine	8	5	5	0	0
Movement Disorders	8	5	5	3	0.375
Multimodal Technologies and Interaction	8	5	5	0	0
NPP—Digital Psychiatry and Neuroscience	5	5	4	0	0
National Science Review	6	5	5	0	0
Nature Chemical Biology	8	5	8	0	0
Nature Cities	5	5	5	1	0.2
Nature Ecology & Evolution	6	5	6	1	0.167
Nature Food	5	5	5	0	0
Nature Metabolism	11	5	7	0	0
Neuro-Oncology	20	5	13	0	0
Neuroimage: Reports	10	5	5	2	0.2
Numerical Algorithms	5	5	5	0	0
Numerische Mathematik	7	5	5	0	0
OCEANS 2024 - Halifax	5	5	4	0	0
Oncology Letters	6	5	5	0	0
Optics &amp; Laser Technology	5	5	5	0	0
Organisms Diversity &amp; Evolution	9	5	7	0	0
Ornithology Research	5	5	4	0	0
Orthopaedic Journal of Sports Medicine	6	5	4	0	0
PS: Political Science &amp; Politics	7	5	5	2	0.286
Paleobiology	9	5	7	0	0
Pediatrics	12	5	9	0	0
Pharmaceutical Statistics	11	5	9	3	0.273
Physical Review Accelerators and Beams	6	5	5	0	0
Physical Therapy in Sport	5	5	5	0	0
Physical and Engineering Sciences in Medicine	6	5	5	0	0
Physics of the Earth and Planetary Interiors	7	5	6	0	0
PhytoFrontiers™	9	5	7	0	0
Plasma Sources Science and Technology	12	5	7	2	0.167
Poetics	7	5	5	0	0
Policy Sciences	17	5	6	0	0
Political Communication	16	5	13	2	0.125
Potato Research	5	5	5	0	0
Preventive Medicine Reports	12	5	7	0	0
Primates	11	5	8	0	0
Proceedings of the 2024 Symposium on Eye Tracking Research and Applications	5	5	5	0	0
Proceedings of the 31st ACM International Conference on Multimedia	5	5	4	1	0.2
Proceedings of the 33rd ACM International Conference on Information and Knowledge Management	5	5	5	0	0
Proceedings of the ACM on Management of Data	5	5	5	0	0
Proceedings of the ACM on Software Engineering	8	5	7	0	0
Proceedings of the Association for Information Science and Technology	8	5	5	0	0
Proceedings of the Python in Science Conference,Proceedings of the 23rd Python in Science Conference	6	5	6	1	0.167
Process Safety and Environmental Protection	7	5	6	0	0
Progress in Energy	7	5	4	0	0
Psychology Research and Behavior Management	6	5	5	0	0
Psychometrika	11	5	7	2	0.182
Psychosomatic Medicine	6	5	6	0	0
Public Health	10	5	8	0	0
Public Understanding of Science	6	5	5	0	0
Quality of Life Research	14	5	11	0	0
Quantum Machine Intelligence	7	5	6	0	0
Rapid Prototyping Journal	6	5	5	0	0
Reports on Progress in Physics	5	5	4	0	0
Research Synthesis Methods	11	5	8	1	0.0909
Research and Practice in Thrombosis and Haemostasis	8	5	6	0	0
Respiratory Research	5	5	5	0	0
Review of Policy Research	7	5	4	0	0
Reviews in Fish Biology and Fisheries	21	5	16	0	0
Reviews of Modern Physics	6	5	4	0	0
SC20: International Conference for High Performance Computing, Networking, Storage and Analysis	10	5	4	0	0
SC24: International Conference for High Performance Computing, Networking, Storage and Analysis	5	5	5	0	0
SIAM Journal on Mathematics of Data Science	8	5	6	0	0
SIAM Journal on Matrix Analysis and Applications	10	5	8	0	0
SLAS Technology	6	5	5	0	0
SN Social Sciences	6	5	4	0	0
Scandinavian Journal of Medicine &amp; Science in Sports	5	5	5	1	0.2
SciPost Physics Core	5	5	3	0	0
Science Immunology	50	5	31	0	0
Science and Medicine in Football	13	5	10	3	0.231
Science and Technology of Advanced Materials: Methods	6	5	4	0	0
Scientific Investigations Report	5	5	4	0	0
Sensors and Actuators A: Physical	8	5	5	1	0.125
Sexual Medicine	8	5	4	0	0
Signals	12	5	6	0	0
Simulation Modelling Practice and Theory	7	5	5	0	0
Smart Health	9	5	6	0	0
Social Cognitive and Affective Neuroscience	8	5	6	0	0
Social Psychiatry and Psychiatric Epidemiology	12	5	6	0	0
Social Science Quarterly	10	5	6	0	0
Societies	6	5	5	0	0
Sociological Methods &amp; Research	5	5	5	1	0.2
Solid State Ionics	7	5	4	0	0
South African Journal of Botany	7	5	6	0	0
Spectrochimica Acta Part A: Molecular and Biomolecular Spectroscopy	14	5	10	0	0
Sports	9	5	7	0	0
Springer Textbooks in Earth Sciences, Geography and Environment,R Applications in Earth Sciences	5	5	4	0	0
Structural Equation Modeling: A Multidisciplinary Journal	7	5	4	0	0
Structure and Infrastructure Engineering	8	5	5	0	0
Surgery	14	5	8	0	0
Sustainable Production and Consumption	22	5	19	2	0.0909
System	6	5	6	0	0
Teaching and Teacher Education	8	5	6	0	0
Tectonophysics	22	5	15	2	0.0909
Telematics and Informatics	6	5	5	0	0
The American Journal of Drug and Alcohol Abuse	5	5	5	0	0
The Analyst	7	5	6	0	0
The Cerebellum	7	5	6	0	0
The Clinical Neuropsychologist	6	5	5	0	0
The International Journal of Biostatistics	7	5	4	0	0
The Internet and Higher Education	7	5	3	0	0
The Journal of Arthroplasty	9	5	8	0	0
The Journal of Nutrition	18	5	10	0	0
The Journal of Pain	11	5	9	0	0
The Lancet Regional Health - Europe	11	5	7	0	0
The Laryngoscope	8	5	6	0	0
The Plant Phenome Journal	13	5	9	0	0
The Visual Computer	10	5	7	0	0
Thinking Skills and Creativity	7	5	5	0	0
Transportation Research Part A: Policy and Practice	8	5	6	0	0
Trees	10	5	8	0	0
Ultramicroscopy	14	5	9	0	0
Veterinary Research Communications	7	5	4	0	0
Virulence	7	5	5	0	0
WIREs Data Mining and Knowledge Discovery	10	5	7	0	0
WIREs Water	6	5	5	0	0
World Englishes	13	5	10	0	0
World Journal of Microbiology and Biotechnology	6	5	6	0	0
World Wide Web	9	5	4	0	0
Zoo Biology	8	5	6	0	0
eClinicalMedicine	7	5	7	0	0
iMeta	8	5	6	0	0
mAbs	6	5	5	0	0
npj Biodiversity	7	5	4	0	0
npj Climate Action	5	5	4	0	0
npj Materials Degradation	6	5	5	2	0.333
npj Natural Hazards	5	5	3	0	0
npj Viruses	10	5	8	0	0
2019 International Conference on Robotics and Automation (ICRA)	14	4	7	0	0
2019 International Joint Conference on Neural Networks (IJCNN)	8	4	4	0	0
2020 International Joint Conference on Neural Networks (IJCNN)	8	4	4	0	0
2021 IEEE International Conference on Bioinformatics and Biomedicine (BIBM)	10	4	5	0	0
2021 IEEE International Conference on Image Processing (ICIP)	8	4	4	0	0
2021 IEEE International Parallel and Distributed Processing Symposium Workshops (IPDPSW)	16	4	8	1	0.0625
2021 IEEE Symposium Series on Computational Intelligence (SSCI)	8	4	4	2	0.25
2021 IEEE/CVF Conference on Computer Vision and Pattern Recognition (CVPR)	8	4	4	0	0
2022 44th Annual International Conference of the IEEE Engineering in Medicine &amp; Biology Society (EMBC)	8	4	4	0	0
2022 Asia-Pacific Signal and Information Processing Association Annual Summit and Conference (APSIPA ASC)	8	4	6	0	0
2022 IEEE 9th International Conference on Data Science and Advanced Analytics (DSAA)	4	4	3	0	0
2022 IEEE International Conference on Image Processing (ICIP)	5	4	5	0	0
2022 International Conference on Robotics and Automation (ICRA)	16	4	8	0	0
2022 Symposium on Eye Tracking Research and Applications	8	4	4	0	0
2023 11th International IEEE/EMBS Conference on Neural Engineering (NER)	4	4	3	0	0
2023 45th Annual International Conference of the IEEE Engineering in Medicine &amp; Biology Society (EMBC)	5	4	5	0	0
2023 ACM Conference on Fairness, Accountability, and Transparency	4	4	4	0	0
2023 American Control Conference (ACC)	5	4	4	0	0
2023 IEEE 32nd International Symposium on Industrial Electronics (ISIE)	4	4	3	0	0
2023 IEEE 50th Photovoltaic Specialists Conference (PVSC)	20	4	19	0	0
2023 IEEE Automatic Speech Recognition and Understanding Workshop (ASRU)	6	4	6	0	0
2023 IEEE International Conference on Acoustics, Speech, and Signal Processing Workshops (ICASSPW)	4	4	3	0	0
2023 IEEE International Conference on Systems, Man, and Cybernetics (SMC)	4	4	4	0	0
2023 IEEE Visualization and Visual Analytics (VIS)	4	4	4	0	0
2023 IEEE/CVF Conference on Computer Vision and Pattern Recognition (CVPR)	6	4	6	0	0
2023 IEEE/CVF International Conference on Computer Vision (ICCV)	13	4	12	0	0
2023 International Conference on Machine Learning and Applications (ICMLA)	4	4	4	0	0
2023 Winter Simulation Conference (WSC)	5	4	4	0	0
2024 ACM/IEEE 51st Annual International Symposium on Computer Architecture (ISCA)	4	4	3	0	0
2024 European Control Conference (ECC)	4	4	4	0	0
2024 IEEE International Conference on Bioinformatics and Biomedicine (BIBM)	4	4	4	0	0
2024 IEEE International Conference on Quantum Computing and Engineering (QCE)	4	4	4	0	0
2024 IEEE PES Innovative Smart Grid Technologies Europe (ISGT EUROPE)	4	4	4	0	0
2024 International Conference on Artificial Intelligence, Computer, Data Sciences and Applications (ACDSA)	4	4	3	0	0
2024 Open Source Modelling and Simulation of Energy Systems (OSMSES)	4	4	3	0	0
2024 Winter Simulation Conference (WSC)	4	4	4	0	0
2025 IEEE 53rd Photovoltaic Specialists Conference (PVSC)	16	4	14	0	0
2025 IEEE International Conference on Environment and Electrical Engineering and 2025 IEEE Industrial and Commercial Power Systems Europe (EEEIC / I&amp;amp;CPS Europe)	4	4	4	0	0
2025 IEEE International Parallel and Distributed Processing Symposium (IPDPS)	4	4	3	0	0
2025 Joint Urban Remote Sensing Event (JURSE)	4	4	2	0	0
27th International Conference on Intelligent User Interfaces	10	4	4	0	0
3 Biotech	6	4	5	0	0
ACM Transactions on Architecture and Code Optimization	8	4	6	0	0
ACM Transactions on Asian and Low-Resource Language Information Processing	4	4	3	0	0
ACM Transactions on Computing for Healthcare	5	4	4	0	0
ACM Transactions on Probabilistic Machine Learning	4	4	2	0	0
ACS Biomaterials Science &amp; Engineering	4	4	4	0	0
ACS Measurement Science Au	7	4	5	0	0
ACS Photonics	6	4	4	0	0
ACS Sustainable Resource Management	4	4	3	0	0
AERA Open	8	4	4	0	0
AI	4	4	4	0	0
AI and Ethics	5	4	3	0	0
AIDS and Behavior	10	4	6	0	0
AIMS Mathematics	4	4	4	0	0
Academic Radiology	6	4	4	0	0
Acta Neuropathologica	22	4	10	0	0
Acta Neuropsychiatrica	5	4	4	0	0
Acta Oecologica	8	4	6	0	0
Addictive Behaviors	8	4	7	0	0
Administration and Policy in Mental Health and Mental Health Services Research	4	4	4	0	0
Advanced Robotics	8	4	5	0	0
Advances in Geosciences	10	4	6	0	0
Advances in Knowledge Discovery and Data Mining,Lecture Notes in Computer Science	9	4	5	0	0
Aging Clinical and Experimental Research	5	4	4	0	0
Alcohol	5	4	4	0	0
Alcoholism: Clinical and Experimental Research	7	4	4	2	0.286
Algorithms for Molecular Biology	5	4	4	0	0
American Journal of Audiology	7	4	5	0	0
American Journal of Clinical Pathology	6	4	4	0	0
American Journal of Political Science	12	4	7	0	0
American Journal of Respiratory and Critical Care Medicine	5	4	5	0	0
Analytical Methods	6	4	4	0	0
Annals of Applied Biology	5	4	4	0	0
Annals of Mathematics and Artificial Intelligence	6	4	4	0	0
Annals of Neurology	5	4	4	0	0
Annals of Surgery	8	4	6	0	0
Annals of the Rheumatic Diseases	9	4	7	0	0
Annual Review of Astronomy and Astrophysics	5	4	4	0	0
Annual Review of Neuroscience	6	4	3	0	0
Antimicrobial Agents and Chemotherapy	9	4	8	0	0
Applied Catalysis B: Environment and Energy	5	4	5	0	0
Applied Computing and Geosciences	6	4	4	0	0
Applied Linguistics	4	4	4	0	0
Applied Physiology, Nutrition, and Metabolism	9	4	6	0	0
Applied Psycholinguistics	14	4	9	0	0
Applied Psychology	5	4	3	0	0
Applied Radiation and Isotopes	6	4	4	0	0
Aquatic Botany	4	4	3	0	0
Archaeological and Anthropological Sciences	7	4	6	0	0
Archives of Environmental Contamination and Toxicology	6	4	5	0	0
Archives of Medical Research	5	4	3	0	0
Archives of Orthopaedic and Trauma Surgery	5	4	5	0	0
Archives of Suicide Research	9	4	5	0	0
Archives of Toxicology	12	4	8	0	0
Arctic Science	9	4	8	0	0
Artificial Intelligence Chemistry	7	4	6	0	0
Artificial Life	5	4	3	0	0
Attention, Perception, & Psychophysics	6	4	6	1	0.167
Australian &amp; New Zealand Journal of Psychiatry	4	4	3	0	0
Automatica	8	4	5	0	0
Autonomous Robots	5	4	4	0	0
BJC Reports	5	4	4	0	0
BJPsych Open	9	4	6	0	0
BJU International	5	4	3	0	0
BMC Neurology	5	4	4	0	0
BMC Sports Science, Medicine and Rehabilitation	5	4	4	0	0
BMC Women's Health	4	4	4	0	0
Batteries	7	4	5	0	0
Bayesian Analysis	6	4	5	0	0
Bioacoustics	5	4	5	0	0
Biodiversity Data Journal	11	4	9	0	0
Biological Imaging	6	4	5	0	0
Biology of Sex Differences	4	4	4	0	0
Biomaterials Science	5	4	3	0	0
Biometrical Journal	4	4	4	0	0
Bioorganic Chemistry	7	4	3	0	0
Bioresource Technology	6	4	5	0	0
Bird Study	8	4	4	0	0
Body Image	8	4	6	0	0
Bone	9	4	7	0	0
Brain Informatics	6	4	5	0	0
Breast Cancer Research	6	4	5	0	0
British Food Journal	7	4	4	0	0
British Journal of Clinical Pharmacology	6	4	5	0	0
British Journal of Pain	4	4	1	0	0
British Journal of Pharmacology	4	4	4	0	0
Bulletin of the American Meteorological Society	8	4	4	1	0.125
CAAI Transactions on Intelligence Technology	6	4	3	0	0
CEAS Aeronautical Journal	4	4	4	0	0
Canadian Journal of Earth Sciences	5	4	4	0	0
Canadian Journal of Microbiology	5	4	3	0	0
Cancer	9	4	7	0	0
Cancer Immunology Research	10	4	7	0	0
Carbohydrate Polymers	4	4	4	0	0
Cardiovascular Engineering and Technology	7	4	5	0	0
Case Studies in Thermal Engineering	4	4	3	0	0
Case Studies on Transport Policy	6	4	4	0	0
Cell &amp; Bioscience	8	4	6	0	0
Cell Chemical Biology	9	4	8	0	0
Cell Death &amp; Disease	9	4	8	0	0
Cell Stem Cell	26	4	17	2	0.0769
Cement and Concrete Research	13	4	8	2	0.154
ChemCatChem	7	4	4	0	0
ChemSusChem	7	4	5	0	0
Chemical Geology	6	4	5	0	0
Chemistry – A European Journal	9	4	7	1	0.111
Chemometrics and Intelligent Laboratory Systems	5	4	5	0	0
Chemosensors	6	4	4	0	0
Chinese Physics C	5	4	4	0	0
Circulation: Genomic and Precision Medicine	6	4	5	0	0
Climate Risk Management	6	4	4	0	0
Clinica Chimica Acta	9	4	7	0	0
Clinical &amp; Translational Immunology	8	4	7	0	0
Clinical Gastroenterology and Hepatology	8	4	6	0	0
Clinical Immunology	4	4	4	0	0
Clinical Linguistics &amp; Phonetics	4	4	4	0	0
Clinical Psychology Review	7	4	5	0	0
Clinical and Translational Medicine	5	4	5	0	0
Cogent Education	5	4	5	0	0
Cogent Engineering	5	4	4	0	0
Cognitive Behaviour Therapy	5	4	5	0	0
Cognitive Neurodynamics	6	4	5	0	0
Cognitive Therapy and Research	10	4	7	0	0
Cognitive, Affective, & Behavioral Neuroscience	4	4	3	0	0
Communications Earth & Environment	4	4	3	0	0
Communications in Applied Mathematics and Computational Science	6	4	4	0	0
Communications in Computer and Information Science,Explainable Artificial Intelligence	6	4	6	0	0
Communications on Applied Mathematics and Computation	7	4	2	4	0.571
Comparative Political Studies	5	4	4	0	0
Computational Methods für die Sozial- und Geisteswissenschaften	5	4	4	0	0
Computational Methods in Engineering &amp; the Sciences,Machine Learning in Modeling and Simulation	4	4	1	0	0
Computational Methods in Systems Biology,Lecture Notes in Computer Science	8	4	4	0	0
Computational Science – ICCS 2021,Lecture Notes in Computer Science	8	4	4	0	0
Computational Statistics & Data Analysis	5	4	5	0	0
Computer Aided Geometric Design	5	4	4	0	0
Computer Communications	7	4	5	0	0
Computer Methods in Biomechanics and Biomedical Engineering: Imaging &amp; Visualization	4	4	4	0	0
Conservation Letters	5	4	4	0	0
Control Engineering Practice	4	4	4	0	0
Critical Care	8	4	5	0	0
Critical Care Medicine	8	4	4	0	0
Dalton Transactions	12	4	9	0	0
Data &amp; Policy	5	4	4	0	0
Deep Sea Research Part II: Topical Studies in Oceanography	9	4	6	0	0
Designs	6	4	4	0	0
Diagnostic Microbiology and Infectious Disease	5	4	5	0	0
Digestive Diseases and Sciences	9	4	6	0	0
Discourse Processes	6	4	5	0	0
Discovery Science,Lecture Notes in Computer Science	16	4	8	0	0
EBioMedicine	12	4	6	2	0.167
EMBO reports	6	4	4	2	0.333
EPJ Photovoltaics	11	4	10	0	0
ETRI Journal	4	4	2	0	0
Ear &amp; Hearing	10	4	8	0	0
Ecological Management &amp; Restoration	5	4	5	0	0
Ecological Research	4	4	4	0	0
Ecology of Freshwater Fish	6	4	5	0	0
Ecotoxicology	6	4	5	0	0
Educational Psychology	9	4	6	0	0
Electronic Commerce Research	5	4	3	0	0
Empirical Studies of the Arts	5	4	5	0	0
Energy Storage Materials	8	4	6	0	0
Energy and Climate Change	5	4	4	0	0
Energy for Sustainable Development	9	4	7	0	0
Engineering Analysis with Boundary Elements	7	4	7	0	0
Engineering Fracture Mechanics	14	4	9	1	0.0714
Environmental Communication	6	4	5	0	0
Environmental Development	4	4	3	0	0
Environmental Geochemistry and Health	4	4	4	0	0
Environmental Health Perspectives	13	4	10	2	0.154
Environmental Science: Atmospheres	6	4	3	2	0.333
Environmental Technology &amp; Innovation	4	4	4	0	0
Environmental Toxicology and Pharmacology	4	4	4	0	0
Environmental and Ecological Statistics	5	4	3	0	0
Environmental and Experimental Botany	5	4	5	0	0
Epidemiology	8	4	7	0	0
Epilepsia Open	5	4	4	0	0
Ethnic and Racial Studies	5	4	3	0	0
European Journal of Cancer	13	4	9	0	0
European Journal of Political Economy	19	4	7	0	0
European Journal of Psychological Assessment	6	4	5	1	0.167
European Journal of Radiology	9	4	7	0	0
European Journal of Radiology Open	6	4	5	0	0
European Radiology Experimental	7	4	5	0	0
European Respiratory Journal	7	4	5	0	0
European Sociological Review	5	4	3	0	0
European Urology Focus	5	4	4	0	0
Evolutionary Bioinformatics	6	4	4	0	0
Evolutionary Computation	4	4	2	0	0
Experimental Physiology	5	4	3	0	0
Experimental and Applied Acarology	11	4	8	0	0
Experiments in Fluids	6	4	5	0	0
Eye	8	4	2	0	0
FACETS	10	4	6	0	0
FEBS Letters	6	4	5	0	0
Fermentation	9	4	8	0	0
Flow	4	4	1	0	0
Food &amp; Function	13	4	9	0	0
Food Bioscience	5	4	4	0	0
Forecasting	7	4	4	0	0
Frontiers in Aging	5	4	4	0	0
Frontiers in Bioscience-Landmark	4	4	4	0	0
Frontiers in Language Sciences	6	4	5	0	0
Frontiers in Materials	7	4	4	0	0
Frontiers in Rehabilitation Sciences	9	4	6	0	0
Frontiers in Sustainability	11	4	6	0	0
Frontiers in Toxicology	5	4	4	0	0
GEM - International Journal on Geomathematics	8	4	5	0	0
GIScience &amp; Remote Sensing	7	4	5	0	0
Gels	7	4	6	0	0
General and Comparative Endocrinology	5	4	3	0	0
Geo-spatial Information Science	6	4	6	0	0
GeoJournal	4	4	4	0	0
Geochimica et Cosmochimica Acta	9	4	9	0	0
Green Chemistry	5	4	4	1	0.2
Gut Pathogens	4	4	4	0	0
Health and Technology	5	4	4	0	0
Healthcare Analytics	6	4	4	0	0
Heart Rhythm	7	4	5	0	0
Higher Education	13	4	9	0	0
Human Genomics	9	4	7	0	0
Human Movement Science	11	4	8	0	0
Human Vaccines &amp; Immunotherapeutics	7	4	5	0	0
ICASSP 2020 - 2020 IEEE International Conference on Acoustics, Speech and Signal Processing (ICASSP)	16	4	8	0	0
IEEE Journal of Photovoltaics	38	4	25	1	0.0263
IEEE Open Journal of the Industrial Electronics Society	5	4	4	2	0.4
IEEE Photonics Journal	4	4	4	0	0
IEEE Transactions on Audio, Speech and Language Processing	6	4	6	0	0
IEEE Transactions on Circuits and Systems I: Regular Papers	5	4	5	0	0
IEEE Transactions on Computational Imaging	7	4	6	1	0.143
IEEE Transactions on Emerging Topics in Computational Intelligence	6	4	6	0	0
IEEE Transactions on Engineering Management	7	4	5	0	0
IEEE Transactions on Haptics	9	4	7	0	0
IEEE Transactions on Information Theory	9	4	6	0	0
IEEE Transactions on Intelligent Vehicles	5	4	5	0	0
IEEE Transactions on Microwave Theory and Techniques	6	4	4	0	0
IEEE Transactions on Mobile Computing	5	4	5	0	0
IEEE Transactions on Sustainable Energy	8	4	7	0	0
IEEE Transactions on Systems, Man, and Cybernetics: Systems	4	4	3	0	0
IEEJ Transactions on Electrical and Electronic Engineering	6	4	4	0	0
IET Renewable Power Generation	4	4	4	0	0
IUCrJ	5	4	3	0	0
Infant Behavior and Development	6	4	6	0	0
Infection	8	4	6	0	0
Infection Control &amp; Hospital Epidemiology	4	4	4	0	0
Influenza and Other Respiratory Viruses	13	4	11	0	0
Information Processing & Management	6	4	5	0	0
Information Systems Frontiers	7	4	5	0	0
Injury	7	4	5	0	0
Instructional Science	6	4	4	0	0
Integrative and Comparative Biology	6	4	4	0	0
Intelligence	6	4	4	0	0
Interactive Learning Environments	6	4	5	0	0
International Communications in Heat and Mass Transfer	4	4	4	0	0
International Journal for Parasitology	7	4	6	0	0
International Journal of Cardiology	7	4	5	0	0
International Journal of Computational Intelligence Systems	5	4	4	0	0
International Journal of Computer Science in Sport	9	4	5	0	0
International Journal of Digital Humanities	4	4	3	0	0
International Journal of Environmental Science and Technology	7	4	4	0	0
International Journal of Forecasting	5	4	4	0	0
International Journal of Heritage Studies	5	4	3	0	0
International Journal of Hospitality Management	5	4	4	0	0
International Journal of Selection and Assessment	6	4	5	0	0
International Journal of Social Research Methodology	7	4	3	0	0
International Journal of Sport and Exercise Psychology	8	4	4	0	0
International Journal of Systematic and Evolutionary Microbiology	4	4	4	0	0
International Journal of Tropical Insect Science	6	4	5	0	0
Investigative Ophthalmology &amp; Visual Science	6	4	6	0	0
Investigative Radiology	6	4	5	0	0
Italian Journal of Animal Science	8	4	6	0	0
JCO Oncology Practice	8	4	7	0	0
JDS Communications	5	4	5	0	0
JMIR Human Factors	8	4	6	0	0
JMIR Infodemiology	5	4	3	0	0
Japanese Psychological Research	5	4	3	0	0
Journal of Addiction Medicine	8	4	6	0	0
Journal of Air Transport Management	7	4	4	2	0.286
Journal of Animal Science	13	4	11	0	0
Journal of Antimicrobial Chemotherapy	6	4	6	0	0
Journal of Anxiety Disorders	9	4	6	0	0
Journal of Applied Geophysics	9	4	7	0	0
Journal of Applied Phycology	8	4	6	0	0
Journal of Atmospheric and Solar-Terrestrial Physics	5	4	4	0	0
Journal of Attention Disorders	7	4	4	0	0
Journal of Autoimmunity	7	4	5	0	0
Journal of Behavioral Medicine	10	4	8	0	0
Journal of Biological Engineering	6	4	5	1	0.167
Journal of Biomolecular Structure and Dynamics	12	4	10	0	0
Journal of Biophotonics	5	4	4	0	0
Journal of Cell Biology	10	4	7	0	0
Journal of Chemical &amp; Engineering Data	6	4	4	2	0.333
Journal of Classification	5	4	5	0	0
Journal of Climate	12	4	6	0	0
Journal of Clinical Child &amp; Adolescent Psychology	7	4	5	0	0
Journal of Clinical Investigation	5	4	5	0	0
Journal of Clinical Neuroscience	4	4	4	0	0
Journal of Clinical and Experimental Neuropsychology	7	4	5	0	0
Journal of Cognitive Psychology	10	4	6	0	0
Journal of Computational Biology	5	4	5	0	0
Journal of Computer Security	6	4	4	0	0
Journal of Data Analysis and Information Processing	5	4	3	0	0
Journal of Deaf Studies and Deaf Education	5	4	5	0	0
Journal of Dentistry	6	4	5	0	0
Journal of Economic Behavior &amp; Organization	5	4	5	0	0
Journal of Economic Entomology	30	4	19	0	0
Journal of Educational and Behavioral Statistics	5	4	4	0	0
Journal of Engineering Design	8	4	5	0	0
Journal of Environmental Chemical Engineering	12	4	10	0	0
Journal of Environmental Engineering	4	4	4	0	0
Journal of Environmental Radioactivity	7	4	3	0	0
Journal of Epidemiology and Global Health	4	4	4	0	0
Journal of Equine Veterinary Science	10	4	5	0	0
Journal of Experimental Marine Biology and Ecology	14	4	10	0	0
Journal of Flood Risk Management	6	4	4	0	0
Journal of Fluids and Structures	9	4	6	0	0
Journal of Food Measurement and Characterization	5	4	4	0	0
Journal of Forecasting	4	4	3	0	0
Journal of Forest Science	4	4	4	0	0
Journal of Functional Foods	5	4	4	0	0
Journal of General Internal Medicine	6	4	5	0	0
Journal of General Virology	7	4	5	0	0
Journal of Happiness Studies	5	4	5	0	0
Journal of Hepatology	8	4	5	0	0
Journal of Hydrologic Engineering	5	4	4	0	0
Journal of Hydrometeorology	8	4	4	0	0
Journal of Infection	17	4	12	0	0
Journal of Inflammation Research	4	4	2	0	0
Journal of Intelligent & Fuzzy Systems	4	4	4	0	0
Journal of Intelligent Information Systems	7	4	3	2	0.286
Journal of King Saud University - Computer and Information Sciences	5	4	4	0	0
Journal of Language Evolution	6	4	4	0	0
Journal of Marine Systems	9	4	5	0	0
Journal of Marketing Analytics	5	4	5	0	0
Journal of Materials Science &amp; Technology	8	4	4	0	0
Journal of Mathematical Imaging and Vision	8	4	4	0	0
Journal of Medical Entomology	13	4	8	0	0
Journal of Medical Virology	39	4	27	0	0
Journal of Medicinal Chemistry	12	4	10	0	0
Journal of Microbiology	8	4	4	0	0
Journal of Molecular Evolution	11	4	5	2	0.182
Journal of Molecular Structure	6	4	4	0	0
Journal of Mood &amp; Anxiety Disorders	6	4	6	0	0
Journal of Morphology	15	4	10	0	0
Journal of Motor Behavior	4	4	4	0	0
Journal of Network and Computer Applications	6	4	4	0	0
Journal of Neural Transmission	4	4	3	0	0
Journal of NeuroInterventional Surgery	6	4	6	0	0
Journal of Nondestructive Evaluation	5	4	5	0	0
Journal of Nonverbal Behavior	7	4	3	0	0
Journal of Nuclear Medicine	5	4	5	0	0
Journal of Obsessive-Compulsive and Related Disorders	10	4	6	0	0
Journal of Open Humanities Data	4	4	4	0	0
Journal of Parkinson’s Disease	4	4	4	0	0
Journal of Personality Disorders	6	4	5	0	0
Journal of Plant Pathology	9	4	8	0	0
Journal of Pragmatics	8	4	4	0	0
Journal of Public Health Management and Practice	7	4	4	0	0
Journal of Risk Research	6	4	4	0	0
Journal of Science Education and Technology	4	4	2	0	0
Journal of Social and Personal Relationships	5	4	5	0	0
Journal of Social and Political Psychology	6	4	4	0	0
Journal of Solid State Chemistry	16	4	12	0	0
Journal of Statistical Theory and Practice	4	4	3	0	0
Journal of Structural Biology	7	4	5	0	0
Journal of Systematics and Evolution	5	4	4	0	0
Journal of Thrombosis and Haemostasis	5	4	3	0	0
Journal of Veterinary Internal Medicine	5	4	4	0	0
Journal of Water and Climate Change	5	4	4	0	0
Journal of Xenobiotics	5	4	5	0	0
Journal of the Academy of Nutrition and Dietetics	7	4	5	0	0
Journal of the American Geriatrics Society	10	4	6	0	0
Journal of the Association for Information Science and Technology	14	4	9	0	0
Journal of the Indian Society of Remote Sensing	6	4	5	0	0
Journal of the Optical Society of America A	6	4	4	2	0.333
Journalism Practice	6	4	4	0	0
KI - Künstliche Intelligenz	4	4	3	0	0
Lab on a Chip	6	4	5	0	0
Language Learning and Development	5	4	4	0	0
Language Variation and Change	6	4	5	0	0
Lecture Notes in Computer Science,Advanced Intelligent Computing Technology and Applications	8	4	8	0	0
Lecture Notes in Computer Science,Advances in Information Retrieval	12	4	8	0	0
Lecture Notes in Computer Science,Artificial Intelligence and Soft Computing	4	4	4	0	0
Lecture Notes in Computer Science,Artificial Intelligence in Education	8	4	4	0	0
Lecture Notes in Computer Science,Computational Science – ICCS 2020	10	4	5	1	0.1
Lecture Notes in Computer Science,Discovery Science	5	4	5	0	0
Lecture Notes in Computer Science,Euro-Par 2023: Parallel Processing Workshops	5	4	3	1	0.2
Lecture Notes in Computer Science,Euro-Par 2024: Parallel Processing Workshops	6	4	5	0	0
Lecture Notes in Computer Science,Learning and Intelligent Optimization	7	4	4	2	0.286
Lecture Notes in Computer Science,Parallel Problem Solving from Nature – PPSN XVIII	4	4	4	0	0
Lecture Notes in Networks and Systems,Advances in Information and Communication	5	4	4	0	0
Lecture Notes in Operations Research,Operations Research Proceedings 2023	4	4	2	2	0.5
Lecture Notes of the Institute for Computer Sciences, Social Informatics and Telecommunications Engineering,Pervasive Computing Technologies for Healthcare	5	4	4	0	0
Limnology and Oceanography: Methods	16	4	13	0	0
MRS Bulletin	7	4	3	0	0
Machine Learning and Knowledge Extraction	22	4	18	0	0
Machine Learning, Optimization, and Data Science,Lecture Notes in Computer Science	13	4	7	0	0
Malaria Journal	9	4	5	0	0
Mammal Review	8	4	6	0	0
Materials Research Letters	6	4	4	0	0
Materials Science and Engineering: A	4	4	4	0	0
Materials Today	5	4	4	0	0
Materials Today Physics	5	4	4	0	0
Materials and Structures	5	4	4	0	0
Mathematical Biosciences	13	4	8	2	0.154
Mathematics of Computation	6	4	5	0	0
Mechanism and Machine Theory	6	4	3	0	0
Media Psychology	9	4	3	0	0
Medical Engineering &amp; Physics	6	4	5	2	0.333
Medical and Veterinary Entomology	9	4	7	0	0
Medicine	7	4	5	0	0
Membranes	8	4	6	0	0
Meta-Psychology	8	4	6	0	0
Metacognition and Learning	7	4	5	0	0
Metallurgical and Materials Transactions A	6	4	4	0	0
Meteorology and Atmospheric Physics	5	4	4	0	0
Microbiological Research	7	4	6	0	0
Microbiology Research	5	4	5	0	0
Microprocessors and Microsystems	11	4	6	1	0.0909
Minerals Engineering	7	4	5	0	0
Mobile Media &amp; Communication	4	4	3	0	0
Molecular Autism	9	4	6	0	0
Molecular Genetics and Genomics	6	4	5	0	0
Molecular Metabolism	9	4	7	0	0
Molecular Microbiology	7	4	5	2	0.286
Molecular Neurobiology	7	4	6	0	0
Molecular Plant-Microbe Interactions®	16	4	12	0	0
Molecular Systems Design &amp; Engineering	5	4	4	0	0
Monthly Weather Review	8	4	4	0	0
NAR Cancer	6	4	4	0	0
Nanophotonics	4	4	4	0	0
Nature Cancer	19	4	12	0	0
Nature Chemistry	8	4	6	0	0
Nature Nanotechnology	5	4	5	0	0
Nature Structural &amp; Molecular Biology	9	4	8	0	0
Nature and Science of Sleep	6	4	4	2	0.333
Neural Processing Letters	12	4	7	0	0
Neuro-Oncology Advances	7	4	4	0	0
Neurogastroenterology &amp; Motility	4	4	4	0	0
Neuropsychological Rehabilitation	6	4	5	0	0
Neuroscience & Biobehavioral Reviews	5	4	5	0	0
Neurosymbolic Artificial Intelligence	4	4	2	0	0
New Ideas in Psychology	4	4	4	0	0
New Media & Society	6	4	6	0	0
New Zealand Journal of Marine and Freshwater Research	4	4	4	0	0
Nuclear Materials and Energy	7	4	5	0	0
Numerical Linear Algebra with Applications	7	4	5	2	0.286
Numerical Methods for Partial Differential Equations	4	4	2	0	0
Nursing Reports	6	4	6	0	0
OCEANS 2022, Hampton Roads	4	4	4	0	0
Ocean Modelling	7	4	5	0	0
Oncogene	6	4	4	0	0
Online Social Networks and Media	5	4	4	0	0
Open Linguistics	10	4	9	0	0
Ophthalmology Science	10	4	7	0	0
Optics and Lasers in Engineering	8	4	6	0	0
PAIN Reports	5	4	5	0	0
PLOS Water	4	4	4	0	0
PROTEOMICS	8	4	7	0	0
Pacific Conservation Biology	7	4	7	0	0
Paleoceanography and Paleoclimatology	10	4	6	1	0.1
Parkinsonism &amp; Related Disorders	4	4	4	0	0
Party Politics	14	4	9	0	0
Pattern Recognition, Computer Vision, and Image Processing. ICPR 2022 International Workshops and Challenges,Lecture Notes in Computer Science	4	4	4	0	0
Pattern Recognition. ICPR International Workshops and Challenges,Lecture Notes in Computer Science	16	4	8	0	0
Personality Science	6	4	3	0	0
Perspectives on Behavior Science	5	4	4	0	0
Phonetica	5	4	3	0	0
Physica B: Condensed Matter	10	4	7	0	0
Physics Letters A	6	4	5	0	0
Physics in Medicine & Biology	5	4	5	2	0.4
Physiological and Molecular Plant Pathology	7	4	7	0	0
Placenta	4	4	4	0	0
Planetary and Space Science	8	4	5	0	0
Plant Biology	21	4	16	0	0
Plant Breeding	12	4	7	0	0
Plant Disease	21	4	16	0	0
Plant Diversity	5	4	4	0	0
Plant Ecology	15	4	11	0	0
Polar Biology	10	4	8	0	0
Polymer Testing	6	4	5	0	0
Practice and Experience in Advanced Research Computing	41	4	25	1	0.0244
Proceedings of the 38th Annual ACM Symposium on User Interface Software and Technology	5	4	5	0	0
Proceedings of the Combustion Institute	18	4	12	4	0.222
Proceedings of the IEEE	7	4	4	2	0.286
Proceedings of the International Conference on Advances in Social Networks Analysis and Mining	4	4	4	0	0
Production &amp; Manufacturing Research	4	4	4	0	0
Progress in Additive Manufacturing	5	4	4	0	0
Psych	7	4	3	0	0
Psychopharmacology	8	4	5	0	0
Publications	6	4	5	0	0
Pure and Applied Geophysics	7	4	5	0	0
RNA	8	4	5	0	0
Radiology	9	4	7	2	0.222
Renewable Energy Focus	4	4	4	0	0
Research Methods in Applied Linguistics	6	4	4	0	0
Research in Higher Education	6	4	4	0	0
Rhizosphere	9	4	8	0	0
Rice	6	4	4	0	0
Rio Oil and Gas Expo and Conference	9	4	4	0	0
Risks	6	4	3	0	0
Robotics and Computer-Integrated Manufacturing	9	4	7	0	0
SC22: International Conference for High Performance Computing, Networking, Storage and Analysis	4	4	4	0	0
SIAM Journal on Applied Mathematics	6	4	4	0	0
SIAM Journal on Optimization	6	4	5	0	0
SPE Journal	7	4	6	0	0
SSM - Mental Health	4	4	4	0	0
SSM - Population Health	7	4	5	0	0
Sage Open	4	4	4	0	0
Scandinavian Journal of Forest Research	12	4	6	0	0
Science Communication	5	4	4	0	0
Science of Remote Sensing	4	4	4	0	0
Scientific African	6	4	5	0	0
Second Language Research	8	4	5	0	0
Seismica	5	4	4	0	0
Semantic Web	6	4	4	0	0
Signal Transduction and Targeted Therapy	10	4	7	0	0
Social Cognition	4	4	3	0	0
Social Indicators Research	15	4	10	0	0
Social Science & Medicine	4	4	4	0	0
Soil Science Society of America Journal	17	4	12	0	0
Soil and Tillage Research	9	4	7	0	0
Spatial and Spatio-temporal Epidemiology	8	4	5	0	0
Springer Series in Astrophysics and Cosmology,New Frontiers in GRMHD Simulations	5	4	4	0	0
Statistical Atlases and Computational Models of the Heart. Regular and CMRxRecon Challenge Papers,Lecture Notes in Computer Science	4	4	4	0	0
Statistical Papers	5	4	4	0	0
Stem Cell Reports	12	4	8	0	0
Structural Dynamics	6	4	5	0	0
Studies in Computational Intelligence,Complex Networks &amp; Their Applications XIII	4	4	4	0	0
Studies in Hispanic and Lusophone Linguistics	7	4	5	0	0
Surfaces and Interfaces	6	4	6	0	0
Sustainable Development	5	4	4	0	0
Synthese	9	4	5	0	0
Systems	7	4	5	0	0
Teaching Statistics	11	4	8	0	0
Technology, Knowledge and Learning	10	4	6	0	0
Telematics and Informatics Reports	5	4	3	1	0.2
Terra Nova	7	4	3	0	0
The Bone &amp; Joint Journal	9	4	4	1	0.111
The CRISPR Journal	8	4	5	0	0
The European Physical Journal A	6	4	4	0	0
The International Journal of Robotics Research	5	4	5	0	0
The Journal of Clinical Endocrinology &amp; Metabolism	9	4	8	0	0
The Journal of Headache and Pain	8	4	5	0	0
The Journal of Positive Psychology	4	4	4	0	0
The Journal of Sex Research	6	4	5	0	0
The Lancet Digital Health	8	4	4	0	0
The Lancet Microbe	10	4	6	0	0
The Lancet Planetary Health	5	4	4	0	0
The Plant Cell	13	4	9	0	0
The Science of Nature	4	4	4	0	0
The VLDB Journal	6	4	5	0	0
The Veterinary Journal	6	4	4	0	0
The Wilson Journal of Ornithology	6	4	5	0	0
Theoretical and Computational Fluid Dynamics	5	4	4	1	0.2
Therapeutic Innovation &amp; Regulatory Science	6	4	5	0	0
Thermal Science and Engineering Progress	5	4	4	0	0
Thinking &amp; Reasoning	4	4	4	0	0
Ticks and Tick-borne Diseases	8	4	6	0	0
Tomography	7	4	6	0	0
Tourism Management	7	4	5	0	0
Toxicological Sciences	7	4	4	0	0
Toxicology	7	4	7	0	0
Translational Animal Science	7	4	5	0	0
Transport Policy	5	4	4	0	0
Transportation Research Part B: Methodological	5	4	4	0	0
Treatise on Geomorphology	5	4	2	0	0
Tree Physiology	19	4	15	0	0
Tribology International	5	4	5	0	0
Tropical Animal Health and Production	5	4	5	0	0
Ultrasound in Medicine &amp; Biology	4	4	4	0	0
Urban Water Journal	10	4	7	0	0
Vacuum	5	4	4	0	0
Vavilov Journal of Genetics and Breeding	4	4	4	0	0
Veterinary Research	11	4	7	0	0
Visual Cognition	6	4	4	0	0
Visual Informatics	8	4	7	0	0
WIREs Mechanisms of Disease	8	4	2	2	0.25
Water Science &amp; Technology	9	4	8	0	0
Water, Air, &amp; Soil Pollution	6	4	5	0	0
Wetlands	7	4	7	0	0
Wildlife Society Bulletin	9	4	7	0	0
Wiley StatsRef: Statistics Reference Online	8	4	5	0	0
Wireless Communications and Mobile Computing	7	4	4	0	0
World Development	5	4	4	0	0
Zeitschrift für Psychologie	9	4	6	0	0
Zoonoses and Public Health	6	4	4	0	0
Zootaxa	11	4	10	0	0
microLife	4	4	3	0	0
npj Aging	4	4	4	0	0
npj Antimicrobials and Resistance	4	4	4	0	0
npj Mental Health Research	6	4	5	0	0
İstatistik ve Uygulamalı Bilimler Dergisi	4	4	3	0	0
2018 IEEE/RSJ International Conference on Intelligent Robots and Systems (IROS)	8	3	4	0	0
2020 IEEE 19th International Conference on Trust, Security and Privacy in Computing and Communications (TrustCom)	6	3	3	0	0
2020 IEEE Visualization Conference (VIS)	6	3	3	0	0
2020 IEEE/CVF Conference on Computer Vision and Pattern Recognition (CVPR)	6	3	3	0	0
2020 IEEE/RSJ International Conference on Intelligent Robots and Systems (IROS)	10	3	5	0	0
2020 International Conference on Probabilistic Methods Applied to Power Systems (PMAPS)	6	3	3	0	0
2021 Computing in Cardiology (CinC)	6	3	3	0	0
2021 IEEE 17th International Conference on Automation Science and Engineering (CASE)	3	3	3	0	0
2021 IEEE 45th Annual Computers, Software, and Applications Conference (COMPSAC)	6	3	3	0	0
2021 IEEE 8th International Conference on Data Science and Advanced Analytics (DSAA)	6	3	3	0	0
2021 IEEE Congress on Evolutionary Computation (CEC)	8	3	4	0	0
2021 IEEE International Conference on Cluster Computing (CLUSTER)	6	3	2	0	0
2021 IEEE International Conference on Data Mining (ICDM)	6	3	3	0	0
2021 IEEE/CVF International Conference on Computer Vision Workshops (ICCVW)	6	3	3	0	0
2021 IEEE/RSJ International Conference on Intelligent Robots and Systems (IROS)	4	3	3	0	0
2021 IEEE/SICE International Symposium on System Integration (SII)	8	3	4	0	0
2021 Winter Simulation Conference (WSC)	6	3	3	0	0
2022 26th International Conference Information Visualisation (IV)	3	3	3	0	0
2022 30th European Signal Processing Conference (EUSIPCO)	5	3	4	0	0
2022 IEEE 18th International Conference on e-Science (e-Science)	3	3	3	0	0
2022 IEEE 49th Photovoltaics Specialists Conference (PVSC)	34	3	17	0	0
2022 IEEE International Conference on Pervasive Computing and Communications Workshops and other Affiliated Events (PerCom Workshops)	6	3	3	0	0
2022 IEEE International Conference on Software Analysis, Evolution and Reengineering (SANER)	6	3	3	0	0
2022 IEEE Power &amp; Energy Society Innovative Smart Grid Technologies Conference (ISGT)	6	3	3	0	0
2022 IEEE Symposium Series on Computational Intelligence (SSCI)	3	3	3	0	0
2022 IEEE/ACM 15th International Conference on Utility and Cloud Computing (UCC)	3	3	3	0	0
2022 IEEE/CVF Conference on Computer Vision and Pattern Recognition (CVPR)	8	3	4	0	0
2022 International Conference on Electrical, Computer, Communications and Mechatronics Engineering (ICECCME)	3	3	3	0	0
2022 International Congress on Human-Computer Interaction, Optimization and Robotic Applications (HORA)	6	3	3	0	0
2023 3rd International Conference on Electrical, Computer, Communications and Mechatronics Engineering (ICECCME)	3	3	3	0	0
2023 ASEE Annual Conference &amp; Exposition Proceedings	3	3	3	0	0
2023 Asia Pacific Signal and Information Processing Association Annual Summit and Conference (APSIPA ASC)	5	3	5	0	0
2023 IEEE 20th International Symposium on Biomedical Imaging (ISBI)	3	3	3	0	0
2023 IEEE 30th International Conference on High Performance Computing, Data, and Analytics (HiPC)	3	3	3	0	0
2023 IEEE CHILEAN Conference on Electrical, Electronics Engineering, Information and Communication Technologies (CHILECON)	3	3	2	0	0
2023 IEEE International Symposium on Mixed and Augmented Reality Adjunct (ISMAR-Adjunct)	3	3	2	0	0
2023 IEEE PES Innovative Smart Grid Technologies Europe (ISGT EUROPE)	3	3	3	0	0
2023 IEEE/ACM 20th International Conference on Mining Software Repositories (MSR)	4	3	3	0	0
2023 Open Source Modelling and Simulation of Energy Systems (OSMSES)	3	3	3	1	0.333
2024 18th European Conference on Antennas and Propagation (EuCAP)	4	3	4	0	0
2024 24th International Conference on Control, Automation and Systems (ICCAS)	3	3	3	0	0
2024 27th Conference of the Oriental COCOSDA International Committee for the Co-ordination and Standardisation of Speech Databases and Assessment Techniques (O-COCOSDA)	4	3	4	0	0
2024 27th Euromicro Conference on Digital System Design (DSD)	3	3	3	0	0
2024 7th Iberian Robotics Conference (ROBOT)	3	3	3	0	0
2024 7th International Conference on Informatics and Computational Sciences (ICICoS)	3	3	3	0	0
2024 ASEE Annual Conference &amp; Exposition Proceedings	3	3	2	0	0
2024 Asia Pacific Signal and Information Processing Association Annual Summit and Conference (APSIPA ASC)	5	3	5	0	0
2024 IEEE 22nd International Conference on Industrial Informatics (INDIN)	3	3	3	0	0
2024 IEEE 48th Annual Computers, Software, and Applications Conference (COMPSAC)	3	3	3	0	0
2024 IEEE Conference on Secure and Trustworthy Machine Learning (SaTML)	3	3	3	0	0
2024 IEEE Congress on Evolutionary Computation (CEC)	3	3	3	0	0
2024 IEEE EMBS International Conference on Biomedical and Health Informatics (BHI)	3	3	3	0	0
2024 IEEE Frontiers in Education Conference (FIE)	3	3	3	0	0
2024 IEEE Intelligent Vehicles Symposium (IV)	4	3	4	0	0
2024 IEEE International Conference on Acoustics, Speech, and Signal Processing Workshops (ICASSPW)	6	3	5	0	0
2024 IEEE International Conference on Metrology for eXtended Reality, Artificial Intelligence and Neural Engineering (MetroXRAINE)	3	3	3	0	0
2024 IEEE International Conference on Systems, Man, and Cybernetics (SMC)	3	3	3	0	0
2024 IEEE MIT Undergraduate Research Technology Conference (URTC)	3	3	2	0	0
2024 IEEE Power &amp; Energy Society Innovative Smart Grid Technologies Conference (ISGT)	3	3	3	0	0
2024 IEEE Symposium on Security and Privacy (SP)	3	3	2	0	0
2024 IEEE-RAS 23rd International Conference on Humanoid Robots (Humanoids)	3	3	3	0	0
2024 IEEE/CVF Winter Conference on Applications of Computer Vision (WACV)	4	3	4	0	0
2024 International Conference on Machine Learning and Applications (ICMLA)	3	3	2	0	0
2024 International Symposium on Electronics and Telecommunications (ISETC)	3	3	2	0	0
2025 19th European Conference on Antennas and Propagation (EuCAP)	3	3	3	0	0
2025 Design, Automation &amp;amp; Test in Europe Conference (DATE)	3	3	3	0	0
2025 European Conference on Mobile Robots (ECMR)	4	3	3	0	0
2025 IEEE 18th Pacific Visualization Conference (PacificVis)	3	3	3	0	0
2025 IEEE 21st International Conference on Automation Science and Engineering (CASE)	3	3	3	0	0
2025 IEEE 43rd VLSI Test Symposium (VTS)	3	3	2	0	0
2025 IEEE 49th Annual Computers, Software, and Applications Conference (COMPSAC)	3	3	3	0	0
2025 IEEE Aerospace Conference	3	3	3	0	0
2025 IEEE Conference Virtual Reality and 3D User Interfaces (VR)	3	3	3	0	0
2025 IEEE/CVF Conference on Computer Vision and Pattern Recognition (CVPR)	5	3	5	0	0
2025 IEEE/CVF Winter Conference on Applications of Computer Vision (WACV)	4	3	4	0	0
2025 International Conference On Rehabilitation Robotics (ICORR)	3	3	3	0	0
2025 International Conference on 3D Vision (3DV)	4	3	4	0	0
2025 International Conference on Advanced Machine Learning and Data Science (AMLDS)	3	3	3	0	0
2025 International Conference on Inventive Computation Technologies (ICICT)	3	3	2	0	0
2025 International Russian Automation Conference (RusAutoCon)	3	3	3	0	0
2025 International Symposium on Intelligent Robotics and Systems (ISoIRS)	3	3	1	0	0
2D Materials	6	3	4	2	0.333
AAPS PharmSciTech	6	3	4	0	0
ACM International Conference on Interactive Media Experiences	5	3	2	0	0
ACM Journal on Computing and Sustainable Societies	4	3	3	0	0
ACM SIGAPP Applied Computing Review	4	3	4	0	0
ACM Transactions on Cyber-Physical Systems	4	3	3	0	0
ACM Transactions on Design Automation of Electronic Systems	6	3	4	0	0
ACM Transactions on Intelligent Systems and Technology	5	3	4	0	0
ACM Transactions on Management Information Systems	5	3	4	0	0
ACM Transactions on Parallel Computing	4	3	3	0	0
ACM Transactions on Spatial Algorithms and Systems	3	3	2	0	0
ACS Applied Polymer Materials	4	3	3	0	0
ACS Chemical Biology	6	3	4	0	0
ACS Earth and Space Chemistry	5	3	3	0	0
ACS Environmental Au	4	3	3	0	0
ACS In Focus	6	3	3	2	0.333
ACS Medicinal Chemistry Letters	5	3	4	0	0
AIAA AVIATION 2020 FORUM	6	3	3	1	0.167
AIAA Scitech 2020 Forum	6	3	3	0	0
AIP Conference Proceedings,INNOVATIONS IN THERMAL, MANUFACTURING, STRUCTURAL AND ENVIRONMENTAL ENGINEERING: ICITMSEE’24	5	3	5	0	0
APL Bioengineering	4	3	3	0	0
APL Photonics	4	3	3	0	0
ASME Journal of Heat and Mass Transfer	3	3	2	1	0.333
Abdominal Radiology	4	3	3	0	0
Acta Acustica	4	3	3	0	0
Acta Anaesthesiologica Scandinavica	16	3	10	1	0.0625
Acta Geophysica	3	3	3	0	0
Acta Geotechnica	13	3	8	3	0.231
Acta Limnologica Brasiliensia	4	3	4	0	0
Acta Mechanica Sinica	5	3	3	0	0
Acta Obstetricia et Gynecologica Scandinavica	4	3	4	0	0
Acta Ophthalmologica	4	3	4	0	0
Acta Veterinaria Scandinavica	5	3	3	0	0
Addiction Science &amp; Clinical Practice	3	3	3	0	0
Adjunct Proceedings of the 33rd ACM Conference on User Modeling, Adaptation and Personalization	5	3	4	0	0
Advances in Archaeological Practice	4	3	3	0	0
Advances in Intelligent Systems and Computing,International Conference on Innovative Computing and Communications	6	3	3	0	0
Advances in Physiology Education	3	3	2	0	0
Advances in Science and Research	5	3	3	0	0
Advances in Statistical Climatology, Meteorology and Oceanography	4	3	2	0	0
Aerobiologia	6	3	5	0	0
Agriculture and Human Values	4	3	3	0	0
Agroecology and Sustainable Food Systems	3	3	3	0	0
Ain Shams Engineering Journal	4	3	3	0	0
Alcohol and Alcoholism	4	3	2	0	0
Alimentary Pharmacology &amp; Therapeutics	5	3	4	0	0
Alzheimer's Research & Therapy	3	3	3	0	0
American Journal of Cancer Research	4	3	3	0	0
American Journal of Cultural Sociology	4	3	2	0	0
American Journal of Evaluation	8	3	2	0	0
American Journal of Human Biology	7	3	5	0	0
American Journal of Industrial Medicine	4	3	3	0	0
American Journal of Neuroradiology	6	3	5	0	0
American Journal of Obstetrics and Gynecology	4	3	4	0	0
American Journal of Pharmaceutical Education	3	3	1	0	0
American Journal of Physiology-Cell Physiology	3	3	2	0	0
American Journal of Physiology-Gastrointestinal and Liver Physiology	6	3	4	0	0
American Journal of Physiology-Lung Cellular and Molecular Physiology	9	3	7	0	0
American Journal of Psychiatry	3	3	3	0	0
American Journal of Reproductive Immunology	5	3	2	2	0.4
American Political Science Review	10	3	6	0	0
American Politics Research	5	3	3	0	0
Amyotrophic Lateral Sclerosis and Frontotemporal Degeneration	4	3	3	0	0
Analyses of Social Issues and Public Policy	6	3	3	0	0
Animal Biotelemetry	5	3	5	0	0
Animal Production Science	7	3	4	0	0
Annals of Data Science	4	3	2	0	0
Annals of Forest Science	5	3	3	0	0
Annals of Physics	5	3	3	0	0
Annals of Tourism Research Empirical Insights	3	3	3	0	0
Annals of Vascular Surgery	6	3	3	0	0
Annals of the American Thoracic Society	5	3	4	0	0
Annual Review of Biomedical Data Science	10	3	7	0	0
Anthropocene	4	3	2	0	0
Anthrozoös	3	3	2	0	0
Antimicrobial Stewardship &amp; Healthcare Epidemiology	4	3	3	0	0
Antiviral Research	3	3	3	0	0
AoB PLANTS	13	3	9	0	0
Applications in Energy and Combustion Science	5	3	4	0	0
Applications of Evolutionary Computation,Lecture Notes in Computer Science	7	3	4	0	0
Applied Clinical Informatics	3	3	3	0	0
Applied Data Science in Tourism,Tourism on the Verge	6	3	3	0	0
Applied Linguistics Review	5	3	3	2	0.4
Applied Mechanics	4	3	3	0	0
Applied Microbiology	4	3	4	0	0
Applied Ocean Research	8	3	6	0	0
Applied Psychological Measurement	3	3	3	0	0
Applied Psychophysiology and Biofeedback	4	3	3	2	0.5
Applied Research in Quality of Life	3	3	2	0	0
Applied Spatial Analysis and Policy	4	3	4	0	0
Applied Stochastic Models in Business and Industry	4	3	3	0	0
Applied Water Science	3	3	3	0	0
Aquaculture Environment Interactions	6	3	4	0	0
Aquaculture Research	4	3	3	0	0
Aquatic Ecology	7	3	5	0	0
Arabian Journal of Geosciences	5	3	4	0	0
Archives of Microbiology	5	3	4	0	0
Archives of Physical Medicine and Rehabilitation	8	3	6	0	0
Archives of Virology	6	3	5	0	0
Arctic, Antarctic, and Alpine Research	6	3	4	0	0
Array	5	3	3	0	0
Arteriosclerosis, Thrombosis, and Vascular Biology	5	3	4	0	0
Arthritis Care &amp; Research	3	3	3	0	0
Arthritis Research &amp; Therapy	6	3	5	0	0
Artificial Intelligence in Agriculture	5	3	3	0	0
Artificial Intelligence in the Life Sciences	4	3	4	0	0
Artificial Life and Robotics	4	3	3	0	0
Asia-Pacific Journal of Atmospheric Sciences	4	3	3	0	0
Asian Journal of Psychiatry	4	3	4	0	0
Asian Journal of Social Psychology	3	3	3	0	0
Astronomy Letters	3	3	3	0	0
Astroparticle Physics	4	3	2	0	0
Atlantic Journal of Communication	6	3	4	0	0
Auditory Perception &amp; Cognition	4	3	2	0	0
Australasian Plant Pathology	3	3	2	0	0
Australian &amp; New Zealand Journal of Statistics	4	3	3	1	0.25
Australian Journal of Botany	5	3	4	0	0
Australian Journal of Education	3	3	1	0	0
Automated Software Engineering	7	3	6	0	0
Avian Research	6	3	5	0	0
BIO-PROTOCOL	5	3	3	0	0
BJA Open	3	3	3	0	0
BJOG: An International Journal of Obstetrics &amp; Gynaecology	5	3	4	0	0
BJS Open	4	3	3	0	0
BMC Digital Health	3	3	3	0	0
BMC Genomic Data	7	3	4	0	0
BMC Immunology	4	3	3	0	0
BMC Nephrology	4	3	3	0	0
BMC Pediatrics	6	3	4	0	0
BMC Primary Care	3	3	3	0	0
BMC Pulmonary Medicine	4	3	3	0	0
BMC Rheumatology	3	3	3	0	0
BMJ Open Quality	5	3	4	0	0
BMJ Open Respiratory Research	6	3	4	0	0
Basin Research	3	3	3	0	0
Behavior Therapy	3	3	3	0	0
Beilstein Journal of Nanotechnology	3	3	2	0	0
Big Data &amp; Society	4	3	4	0	0
Big Earth Data	5	3	4	0	0
BioControl	3	3	3	0	0
BioScience	6	3	4	0	0
Biochemical Journal	4	3	2	0	0
Biochemical and Biophysical Research Communications	7	3	5	0	0
Biochemistry and Molecular Biology Education	6	3	4	0	0
Biochimie	5	3	4	0	0
Bioengineering &amp; Translational Medicine	3	3	3	1	0.333
Biological Research	3	3	3	0	0
Biology Bulletin	5	3	4	0	0
Biomarker Research	3	3	2	0	0
Biomass and Bioenergy	3	3	3	0	0
Biomimetic and Biohybrid Systems,Lecture Notes in Computer Science	5	3	3	0	0
Biomimetics	3	3	3	1	0.333
Biophysical Chemistry	5	3	4	0	0
Biophysical Reports	4	3	3	1	0.25
Biosensors and Bioelectronics	5	3	3	0	0
Biotechnology Journal	3	3	3	0	0
Biotechnology Progress	3	3	3	0	0
Biotechnology for Biofuels and Bioproducts	4	3	4	0	0
Bird Conservation International	4	3	4	0	0
Blood	11	3	7	0	0
Brazilian Journal of Microbiology	8	3	7	0	0
British Educational Research Journal	4	3	4	0	0
British Journal of Developmental Psychology	3	3	2	0	0
British Journal of Haematology	4	3	3	0	0
British Journal of Ophthalmology	3	3	2	0	0
British Journal of Surgery	4	3	3	0	0
Building Research &amp; Information	3	3	2	0	0
Business Strategy and the Environment	3	3	3	0	0
CNS Neuroscience &amp; Therapeutics	3	3	3	0	0
COVID	5	3	4	0	0
Calphad	3	3	3	0	0
Canadian Geotechnical Journal	4	3	4	0	0
Canadian Water Resources Journal / Revue canadienne des ressources hydriques	10	3	7	0	0
Cancer Control	3	3	2	0	0
Cancer Epidemiology	4	3	4	0	0
Cancer Imaging	3	3	3	0	0
Cancer Immunology, Immunotherapy	6	3	3	0	0
Cancer Letters	3	3	3	0	0
Cancer Prevention Research	3	3	1	0	0
Cancer Science	4	3	3	0	0
Cardiology in the Young	3	3	2	0	0
Celestial Mechanics and Dynamical Astronomy	5	3	2	0	0
Cell Communication and Signaling	4	3	3	0	0
Cell Death & Disease	6	3	6	0	0
Cell Death &amp; Differentiation	3	3	3	0	0
Cellular and Molecular Gastroenterology and Hepatology	4	3	3	0	0
Cellular and Molecular Life Sciences	7	3	5	0	0
Cement and Concrete Composites	4	3	4	0	0
Central European Journal of Operations Research	3	3	3	1	0.333
Chem Catalysis	5	3	3	0	0
ChemBioChem	5	3	4	2	0.4
ChemElectroChem	4	3	4	0	0
Chemical Physics Letters	4	3	3	0	0
Chemistry–Methods	6	3	3	0	0
Child Neuropsychology	6	3	4	0	0
Child and Adolescent Psychiatry and Mental Health	4	3	4	0	0
Child's Nervous System	4	3	3	0	0
Chinese Science Bulletin	3	3	3	0	0
Chronobiology International	4	3	3	0	0
Circulation: Cardiovascular Quality and Outcomes	6	3	2	0	0
City and Environment Interactions	3	3	3	0	0
Cleaner Engineering and Technology	4	3	3	0	0
Cleaner Environmental Systems	13	3	8	2	0.154
Climate Change Ecology	5	3	3	0	0
Climate Policy	5	3	4	0	0
Climate Services	4	3	4	0	0
Clinical Psychology in Europe	4	3	3	0	0
Clinical Science	5	3	4	0	0
Clinical Trials	5	3	4	0	0
Clinical and Experimental Dental Research	5	3	3	0	0
Coasts	3	3	3	0	0
Cogent Food &amp; Agriculture	4	3	3	0	0
Cognition, Technology &amp; Work	3	3	3	0	0
Cognitive Neuropsychology	4	3	3	0	0
Cold Regions Science and Technology	7	3	5	0	0
Combustion Theory and Modelling	5	3	3	0	0
Communication Research	4	3	4	0	0
Communications in Computer and Information Science,Artificial Intelligence and Machine Learning	3	3	2	0	0
Communications in Computer and Information Science,Data Mining	6	3	3	0	0
Communications in Computer and Information Science,High Performance Computing	5	3	3	0	0
Communications in Computer and Information Science,Nordic Artificial Intelligence Research and Development	4	3	3	0	0
Communications in Statistics - Simulation and Computation	4	3	3	0	0
Communications in Statistics: Case Studies, Data Analysis and Applications	4	3	2	0	0
Communications of the ACM	5	3	3	0	0
Companion Proceedings of the Web Conference 2021	6	3	3	0	0
Comparative Biochemistry and Physiology Part A: Molecular &amp; Integrative Physiology	10	3	9	0	0
Complex &amp; Intelligent Systems	4	3	4	0	0
Composites Communications	4	3	3	0	0
Computational Data and Social Networks,Lecture Notes in Computer Science	5	3	2	0	0
Computational Science and Its Applications – ICCSA 2022,Lecture Notes in Computer Science	6	3	3	0	0
Computational Science and Its Applications – ICCSA 2023 Workshops,Lecture Notes in Computer Science	3	3	2	0	0
Computational Science and Its Applications – ICCSA 2023,Lecture Notes in Computer Science	4	3	3	0	0
Computational Visual Media	3	3	3	0	0
Computational and Mathematical Methods in Medicine	6	3	3	0	0
Computer Modeling in Engineering &amp; Sciences	3	3	3	0	0
Computer Optics	5	3	3	0	0
Computer Supported Cooperative Work and Social Computing	3	3	2	0	0
Computer Vision and Image Understanding	5	3	4	0	0
Computer Vision – ECCV 2020,Lecture Notes in Computer Science	8	3	4	0	0
Computer-Aided Civil and Infrastructure Engineering	5	3	3	0	0
Computers & Education	3	3	3	0	0
Computers & Operations Research	3	3	3	0	0
Computers & Structures	3	3	3	0	0
Computers and Electrical Engineering	5	3	5	0	0
Computers in Human Behavior: Artificial Humans	5	3	3	0	0
Computers in Industry	5	3	3	0	0
Conflict Management and Peace Science	4	3	3	0	0
Conservation Genetics Resources	4	3	3	0	0
Counselling and Psychotherapy Research	8	3	5	0	0
Crime Science	3	3	2	0	0
Criminology &amp; Criminal Justice	3	3	2	0	0
Critical Care Explorations	8	3	6	0	0
Crop Breeding and Applied Biotechnology	5	3	3	0	0
Cross-Cultural Research	4	3	3	0	0
CrystEngComm	6	3	4	0	0
Crystals	5	3	4	0	0
Current Oncology	6	3	4	0	0
Current Opinion in Biotechnology	5	3	3	0	0
Current Opinion in Solid State and Materials Science	4	3	3	0	0
Current Research in Ecological and Social Psychology	5	3	3	0	0
Current Research in Food Science	3	3	3	0	0
Current Research in Insect Science	4	3	3	0	0
Current Research in Parasitology &amp; Vector-Borne Diseases	3	3	3	0	0
Czech Sociological Review	5	3	2	0	0
DNA Research	5	3	3	0	0
Data Science and Management	3	3	2	0	0
Data and Information Management	4	3	3	0	0
Death Studies	4	3	3	0	0
Democratization	5	3	3	0	0
Development, Growth &amp; Differentiation	8	3	6	0	0
Developments in the Built Environment	3	3	3	0	0
Deviant Behavior	6	3	5	0	0
Diabetes Research and Clinical Practice	6	3	3	0	0
Diabetes, Obesity and Metabolism	5	3	5	0	0
Diagnostic Molecular Pathology	3	3	1	0	0
Digital Biomarkers	4	3	3	0	0
Digital Chemical Engineering	3	3	3	0	0
Discover Conservation	3	3	2	0	0
Discover Psychology	3	3	3	0	0
Discrete &amp; Computational Geometry	3	3	3	0	0
Drone Systems and Applications	4	3	2	1	0.25
Drugs: Education, Prevention and Policy	6	3	2	0	0
Dysphagia	4	3	3	0	0
Düzce Üniversitesi Bilim ve Teknoloji Dergisi	4	3	3	0	0
ECML PKDD 2020 Workshops,Communications in Computer and Information Science	6	3	3	6	1
EMBO Reports	4	3	4	0	0
ERJ Open Research	5	3	4	0	0
ESMO Open	6	3	4	0	0
EURASIP Journal on Audio, Speech, and Music Processing	14	3	7	0	0
Earth	5	3	4	0	0
Earth Science, Systems and Society	4	3	4	0	0
Eating and Weight Disorders - Studies on Anorexia, Bulimia and Obesity	3	3	2	0	0
Ecological Processes	6	3	3	0	0
Econometrics and Statistics	4	3	3	0	0
Economics Letters	5	3	3	0	0
Ecosystems and People	3	3	3	0	0
Education for Chemical Engineers	5	3	3	0	0
Educational Psychology Review	5	3	4	0	0
Egyptian Informatics Journal	4	3	3	0	0
El Profesional de la información	6	3	4	0	0
Emerging Microbes &amp; Infections	6	3	6	0	0
Emu - Austral Ornithology	6	3	4	0	0
Endocrines	3	3	1	0	0
Endocrinology	4	3	3	0	0
Engineering Proceedings	3	3	3	0	0
English Language and Linguistics	5	3	3	0	0
Environment and Behavior	5	3	2	0	0
Environmental Challenges	3	3	3	0	0
Environmental Education Research	3	3	2	0	0
Environmental Health	9	3	6	0	0
Environmental Innovation and Societal Transitions	3	3	3	0	0
Environmental Science &amp; Technology Letters	3	3	2	0	0
Environmental Science: Nano	8	3	6	0	0
Epigenetics	9	3	6	0	0
Epigenomics	5	3	3	0	0
Epilepsy &amp; Behavior	4	3	3	0	0
Ethics &amp; Behavior	3	3	3	0	0
Ethology Ecology &amp; Evolution	4	3	3	0	0
Eurasian Soil Science	4	3	3	0	0
Euro-Par 2021: Parallel Processing Workshops,Lecture Notes in Computer Science	6	3	2	2	0.333
European Actuarial Journal	5	3	4	0	0
European Journal of Cardio-Thoracic Surgery	7	3	5	0	0
European Journal of Clinical Investigation	4	3	2	0	0
European Journal of Clinical Microbiology &amp; Infectious Diseases	4	3	4	1	0.25
European Journal of Clinical Pharmacology	3	3	3	0	0
European Journal of Entomology	5	3	3	0	0
European Journal of Inorganic Chemistry	4	3	3	0	0
European Journal of Investigation in Health, Psychology and Education	7	3	4	0	0
European Journal of Medical Research	3	3	3	0	0
European Journal of Nuclear Medicine and Molecular Imaging	5	3	5	0	0
European Journal of Obstetrics &amp; Gynecology and Reproductive Biology	3	3	3	0	0
European Journal of Pediatrics	4	3	4	0	0
European Journal of Psychology of Education	6	3	6	0	0
European Journal of Soil Biology	7	3	4	0	0
European Journal of Wood and Wood Products	4	3	3	0	0
European Political Science Review	7	3	3	0	0
European Psychiatry	3	3	2	0	0
European Stroke Journal	4	3	3	0	0
Evidence-Based Complementary and Alternative Medicine	6	3	2	0	0
Evolution &amp; Development	3	3	3	0	0
Evolutionary Intelligence	3	3	3	0	0
Experimental Agriculture	3	3	1	0	0
Experimental Psychology	5	3	5	0	0
Expert Review of Proteomics	5	3	3	0	0
Extended Abstracts of the 2023 CHI Conference on Human Factors in Computing Systems	3	3	3	0	0
Extended Abstracts of the CHI Conference on Human Factors in Computing Systems	3	3	2	0	0
FEMS Microbes	8	3	4	0	0
Family Process	4	3	3	0	0
Fifteenth ACM Conference on Recommender Systems	8	3	4	0	0
Fire Safety Journal	4	3	3	0	0
First International Meeting for Applied Geoscience & Energy Expanded Abstracts	3	3	3	0	0
First International Meeting for Applied Geoscience &amp; Energy Expanded Abstracts	3	3	3	0	0
Fish &amp; Shellfish Immunology	6	3	4	0	0
Fish and Fisheries	9	3	5	0	0
Flow, Turbulence and Combustion	3	3	2	0	0
Fluid Phase Equilibria	4	3	3	0	0
Fluids and Barriers of the CNS	4	3	4	0	0
Folia Linguistica	3	3	3	0	0
Food Microbiology	12	3	9	0	0
Footwear Science	3	3	2	0	0
Forensic Genomics	4	3	2	0	0
Fractal and Fractional	3	3	3	0	0
Free Radical Biology and Medicine	3	3	3	0	0
Frontiers in Agronomy	15	3	11	0	0
Frontiers in Bioscience-Scholar	3	3	2	0	0
Frontiers in Environmental Economics	3	3	1	0	0
Frontiers in Neurorobotics	4	3	3	0	0
Frontiers of Architectural Research	4	3	3	0	0
Fungal Ecology	11	3	8	0	0
Future Business Journal	3	3	3	0	0
Future Transportation	4	3	3	0	0
Genes &amp; Genomics	3	3	3	0	0
Genes, Brain and Behavior	7	3	4	0	0
Genetic Programming and Evolvable Machines	6	3	3	0	0
Genetic Resources	3	3	3	0	0
Geochemistry: Exploration, Environment, Analysis	3	3	3	0	0
Geological Society, London, Special Publications	6	3	5	0	0
Geophysical &amp; Astrophysical Fluid Dynamics	5	3	4	2	0.4
Geophysical Prospecting	4	3	4	0	0
Geophysics	3	3	3	0	0
German Journal of Exercise and Sport Research	5	3	3	0	0
Gifted Child Quarterly	5	3	2	0	0
Global and Planetary Change	3	3	3	0	0
Globalization and Health	3	3	3	0	0
Glossa: a journal of general linguistics	8	3	7	0	0
Glossa: a journal of general linguistics,Volume 8	3	3	3	0	0
Government and Opposition	4	3	3	0	0
Graefe's Archive for Clinical and Experimental Ophthalmology	3	3	3	0	0
Groundwater	6	3	3	0	0
Groundwater for Sustainable Development	5	3	4	0	0
Géotechnique	11	3	5	4	0.364
Habitat International	4	3	4	0	0
Handbuch Digitale Medien und Methoden	3	3	1	0	0
Headache: The Journal of Head and Face Pain	3	3	2	0	0
Health &amp; Place	5	3	5	0	0
Health Education &amp; Behavior	3	3	3	0	0
Health Informatics Journal	4	3	3	0	0
Health Promotion International	3	3	3	0	0
Health and Social Care Delivery Research	3	3	3	0	0
Herald of the Bauman Moscow State Technical University. Series Instrument Engineering	6	3	1	0	0
High Power Laser Science and Engineering	4	3	3	0	0
Hippocampus	3	3	3	0	0
Human Communication Research	4	3	3	0	0
Human Gene	5	3	2	0	0
Human Reproduction	9	3	6	0	0
Human Resources for Health	5	3	3	0	0
ICASSP 2021 - 2021 IEEE International Conference on Acoustics, Speech and Signal Processing (ICASSP)	22	3	9	0	0
ICC 2025 - IEEE International Conference on Communications	4	3	3	0	0
ICST Transactions on Scalable Information Systems	3	3	3	0	0
IEEE Computer Graphics and Applications	7	3	6	0	0
IEEE Embedded Systems Letters	4	3	3	2	0.5
IEEE Geoscience and Remote Sensing Letters	6	3	5	0	0
IEEE Geoscience and Remote Sensing Magazine	5	3	2	0	0
IEEE Journal on Emerging and Selected Topics in Circuits and Systems	5	3	3	0	0
IEEE Open Journal of Antennas and Propagation	3	3	2	0	0
IEEE Reviews in Biomedical Engineering	3	3	3	1	0.333
IEEE Transactions on Applied Superconductivity	4	3	3	0	0
IEEE Transactions on Big Data	4	3	4	0	0
IEEE Transactions on Circuits and Systems II: Express Briefs	3	3	3	0	0
IEEE Transactions on Circuits and Systems for Video Technology	3	3	3	0	0
IEEE Transactions on Cognitive and Developmental Systems	3	3	3	0	0
IEEE Transactions on Computational Biology and Bioinformatics	11	3	11	0	0
IEEE Transactions on Control Systems Technology	3	3	2	0	0
IEEE Transactions on Fuzzy Systems	7	3	5	0	0
IEEE Transactions on Industry Applications	3	3	3	0	0
IEEE Transactions on Medical Robotics and Bionics	3	3	3	0	0
IEEE Transactions on Multimedia	8	3	7	0	0
IEEE Transactions on Nuclear Science	4	3	3	0	0
IEEE Transactions on Power Delivery	4	3	3	0	0
IEEE Transactions on Power Systems	4	3	3	0	0
IEICE Transactions on Information and Systems	4	3	3	0	0
IET Smart Cities	4	3	2	0	0
IFMBE Proceedings,XXIX Brazilian Congress on Biomedical Engineering - Volume 2: Tissue Engineering, Clinical Engineering and Computational Modeling in Biomedical Engineering	3	3	3	0	0
IJID Regions	6	3	5	0	0
Immunobiology	4	3	3	0	0
Immunology &amp; Cell Biology	4	3	3	0	0
Implementation Science Communications	6	3	4	0	0
Indoor Air	5	3	3	0	0
Infant and Child Development	5	3	4	0	0
Infection Control & Hospital Epidemiology	3	3	3	0	0
Infectious Disease Reports	6	3	4	0	0
Infectious Diseases	3	3	2	0	0
Infectious Diseases of Poverty	4	3	3	0	0
Informatica	4	3	2	0	0
Informatics and Automation,Информатика и автоматизация	4	3	3	0	0
Information Technology &amp; Tourism	3	3	3	0	0
Information, Communication & Society	6	3	5	0	0
Infrastructures	5	3	5	0	0
Innovative Food Science &amp; Emerging Technologies	4	3	3	0	0
Innovative Higher Education	6	3	5	0	0
Insectes Sociaux	4	3	3	0	0
Intelligence and National Security	5	3	4	0	0
Intelligent Automation &amp; Soft Computing	3	3	3	0	0
Intelligent Data Analysis: An International Journal	3	3	3	0	0
Intelligent Information and Database Systems,Lecture Notes in Computer Science	4	3	3	0	0
Intelligent Systems Design and Applications,Lecture Notes in Networks and Systems	5	3	3	0	0
Intensive Care Medicine	9	3	7	0	0
Intensive Care Medicine Experimental	6	3	4	0	0
Interactive Journal of Medical Research	4	3	3	0	0
Interdisciplinary Sciences: Computational Life Sciences	8	3	4	0	0
International Journal for Equity in Health	4	3	2	0	0
International Journal for Parasitology: Parasites and Wildlife	13	3	8	0	0
International Journal of Advanced Research in Science, Communication and Technology	3	3	2	0	0
International Journal of Behavioral Nutrition and Physical Activity	7	3	4	0	0
International Journal of Cancer	10	3	7	2	0.2
International Journal of Computational Fluid Dynamics	5	3	3	0	0
International Journal of Electrical Power & Energy Systems	3	3	3	0	0
International Journal of Energy Research	4	3	3	0	0
International Journal of Epidemiology	5	3	3	2	0.4
International Journal of Health Geographics	3	3	3	0	0
International Journal of Heat and Fluid Flow	4	3	3	0	0
International Journal of Hygiene and Environmental Health	9	3	6	0	0
International Journal of Information Management	5	3	3	0	0
International Journal of Information Security	3	3	3	0	0
International Journal of Language &amp; Communication Disorders	6	3	3	0	0
International Journal of Legal Medicine	5	3	4	0	0
International Journal of Mental Health Nursing	5	3	5	0	0
International Journal of Modern Physics A	4	3	3	2	0.5
International Journal of Modern Physics D	6	3	3	0	0
International Journal of Obesity	4	3	3	0	0
International Journal of Pavement Engineering	7	3	5	2	0.286
International Journal of Performance Analysis in Sport	4	3	3	0	0
International Journal of Plant Production	7	3	5	0	0
International Journal of Science Education	9	3	5	0	0
International Journal of Sustainable Transportation	4	3	3	0	0
International Journal of Thermofluids	3	3	2	0	0
International Journal of Thermophysics	5	3	2	4	0.8
International Journal of Transportation Science and Technology	5	3	3	0	0
International Microbiology	3	3	3	0	0
International Review of Applied Linguistics in Language Teaching	6	3	5	0	0
International Statistical Review	4	3	3	0	0
Irish Political Studies	5	3	2	0	0
Irrigation Science	7	3	4	2	0.286
J	3	3	2	0	0
JACC: Cardiovascular Imaging	4	3	3	1	0.25
JACC: Heart Failure	3	3	2	0	0
JAIDS Journal of Acquired Immune Deficiency Syndromes	4	3	3	0	0
JCPP Advances	4	3	3	0	0
JETP Letters	4	3	3	0	0
JMIR AI	4	3	4	0	0
JMIR Bioinformatics and Biotechnology	3	3	3	0	0
JMIR Medical Education	4	3	3	0	0
JNCI: Journal of the National Cancer Institute	8	3	5	0	0
JOM	7	3	4	2	0.286
Journal of Advanced Nursing	4	3	3	0	0
Journal of Advances in Information Technology	4	3	3	0	0
Journal of African Earth Sciences	4	3	3	0	0
Journal of Agriculture, Food Systems, and Community Development	3	3	2	0	0
Journal of American College Health	5	3	4	0	0
Journal of Animal Breeding and Genetics	5	3	4	0	0
Journal of Apicultural Research	4	3	3	0	0
Journal of Applied Meteorology and Climatology	10	3	5	0	0
Journal of Applied and Computational Topology	9	3	6	2	0.222
Journal of Artificial Intelligence and Soft Computing Research	4	3	3	0	0
Journal of Bacteriology	11	3	7	1	0.0909
Journal of Biomedical Semantics	4	3	3	0	0
Journal of Biopharmaceutical Statistics	5	3	3	0	0
Journal of Broadcasting &amp; Electronic Media	3	3	2	0	0
Journal of Cachexia, Sarcopenia and Muscle	8	3	5	0	0
Journal of Catalysis	3	3	2	0	0
Journal of Cellular and Molecular Medicine	5	3	3	0	0
Journal of Cereal Science	3	3	3	0	0
Journal of Chemical Ecology	7	3	6	0	0
Journal of Clinical Epidemiology	6	3	5	0	0
Journal of Clinical Laboratory Analysis	4	3	3	0	0
Journal of Clinical Pathology	5	3	3	0	0
Journal of Clinical Periodontology	4	3	3	0	0
Journal of Clinical Virology	7	3	5	0	0
Journal of Clinical and Translational Science	10	3	6	0	0
Journal of Coastal Research	4	3	3	0	0
Journal of Cognitive Enhancement	5	3	4	1	0.2
Journal of Colloid and Interface Science	7	3	5	0	0
Journal of Communication	7	3	4	0	0
Journal of Composite Materials	3	3	3	0	0
Journal of Computational Neuroscience	4	3	3	0	0
Journal of Computing and Information Science in Engineering	5	3	3	0	0
Journal of Consumer Behaviour	3	3	3	0	0
Journal of Consumer Psychology	4	3	2	0	0
Journal of Contaminant Hydrology	3	3	3	0	0
Journal of Contextual Behavioral Science	11	3	8	0	0
Journal of Criminal Justice	4	3	3	0	0
Journal of Crohn's and Colitis	7	3	5	0	0
Journal of Crustacean Biology	4	3	3	0	0
Journal of Cultural Cognitive Science	4	3	3	0	0
Journal of Digital Imaging	8	3	4	0	0
Journal of Dynamic Systems, Measurement, and Control	4	3	3	0	0
Journal of Economic Surveys	5	3	2	0	0
Journal of Electromyography and Kinesiology	7	3	5	0	0
Journal of Empirical Legal Studies	5	3	3	0	0
Journal of Endocrinological Investigation	4	3	3	0	0
Journal of Energy Chemistry	3	3	3	0	0
Journal of Energy Resources Technology	3	3	3	0	0
Journal of Engineering Education	5	3	4	0	0
Journal of Engineering for Gas Turbines and Power	3	3	3	0	0
Journal of English Linguistics	5	3	3	0	0
Journal of Environmental Planning and Management	4	3	4	0	0
Journal of Ethnic and Migration Studies	4	3	3	0	0
Journal of Evaluation in Clinical Practice	3	3	3	0	0
Journal of Experimental &amp; Theoretical Artificial Intelligence	4	3	3	0	0
Journal of Experimental Medicine	16	3	11	0	0
Journal of Experimental Zoology Part A: Ecological and Integrative Physiology	10	3	9	0	0
Journal of Fish and Wildlife Management	6	3	4	0	0
Journal of Food Engineering	7	3	5	0	0
Journal of Food System Research	4	3	2	0	0
Journal of Forensic Sciences	4	3	3	0	0
Journal of Functional Morphology and Kinesiology	8	3	6	0	0
Journal of Gambling Studies	12	3	7	0	0
Journal of Genetic Engineering and Biotechnology	4	3	3	0	0
Journal of Global Fashion Marketing	3	3	1	0	0
Journal of Global Health	6	3	4	0	0
Journal of Health Communication	4	3	3	0	0
Journal of Heredity	9	3	6	0	0
Journal of Hydrodynamics	5	3	3	0	0
Journal of Hydrology X	5	3	3	2	0.4
Journal of Infection and Public Health	9	3	8	0	0
Journal of Information Processing	5	3	3	0	0
Journal of Information Technology &amp; Politics	9	3	7	0	0
Journal of Integrative Agriculture	4	3	3	0	0
Journal of Integrative Neuroscience	3	3	3	0	0
Journal of Intellectual Disability Research	4	3	3	0	0
Journal of Investigative Dermatology	14	3	10	0	0
Journal of Language and Social Psychology	3	3	3	0	0
Journal of Linguistic Geography	5	3	4	0	0
Journal of Location Based Services	3	3	1	0	0
Journal of Loss Prevention in the Process Industries	6	3	4	0	0
Journal of Machine Learning for Modeling and Computing	5	3	2	0	0
Journal of Mammalian Evolution	7	3	4	0	0
Journal of Mammary Gland Biology and Neoplasia	3	3	2	0	0
Journal of Manufacturing Science and Engineering	5	3	3	0	0
Journal of Manufacturing and Materials Processing	4	3	3	0	0
Journal of Map &amp; Geography Libraries	4	3	3	0	0
Journal of Maps	6	3	3	0	0
Journal of Mass Spectrometry and Advances in the Clinical Lab	13	3	5	0	0
Journal of Materials Engineering and Performance	3	3	3	0	0
Journal of Materials Research	6	3	5	1	0.167
Journal of Membrane Science	4	3	3	0	0
Journal of Microbiological Methods	5	3	4	0	0
Journal of Microscopy	7	3	6	2	0.286
Journal of Mixed Methods Research	3	3	2	0	0
Journal of Molecular Graphics and Modelling	9	3	7	0	0
Journal of Multivariate Analysis	4	3	3	0	0
Journal of Nanobiotechnology	3	3	3	0	0
Journal of Natural Gas Science and Engineering	6	3	3	0	0
Journal of Natural History	9	3	7	0	0
Journal of Nephrology	4	3	3	0	0
Journal of Neuro-Oncology	6	3	5	0	0
Journal of Neurochemistry	3	3	3	0	0
Journal of Neuroimaging	4	3	3	2	0.5
Journal of Neuromuscular Diseases	3	3	3	0	0
Journal of New Music Research	4	3	4	0	0
Journal of Numerical Cognition	6	3	3	0	0
Journal of Numerical Mathematics	7	3	5	0	0
Journal of Ocean Engineering and Marine Energy	6	3	6	0	0
Journal of Optimization Theory and Applications	4	3	4	0	0
Journal of Oral Microbiology	4	3	3	0	0
Journal of Organizational Behavior	5	3	3	0	0
Journal of Orthopaedics	4	3	3	0	0
Journal of Outdoor Recreation and Tourism	4	3	3	0	0
Journal of Pacific Rim Psychology	3	3	3	0	0
Journal of Parasitology	4	3	3	0	0
Journal of Pediatric Psychology	3	3	3	0	0
Journal of Personality Assessment	9	3	7	0	0
Journal of Phycology	5	3	5	0	0
Journal of Physical Activity and Health	5	3	4	0	0
Journal of Physics and Chemistry of Solids	10	3	7	0	0
Journal of Physics: Photonics	6	3	5	0	0
Journal of Plant Ecology	4	3	3	0	0
Journal of Plant Nutrition and Soil Science	8	3	5	0	0
Journal of Policy and Practice in Intellectual Disabilities	6	3	2	0	0
Journal of Polymer Science	3	3	2	0	0
Journal of Process Control	3	3	3	1	0.333
Journal of Proteomics	8	3	7	0	0
Journal of Psychopathology and Behavioral Assessment	5	3	4	0	0
Journal of Public Health	11	3	10	0	0
Journal of Quality Technology	3	3	3	1	0.333
Journal of Quantitative Linguistics	3	3	3	0	0
Journal of Raptor Research	5	3	3	0	0
Journal of Remote Sensing	4	3	3	0	0
Journal of Research in Science Teaching	8	3	6	0	0
Journal of Research on Adolescence	3	3	3	0	0
Journal of Research on Educational Effectiveness	4	3	3	0	0
Journal of Safety Research	5	3	3	0	0
Journal of Simulation	4	3	3	0	0
Journal of Space Weather and Space Climate	5	3	3	0	0
Journal of Sport Rehabilitation	3	3	3	0	0
Journal of Sport and Health Science	4	3	3	0	0
Journal of Strength and Conditioning Research	4	3	3	0	0
Journal of Stroke and Cerebrovascular Diseases	5	3	3	0	0
Journal of Structural Engineering	4	3	3	0	0
Journal of Surgical Research	6	3	6	0	0
Journal of Sustainable Water in the Built Environment	5	3	3	0	0
Journal of Technology in Behavioral Science	5	3	4	0	0
Journal of Theoretical and Applied Electronic Commerce Research	7	3	4	0	0
Journal of Trace Elements in Medicine and Biology	4	3	3	0	0
Journal of Transport &amp; Health	5	3	5	0	0
Journal of Transportation Engineering, Part A: Systems	7	3	6	0	0
Journal of Travel &amp; Tourism Marketing	3	3	2	0	0
Journal of Ultrasound in Medicine	4	3	3	0	0
Journal of Veterinary Behavior	3	3	2	0	0
Journal of Visualization	24	3	15	0	0
Journal of Wood Science	5	3	2	0	0
Journal of Zoological and Botanical Gardens	7	3	5	0	0
Journal of the American Ceramic Society	4	3	3	0	0
Journal of the American College of Cardiology	4	3	2	0	0
Journal of the International Phonetic Association	9	3	7	0	0
Journal of the Knowledge Economy	3	3	3	0	0
Journal of the Operational Research Society	4	3	3	0	0
Journal of the Royal Statistical Society: Series B (Statistical Methodology)	3	3	3	0	0
Journal of the World Aquaculture Society	3	3	3	0	0
Journal on Computing and Cultural Heritage	7	3	3	0	0
KI 2021: Advances in Artificial Intelligence,Lecture Notes in Computer Science	6	3	2	0	0
KN - Journal of Cartography and Geographic Information	3	3	3	0	0
Kidney International Reports	10	3	5	0	0
Kidney Medicine	3	3	3	0	0
Kindheit und Entwicklung	3	3	2	0	0
Knowledge &amp; Management of Aquatic Ecosystems	4	3	4	1	0.25
Korean Journal of Journalism &amp; Communication Studies	3	3	2	0	0
LWT	5	3	3	0	0
Laboratory Animals	4	3	3	0	0
Landscape and Ecological Engineering	4	3	4	0	0
Language Acquisition	5	3	3	0	0
Language Dynamics and Change	3	3	3	0	0
Language Testing	3	3	3	0	0
Language and Literature: International Journal of Stylistics	6	3	3	0	0
Laser &amp; Photonics Reviews	4	3	3	0	0
Laterality	4	3	2	0	0
Learning and Instruction	6	3	5	0	0
Learning, Media and Technology	4	3	3	0	0
Lecture Notes in Computer Science,AI 2021: Advances in Artificial Intelligence	8	3	3	0	0
Lecture Notes in Computer Science,Advanced Data Mining and Applications	3	3	3	0	0
Lecture Notes in Computer Science,Computational Science and Its Applications – ICCSA 2025 Workshops	3	3	3	0	0
Lecture Notes in Computer Science,Computer Vision – ECCV 2022 Workshops	5	3	4	0	0
Lecture Notes in Computer Science,Experimental IR Meets Multilinguality, Multimodality, and Interaction	4	3	3	0	0
Lecture Notes in Computer Science,Functional Imaging and Modeling of the Heart	3	3	3	0	0
Lecture Notes in Computer Science,Human Aspects of IT for the Aged Population	3	3	1	0	0
Lecture Notes in Computer Science,Hybrid Artificial Intelligent Systems	9	3	7	0	0
Lecture Notes in Computer Science,Intelligent Data Engineering and Automated Learning – IDEAL 2024	3	3	3	0	0
Lecture Notes in Computer Science,Machine Learning and Knowledge Discovery in Databases. Applied Data Science Track	3	3	3	1	0.333
Lecture Notes in Computer Science,Machine Learning and Knowledge Discovery in Databases. Research Track and Demo Track	3	3	3	0	0
Lecture Notes in Computer Science,Machine Learning, Optimization, and Data Science	5	3	4	0	0
Lecture Notes in Computer Science,Medical Image Computing and Computer Assisted Intervention – MICCAI 2023	8	3	8	0	0
Lecture Notes in Computer Science,MultiMedia Modeling	6	3	5	0	0
Lecture Notes in Computer Science,Parallel Problem Solving from Nature – PPSN XVII	8	3	4	2	0.25
Lecture Notes in Computer Science,Progress in Artificial Intelligence	4	3	3	0	0
Lecture Notes in Computer Science,Rough Sets	3	3	3	0	0
Lecture Notes in Computer Science,Similarity Search and Applications	5	3	5	0	0
Lecture Notes in Computer Science,Speech and Computer	3	3	2	0	0
Lecture Notes in Computer Science,Web Engineering	5	3	3	0	0
Lecture Notes in Electrical Engineering,ELECTRIMACS 2022	3	3	3	0	0
Lecture Notes in Energy,Machine Learning and Its Application to Reacting Flows	3	3	1	0	0
Lecture Notes in Mathematics,Model Order Reduction and Applications	3	3	1	0	0
Lecture Notes in Networks and Systems,Intelligent Computing	6	3	5	0	0
Lecture Notes in Networks and Systems,Intelligent Systems and Applications	4	3	3	0	0
Lecture Notes in Networks and Systems,Proceedings of 17th International Conference on Machine Learning and Computing	3	3	2	0	0
Lecture Notes of the Institute for Computer Sciences, Social Informatics and Telecommunications Engineering,Mobile and Ubiquitous Systems: Computing, Networking and Services	3	3	2	0	0
Lecture Notes of the Institute for Computer Sciences, Social Informatics and Telecommunications Engineering,Simulation Tools and Techniques	3	3	3	1	0.333
Legal and Criminological Psychology	4	3	3	0	0
Leukemia	4	3	4	0	0
Limnology	4	3	3	0	0
Linguistic Approaches to Bilingualism	8	3	6	0	0
Linguistic Typology	8	3	5	1	0.125
Lipids in Health and Disease	3	3	3	0	0
Literature	3	3	3	0	0
MRS Advances	5	3	4	0	0
Macromolecular Rapid Communications	3	3	3	0	0
Magnetic Resonance in Medical Sciences	3	3	2	0	0
Mammal Research	5	3	3	0	0
Management Science	4	3	3	0	0
Marine Biodiversity	8	3	8	0	0
Marine Geology	4	3	3	0	0
Materials Chemistry and Physics	3	3	3	0	0
Materials Letters	5	3	3	0	0
Mathematics and Mechanics of Solids	6	3	5	0	0
Meat Science	10	3	8	0	0
Medical Decision Making	6	3	3	0	0
Medical Image Computing and Computer Assisted Intervention – MICCAI 2020,Lecture Notes in Computer Science	6	3	3	0	0
Medical Mycology	3	3	2	0	0
Mensch und Computer 2023	3	3	1	0	0
Mental Health &amp; Prevention	3	3	3	0	0
Metabarcoding and Metagenomics	7	3	6	0	0
Metabolic Engineering	5	3	3	0	0
Metabolic Engineering Communications	6	3	3	1	0.167
Metals	4	3	3	0	0
Methods in Molecular Biology,Evolutionary Genomics	6	3	2	2	0.333
Methods in Molecular Biology,RNA Bioinformatics	9	3	4	2	0.222
Metrics	7	3	3	0	0
Microbes and Infection	3	3	2	0	0
Microbial Biotechnology	3	3	3	0	0
Microbiome Research Reports	3	3	3	0	0
Microplastics and Nanoplastics	10	3	7	0	0
Microscopy Research and Technique	5	3	4	0	0
Mining, Metallurgy &amp; Exploration	3	3	3	0	0
Mitochondrial DNA Part B	14	3	7	0	0
Modelling	4	3	3	0	0
Molecular & Cellular Proteomics	3	3	3	0	0
Molecular Breeding	3	3	3	0	0
Molecular Cancer	5	3	5	0	0
Molecular Cancer Therapeutics	8	3	4	0	0
Molecular Diagnosis &amp; Therapy	3	3	3	0	0
Molecular Genetics and Metabolism	4	3	3	0	0
Molecular Human Reproduction	5	3	3	0	0
Molecular Informatics	8	3	8	0	0
Molecular Nutrition &amp; Food Research	6	3	6	0	0
Molecular Plant Pathology	5	3	4	0	0
Molecular Therapy - Nucleic Acids	6	3	4	0	0
Molecular and Cellular Biology	5	3	3	0	0
Mucosal Immunology	8	3	7	0	0
MultiMedia Modeling,Lecture Notes in Computer Science	8	3	5	0	0
Multibody System Dynamics	5	3	4	0	0
Multiscale Modeling &amp; Simulation	4	3	3	0	0
Music Perception: An Interdisciplinary Journal	4	3	4	0	0
Musik und Internet,Musik und Medien	3	3	3	0	0
Mycologia	7	3	5	0	0
Mycorrhiza	5	3	5	0	0
NAR Molecular Medicine	3	3	3	0	0
NEJM AI	4	3	3	0	0
NIHR Open Research	4	3	4	0	0
Natural Language Engineering	6	3	2	0	0
Nature Cardiovascular Research	5	3	4	0	0
Nature Reviews Gastroenterology &amp; Hepatology	3	3	2	0	0
Nature Reviews Genetics	6	3	4	0	0
Nephrology	3	3	2	0	0
Nephrology Dialysis Transplantation	5	3	4	0	0
Network Science	6	3	3	0	0
Neurology Neuroimmunology &amp; Neuroinflammation	6	3	6	0	0
Neuroradiology	4	3	3	0	0
Neuroscience of Consciousness	4	3	4	0	0
New Biotechnology	3	3	3	0	0
New Forests	3	3	3	0	0
Next Research	4	3	4	0	0
Nonlinear Theory and Its Applications, IEICE	4	3	3	0	0
North American Actuarial Journal	4	3	3	0	0
Nuclear Engineering and Technology	4	3	3	0	0
Nurse Education Today	7	3	5	0	0
OCEANS 2021: San Diego – Porto	6	3	3	0	0
Omega	4	3	3	0	0
One Health	7	3	6	0	0
Open Geosciences	4	3	4	0	0
Operations Research	4	3	3	0	0
Operative Neurosurgery	3	3	3	0	0
Ophthalmic and Physiological Optics	3	3	3	0	0
Ophthalmology Retina	4	3	2	0	0
Optical Materials Express	5	3	3	0	0
Organic &amp; Biomolecular Chemistry	3	3	3	1	0.333
Organic Agriculture	3	3	2	0	0
Organisms Diversity & Evolution	3	3	3	0	0
Organizational Behavior and Human Decision Processes	8	3	5	0	0
Oryx	3	3	3	0	0
Osteoarthritis and Cartilage	6	3	3	0	0
Osteology	3	3	1	0	0
Ostrich	4	3	3	0	0
Otolaryngology–Head and Neck Surgery	5	3	4	0	0
Otology &amp; Neurotology	3	3	3	0	0
PLOS Complex Systems	5	3	5	1	0.2
PLOS Mental Health	5	3	4	0	0
PLOS Sustainability and Transformation	3	3	3	0	0
Pain Medicine	3	3	2	0	0
Pain Research and Management	3	3	3	0	0
Palaeontology	6	3	4	1	0.167
Parasitology	8	3	6	0	0
Pattern Analysis and Applications	5	3	4	0	0
Pediatric Anesthesia	3	3	2	0	0
Pediatric Blood &amp; Cancer	5	3	5	0	0
Pediatric Cardiology	4	3	4	0	0
Pediatric Nephrology	6	3	4	0	0
Pediatric Surgery International	5	3	3	0	0
Pervasive and Mobile Computing	5	3	3	0	0
Pharmaceutical Research	6	3	4	0	0
Physical Biology	3	3	2	0	0
Physics and Chemistry of the Earth, Parts A/B/C	4	3	3	0	0
Physics of Particles and Nuclei	3	3	2	0	0
PhytoKeys	5	3	4	0	0
Plant Direct	12	3	11	0	0
Plant Ecology and Evolution	3	3	3	0	0
Plant Reproduction	3	3	2	0	0
Planta	8	3	7	0	0
Policy Studies Journal	5	3	4	0	0
Political Studies	3	3	2	0	0
Political Studies Review	8	3	5	0	0
Politics and Religion	5	3	3	0	0
Population Studies	5	3	4	0	0
Probiotics and Antimicrobial Proteins	7	3	5	0	0
Proceedings of the 10th International Conference on Digital Libraries for Musicology	4	3	3	0	0
Proceedings of the 12th ACM Conference on Bioinformatics, Computational Biology, and Health Informatics	6	3	3	0	0
Proceedings of the 14th ACM International Conference on Bioinformatics, Computational Biology, and Health Informatics	3	3	3	0	0
Proceedings of the 16th ACM International Conference on Future and Sustainable Energy Systems	4	3	4	0	0
Proceedings of the 19th International Conference on Availability, Reliability and Security	4	3	4	1	0.25
Proceedings of the 2021 AAAI/ACM Conference on AI, Ethics, and Society	6	3	3	0	0
Proceedings of the 2021 CHI Conference on Human Factors in Computing Systems	8	3	4	0	0
Proceedings of the 2024 International Conference on Multimedia Retrieval	3	3	3	0	0
Proceedings of the 2025 ACM Conference on Fairness, Accountability, and Transparency	3	3	3	0	0
Proceedings of the 2025 Symposium on Eye Tracking Research and Applications	3	3	3	0	0
Proceedings of the 21st Congress of the International Ergonomics Association (IEA 2021),Lecture Notes in Networks and Systems	6	3	3	0	0
Proceedings of the 29th ACM SIGKDD Conference on Knowledge Discovery and Data Mining	3	3	3	0	0
Proceedings of the 30th ACM International Conference on Information & Knowledge Management	4	3	4	0	0
Proceedings of the 30th ACM International Conference on Information &amp; Knowledge Management	4	3	4	0	0
Proceedings of the 30th ACM Joint European Software Engineering Conference and Symposium on the Foundations of Software Engineering	6	3	3	0	0
Proceedings of the 31st ACM International Conference on Information &amp; Knowledge Management	6	3	3	0	0
Proceedings of the 33rd ACM SIGSOFT International Symposium on Software Testing and Analysis	3	3	3	0	0
Proceedings of the 38th ACM/SIGAPP Symposium on Applied Computing	3	3	3	0	0
Proceedings of the 44th International ACM SIGIR Conference on Research and Development in Information Retrieval	6	3	3	0	0
Proceedings of the 45th International ACM SIGIR Conference on Research and Development in Information Retrieval	6	3	3	0	0
Proceedings of the 48th International ACM SIGIR Conference on Research and Development in Information Retrieval	3	3	3	0	0
Proceedings of the 51st International Conference on Parallel Processing	3	3	2	0	0
Proceedings of the 53rd International Conference on Parallel Processing	3	3	3	0	0
Proceedings of the 7th Joint International Conference on Data Science &amp; Management of Data (11th ACM IKDD CODS and 29th COMAD)	3	3	3	0	0
Proceedings of the ACM Web Conference 2023	4	3	4	0	0
Proceedings of the Companion Conference on Genetic and Evolutionary Computation	3	3	3	0	0
Proceedings of the Extended Abstracts of the CHI Conference on Human Factors in Computing Systems	4	3	4	0	0
Proceedings of the Institution of Mechanical Engineers, Part H: Journal of Engineering in Medicine	6	3	4	0	0
Proceedings of the International Conference on Mobile and Ubiquitous Multimedia	3	3	2	0	0
Proceedings of the Practice and Experience in Advanced Research Computing on Rise of the Machines (learning)	8	3	4	0	0
Proceedings of the Special Interest Group on Computer Graphics and Interactive Techniques Conference Conference Papers	3	3	3	0	0
Proceedings of the Twelfth ACM International Conference on Future Energy Systems	6	3	3	0	0
Proceedings on Privacy Enhancing Technologies	6	3	3	0	0
Production Engineering	7	3	4	0	0
Programming and Computer Software	5	3	2	0	0
Progress in Neuro-Psychopharmacology and Biological Psychiatry	5	3	4	0	0
Progress in Polymer Science	3	3	2	0	0
Propellants, Explosives, Pyrotechnics	3	3	3	0	0
Proteomes	5	3	4	0	0
Psychological Reports	5	3	3	0	0
Psychological Test Adaptation and Development	3	3	3	0	0
Psychologie Française	5	3	2	0	0
Psychology &amp; Marketing	3	3	3	0	0
Psychology of Music	5	3	3	0	0
Psychology, Health &amp; Medicine	3	3	3	0	0
Quaestiones Geographicae	4	3	2	0	0
Quantitative Plant Biology	5	3	3	0	0
RMD Open	4	3	2	0	0
Radio Science	4	3	3	0	0
Recent Challenges in Intelligent Information and Database Systems,Communications in Computer and Information Science	4	3	3	0	0
Redox Biology	9	3	7	0	0
Reference Module in Chemistry, Molecular Sciences and Chemical Engineering	3	3	3	0	0
Regional Science Policy &amp; Practice	3	3	2	0	0
Register Studies	3	3	1	0	0
Reliability Engineering & System Safety	5	3	4	0	0
Research	5	3	5	0	0
Research Ideas and Outcomes	7	3	4	4	0.571
Research Quarterly for Exercise and Sport	5	3	3	0	0
Research in International Business and Finance	5	3	3	0	0
Resources Policy	3	3	3	0	0
Resuscitation Plus	3	3	3	0	0
Reviews in Aquaculture	5	3	4	0	0
Revista de Teledetección	5	3	4	0	0
Rheumatology	19	3	10	0	0
Robotica	3	3	3	0	0
Ruch Prawniczy, Ekonomiczny i Socjologiczny	3	3	2	0	0
R‐ticulate	3	3	2	0	0
SIAM Journal on Control and Optimization	4	3	3	0	0
SIAM Journal on Imaging Sciences	4	3	3	0	0
SIAM Journal on Mathematical Analysis	3	3	2	0	0
SIMULATION	5	3	3	0	0
SLAS Discovery	8	3	7	0	0
Safety Science	7	3	5	0	0
Scandinavian Journal of Educational Research	5	3	3	0	0
Scandinavian Journal of Psychology	4	3	2	0	0
Scandinavian Journal of Statistics	3	3	3	1	0.333
Scandinavian Journal of Trauma, Resuscitation and Emergency Medicine	5	3	5	0	0
Schizophrenia Bulletin Open	3	3	2	0	0
Science &amp; Justice	4	3	4	0	0
Science and Public Policy	3	3	2	0	0
Science and Technology for the Built Environment	5	3	4	0	0
Scientific Programming	6	3	3	0	0
Semina: Ciências Exatas e Tecnológicas	3	3	3	0	0
Separations	4	3	3	0	0
Signal, Image and Video Processing	4	3	3	0	0
Simulation Foundations, Methods and Applications,Hybrid Modeling and Simulation	3	3	1	0	0
Skeletal Radiology	4	3	3	0	0
Small Group Research	3	3	3	0	0
Social Psychological Bulletin	4	3	3	0	0
Social Psychology	3	3	3	0	0
Social and Personality Psychology Compass	4	3	4	0	0
Socio-Economic Planning Sciences	4	3	3	0	0
Soft Robotics	5	3	2	0	0
Software Quality Journal	4	3	4	0	0
Software and Systems Modeling	5	3	4	1	0.2
Soil Dynamics and Earthquake Engineering	6	3	4	0	0
Soil Security	4	3	4	0	0
Solar	9	3	6	0	0
Solar Energy Advances	3	3	3	0	0
South Asia Multidisciplinary Academic Journal	3	3	1	0	0
SoutheastCon 2025	3	3	2	0	0
Spatial Statistics	4	3	3	0	0
Speech and Computer,Lecture Notes in Computer Science	6	3	3	0	0
Sports Biomechanics	9	3	6	6	0.667
Sports Medicine - Open	11	3	9	0	0
Springer Proceedings in Complexity,Complex Networks XV	3	3	3	0	0
Springer Proceedings in Mathematics &amp; Statistics,Monte Carlo and Quasi-Monte Carlo Methods	3	3	2	0	0
Stat	11	3	6	0	0
Stats	5	3	4	0	0
Stem Cell Research &amp; Therapy	5	3	5	0	0
Stress and Health	4	3	3	0	0
Studies in Corpus Linguistics,Complexity, Accuracy and Fluency in Learner Corpus Research	6	3	3	0	0
Studies in Higher Education	5	3	5	0	0
Sugar Tech	3	3	2	0	0
Surgical Endoscopy	4	3	4	0	0
Sustainable Energy & Fuels	5	3	5	0	0
Sustainable Energy &amp; Fuels	9	3	9	0	0
Sustainable Materials and Technologies	4	3	3	0	0
Sustainable Water Resources Management	3	3	3	0	0
Swiss Journal of Economics and Statistics	5	3	3	0	0
Swiss Political Science Review	6	3	4	2	0.333
Systematic Reviews	7	3	4	0	0
Technology and Health Care	4	3	3	0	0
Technology, Pedagogy and Education	3	3	1	0	0
Thalassas: An International Journal of Marine Sciences	4	3	4	0	0
The American Journal of Pathology	5	3	4	0	0
The British Journal of Psychiatry	6	3	5	0	0
The Computer Journal	4	3	3	0	0
The Depositional Record	4	3	3	1	0.25
The European Physical Journal E	3	3	2	0	0
The Extractive Industries and Society	5	3	4	0	0
The FASEB Journal	11	3	6	0	0
The Innovation	3	3	2	0	0
The Journal of Agricultural Science	4	3	4	0	0
The Journal of Allergy and Clinical Immunology: In Practice	5	3	4	0	0
The Journal of Applied Laboratory Medicine	7	3	5	0	0
The Journal of Engineering	4	3	3	0	0
The Journal of Foot and Ankle Surgery	3	3	3	0	0
The Journal of Heart and Lung Transplantation	13	3	6	0	0
The Journal of Pathology: Clinical Research	5	3	4	0	0
The Journal of Politics	4	3	3	0	0
The Journal of Prevention of Alzheimer's Disease	3	3	3	0	0
The Journal of Sexual Medicine	7	3	5	0	0
The Journal of Sports Medicine and Physical Fitness	4	3	2	0	0
The Journal of the Astronautical Sciences	4	3	3	2	0.5
The Journals of Gerontology: Series A	5	3	3	0	0
The Lancet Global Health	3	3	3	0	0
The Lancet Regional Health - Americas	5	3	4	0	0
The Lancet Regional Health - Southeast Asia	7	3	5	0	0
The Microbe	3	3	3	0	0
The Nucleus	3	3	3	0	0
The Prostate	4	3	2	0	0
The Psychological Record	3	3	2	0	0
The Spanish Journal of Psychology	4	3	3	0	0
Theoretical Computer Science	6	3	4	1	0.167
Theoretical Population Biology	5	3	4	1	0.2
Theoretical and Applied Fracture Mechanics	3	3	3	1	0.333
Theoretical and Computational Chemistry,Python for Quantum Chemistry - A Full Stack Programming Guide	3	3	2	0	0
Therapeutic Advances in Medical Oncology	4	3	2	0	0
Theriogenology	5	3	4	0	0
Topics in Cognitive Science	4	3	3	0	0
Total Environment Microbiology	3	3	2	0	0
Tourism and Hospitality	3	3	3	0	0
Toxicology Mechanisms and Methods	3	3	3	0	0
Traffic Safety Research	4	3	3	0	0
Transactions of The Royal Society of Tropical Medicine and Hygiene	6	3	4	0	0
Transactions of the Association for Computational Linguistics	7	3	5	0	0
Transactions of the International Society for Music Information Retrieval	6	3	4	2	0.333
Transplantation	5	3	4	0	0
Transportation Research Part E: Logistics and Transportation Review	3	3	3	0	0
Urban Planning	3	3	2	0	0
Veterinary Parasitology	12	3	12	0	0
Victims &amp; Offenders	3	3	3	0	0
Vietnam Journal of Mathematics	4	3	3	0	0
Virchows Archiv	6	3	4	0	0
Virology Journal	11	3	8	0	0
Vision	5	3	3	2	0.4
Vox Sanguinis	4	3	3	0	0
Water Research X	6	3	4	0	0
Waterbirds	4	3	3	0	0
Wear	3	3	3	0	0
Weather and Climate Dynamics	7	3	5	0	0
Weed Science	10	3	8	0	0
Women's Health	3	3	3	0	0
Work	7	3	4	0	0
Yönetim ve Ekonomi Araştırmaları Dergisi	5	3	2	0	0
Zoologica Scripta	3	3	3	0	0
at - Automatisierungstechnik	4	3	3	0	0
i-Perception	6	3	4	0	0
iMetaOmics	3	3	2	0	0
it - Information Technology	5	3	3	0	0
npj Clean Water	3	3	3	1	0.333
npj Flexible Electronics	4	3	3	0	0
npj Genomic Medicine	4	3	4	0	0
npj Science of Food	6	3	5	0	0
xxAI - Beyond Explainable AI,Lecture Notes in Computer Science	6	3	2	4	0.667
11th International Conference on the Internet of Things	2	2	2	0	0
12th Asian-Pacific Conference on Medical and Biological Engineering,IFMBE Proceedings	2	2	2	0	0
13th World Congress of Performance Analysis of Sport and 13th International Symposium on Computer Science in Sport,Advances in Intelligent Systems and Computing	2	2	1	1	0.5
2018 IEEE International Conference on Robotics and Automation (ICRA)	4	2	2	0	0
2019 42nd International Convention on Information and Communication Technology, Electronics and Microelectronics (MIPRO)	4	2	2	0	0
2019 IEEE Conference on Computational Intelligence in Bioinformatics and Computational Biology (CIBCB)	4	2	2	0	0
2019 IEEE High Performance Extreme Computing Conference (HPEC)	4	2	2	0	0
2019 IEEE International Conference on Systems, Man and Cybernetics (SMC)	4	2	2	0	0
2019 IEEE/CVF International Conference on Computer Vision (ICCV)	3	2	2	0	0
2019 IEEE/CVF International Conference on Computer Vision Workshop (ICCVW)	4	2	2	0	0
2019 IEEE/RSJ International Conference on Intelligent Robots and Systems (IROS)	6	2	3	0	0
2019 IEEE/SICE International Symposium on System Integration (SII)	4	2	2	0	0
2019 North American Power Symposium (NAPS)	4	2	2	0	0
2020 11th International Conference on Computing, Communication and Networking Technologies (ICCCNT)	4	2	2	0	0
2020 14th International Conference on Signal Processing and Communication Systems (ICSPCS)	4	2	1	0	0
2020 1st International Conference on Information Technology, Advanced Mechanical and Electrical Engineering (ICITAMEE)	4	2	2	0	0
2020 42nd Annual International Conference of the IEEE Engineering in Medicine &amp; Biology Society (EMBC)	4	2	2	0	0
2020 IEEE Congress on Evolutionary Computation (CEC)	4	2	2	0	0
2020 IEEE High Performance Extreme Computing Conference (HPEC)	4	2	2	0	0
2020 IEEE Intelligent Vehicles Symposium (IV)	4	2	2	0	0
2020 IEEE International Conference on Data Mining (ICDM)	4	2	2	0	0
2020 IEEE International Conference on Robotics and Automation (ICRA)	8	2	4	0	0
2020 IEEE/ACM HPC for Urgent Decision Making (UrgentHPC)	4	2	2	0	0
2020 IEEE/CVF Conference on Computer Vision and Pattern Recognition Workshops (CVPRW)	4	2	2	0	0
2020 IEEE/SICE International Symposium on System Integration (SII)	4	2	2	0	0
2020 International Conference on Biomedical Innovations and Applications (BIA)	4	2	2	0	0
2021 13th International Conference on Electronics, Computers and Artificial Intelligence (ECAI)	4	2	2	0	0
2021 20th International Conference on Advanced Robotics (ICAR)	4	2	2	0	0
2021 20th RoEduNet Conference: Networking in Education and Research (RoEduNet)	4	2	2	0	0
2021 29th European Signal Processing Conference (EUSIPCO)	5	2	2	0	0
2021 3rd IEEE Middle East and North Africa COMMunications Conference (MENACOMM)	4	2	2	0	0
2021 3rd International Conference on Cybernetics and Intelligent System (ICORIS)	4	2	1	0	0
2021 4th International Conference on Algorithms, Computing and Artificial Intelligence	4	2	2	0	0
2021 6th South-East Europe Design Automation, Computer Engineering, Computer Networks and Social Media Conference (SEEDA-CECNSM)	4	2	2	0	0
2021 IEEE AFRICON	4	2	1	0	0
2021 IEEE Automatic Speech Recognition and Understanding Workshop (ASRU)	6	2	3	0	0
2021 IEEE High Performance Extreme Computing Conference (HPEC)	4	2	1	0	0
2021 IEEE International Conference on Omni-Layer Intelligent Systems (COINS)	4	2	2	0	0
2021 IEEE International Conference on Quantum Computing and Engineering (QCE)	4	2	2	0	0
2021 IEEE International Conference on Smart Computing (SMARTCOMP)	4	2	2	0	0
2021 IEEE International Conference on Software Maintenance and Evolution (ICSME)	4	2	2	0	0
2021 IEEE International Geoscience and Remote Sensing Symposium IGARSS	4	2	2	0	0
2021 IEEE International IOT, Electronics and Mechatronics Conference (IEMTRONICS)	4	2	2	0	0
2021 IEEE Madrid PowerTech	4	2	2	0	0
2021 IEEE Power &amp; Energy Society Innovative Smart Grid Technologies Conference (ISGT)	4	2	2	0	0
2021 IEEE Visualization Conference (VIS)	4	2	2	0	0
2021 IEEE/ACM 21st International Symposium on Cluster, Cloud and Internet Computing (CCGrid)	4	2	2	0	0
2021 IEEE/ACM Second International Workshop on Quantum Computing Software (QCS)	4	2	1	0	0
2021 IEEE/AIAA 40th Digital Avionics Systems Conference (DASC)	4	2	2	0	0
2021 IEEE/CVF Conference on Computer Vision and Pattern Recognition Workshops (CVPRW)	4	2	2	0	0
2021 Immersive and 3D Audio: from Architecture to Automotive (I3DA)	4	2	2	0	0
2021 International Conference on Computational Science and Computational Intelligence (CSCI)	4	2	2	0	0
2021 International Conference on Computer Communications and Networks (ICCCN)	4	2	2	0	0
2021 International Conference on Data Mining Workshops (ICDMW)	4	2	2	0	0
2021 International Conference on Electrical, Computer and Energy Technologies (ICECET)	4	2	2	0	0
2021 International Conference on Intelligent Technologies (CONIT)	4	2	2	0	0
2021 International Workshop on Performance Modeling, Benchmarking and Simulation of High Performance Computer Systems (PMBS)	4	2	1	0	0
2021 Ural Symposium on Biomedical Engineering, Radioelectronics and Information Technology (USBEREIT)	4	2	2	0	0
2022 14th International Conference on Computational Intelligence and Communication Networks (CICN)	2	2	2	0	0
2022 26th International Conference on Pattern Recognition (ICPR)	4	2	2	0	0
2022 35th SIBGRAPI Conference on Graphics, Patterns and Images (SIBGRAPI)	2	2	2	0	0
2022 3rd URSI Atlantic and Asia Pacific Radio Science Meeting (AT-AP-RASC)	4	2	2	0	0
2022 5th International Conference on Mathematics and Statistics	4	2	2	0	0
2022 8th Iranian Conference on Signal Processing and Intelligent Systems (ICSPIS)	2	2	2	0	0
2022 ACM Conference on Fairness, Accountability, and Transparency	4	2	2	0	0
2022 E-Health and Bioengineering Conference (EHB)	2	2	2	0	0
2022 First International Workshop on Visualization in Testing of Hardware, Software, and Manufacturing (TestVis)	2	2	2	0	0
2022 IEEE 13th Annual Ubiquitous Computing, Electronics &amp; Mobile Communication Conference (UEMCON)	2	2	1	0	0
2022 IEEE 19th International Symposium on Biomedical Imaging (ISBI)	4	2	2	0	0
2022 IEEE 20th International Conference on Industrial Informatics (INDIN)	2	2	2	0	0
2022 IEEE 28th International Conference on Engineering, Technology and Innovation (ICE/ITMC) &amp; 31st International Association For Management of Technology (IAMOT) Joint Conference	2	2	2	0	0
2022 IEEE 30th International Requirements Engineering Conference (RE)	2	2	2	0	0
2022 IEEE 34th International Conference on Tools with Artificial Intelligence (ICTAI)	2	2	2	0	0
2022 IEEE 40th VLSI Test Symposium (VTS)	4	2	1	0	0
2022 IEEE 4th International Conference on Artificial Intelligence Circuits and Systems (AICAS)	4	2	2	0	0
2022 IEEE Applied Imagery Pattern Recognition Workshop (AIPR)	2	2	2	0	0
2022 IEEE Conference on Games (CoG)	4	2	2	0	0
2022 IEEE Delhi Section Conference (DELCON)	4	2	2	0	0
2022 IEEE Electrical Energy Storage Application and Technologies Conference (EESAT)	2	2	1	0	0
2022 IEEE High Performance Extreme Computing Conference (HPEC)	4	2	4	0	0
2022 IEEE International Conference on Data Mining Workshops (ICDMW)	2	2	2	0	0
2022 IEEE International Conference on Metrology for Extended Reality, Artificial Intelligence and Neural Engineering (MetroXRAINE)	2	2	2	0	0
2022 IEEE International Conference on Multimedia and Expo (ICME)	4	2	1	0	0
2022 IEEE International Multi-Conference on Engineering, Computer and Information Sciences (SIBIRCON)	2	2	2	0	0
2022 IEEE International Parallel and Distributed Processing Symposium (IPDPS)	4	2	2	0	0
2022 IEEE International Symposium on Multimedia (ISM)	2	2	1	0	0
2022 IEEE International Ultrasonics Symposium (IUS)	2	2	2	0	0
2022 IEEE Kansas Power and Energy Conference (KPEC)	4	2	2	0	0
2022 IEEE Latin American Conference on Computational Intelligence (LA-CCI)	2	2	2	0	0
2022 IEEE Texas Power and Energy Conference (TPEC)	4	2	2	0	0
2022 IEEE Visualization in Data Science (VDS)	2	2	1	0	0
2022 IEEE/ACM 44th International Conference on Software Engineering: Companion Proceedings (ICSE-Companion)	6	2	3	0	0
2022 IEEE/CVF Conference on Computer Vision and Pattern Recognition Workshops (CVPRW)	4	2	2	0	0
2022 International Conference on Electrical, Computer and Energy Technologies (ICECET)	4	2	2	0	0
2022 Ninth International Conference on Social Networks Analysis, Management and Security (SNAMS)	2	2	2	0	0
2023 10th International Conference on Behavioural and Social Computing (BESC)	2	2	1	0	0
2023 11th International Conference on Affective Computing and Intelligent Interaction Workshops and Demos (ACIIW)	2	2	1	0	0
2023 13th Workshop on Hyperspectral Imaging and Signal Processing: Evolution in Remote Sensing (WHISPERS)	2	2	2	0	0
2023 14th International Conference on Computing Communication and Networking Technologies (ICCCNT)	2	2	2	0	0
2023 15th Biomedical Engineering International Conference (BMEiCON)	2	2	2	0	0
2023 17th European Conference on Antennas and Propagation (EuCAP)	2	2	2	0	0
2023 21st Mediterranean Communication and Computer Networking Conference (MedComNet)	2	2	2	0	0
2023 26th International Conference on Information Fusion (FUSION)	2	2	2	0	0
2023 27th International Conference Information Visualisation (IV)	2	2	2	0	0
2023 29th International Conference on Mechatronics and Machine Vision in Practice (M2VIP)	2	2	2	0	0
2023 31st European Signal Processing Conference (EUSIPCO)	2	2	1	0	0
2023 32nd IEEE International Conference on Robot and Human Interactive Communication (RO-MAN)	2	2	2	0	0
2023 35th Chinese Control and Decision Conference (CCDC)	2	2	2	0	0
2023 46th MIPRO ICT and Electronics Convention (MIPRO)	2	2	2	0	0
2023 49th Euromicro Conference on Software Engineering and Advanced Applications (SEAA)	2	2	2	0	0
2023 62nd IEEE Conference on Decision and Control (CDC)	2	2	2	0	0
2023 8th International Conference on Smart and Sustainable Technologies (SpliTech)	2	2	2	0	0
2023 China Automation Congress (CAC)	2	2	2	0	0
2023 Design, Automation &amp; Test in Europe Conference &amp; Exhibition (DATE)	2	2	2	0	0
2023 European Control Conference (ECC)	2	2	2	0	0
2023 IEEE 10th International Conference on Data Science and Advanced Analytics (DSAA)	2	2	2	0	0
2023 IEEE 15th International Conference on Computational Intelligence and Communication Networks (CICN)	2	2	2	0	0
2023 IEEE 17th International Conference on Semantic Computing (ICSC)	2	2	1	0	0
2023 IEEE 19th International Conference on Automation Science and Engineering (CASE)	2	2	2	0	0
2023 IEEE Conference on Control Technology and Applications (CCTA)	2	2	2	0	0
2023 IEEE Conference on Software Testing, Verification and Validation (ICST)	2	2	2	0	0
2023 IEEE Congress on Evolutionary Computation (CEC)	2	2	1	0	0
2023 IEEE EMBS International Conference on Biomedical and Health Informatics (BHI)	3	2	2	0	0
2023 IEEE International Conference on Autonomous Robot Systems and Competitions (ICARSC)	2	2	1	0	0
2023 IEEE International Conference on Big Data and Smart Computing (BigComp)	2	2	2	0	0
2023 IEEE International Conference on Data Mining Workshops (ICDMW)	2	2	2	0	0
2023 IEEE International Conference on Electrical, Automation and Computer Engineering (ICEACE)	2	2	1	0	0
2023 IEEE International Conference on Emerging Trends in Engineering, Sciences and Technology (ICES&amp;T)	2	2	1	0	0
2023 IEEE International Conference on Environment and Electrical Engineering and 2023 IEEE Industrial and Commercial Power Systems Europe (EEEIC / I&amp;CPS Europe)	2	2	2	0	0
2023 IEEE International Conference on Image Processing (ICIP)	3	2	3	0	0
2023 IEEE International Conference on Mechatronics and Automation (ICMA)	2	2	2	0	0
2023 IEEE International Conference on Metrology for eXtended Reality, Artificial Intelligence and Neural Engineering (MetroXRAINE)	2	2	2	0	0
2023 IEEE International Conference on Pervasive Computing and Communications Workshops and other Affiliated Events (PerCom Workshops)	2	2	2	0	0
2023 IEEE International Parallel and Distributed Processing Symposium (IPDPS)	3	2	2	0	0
2023 IEEE International Parallel and Distributed Processing Symposium Workshops (IPDPSW)	2	2	1	0	0
2023 IEEE Intl Conf on Dependable, Autonomic and Secure Computing, Intl Conf on Pervasive Intelligence and Computing, Intl Conf on Cloud and Big Data Computing, Intl Conf on Cyber Science and Technology Congress (DASC/PiCom/CBDCom/CyberSciTech)	2	2	2	0	0
2023 IEEE Power &amp; Energy Society General Meeting (PESGM)	4	2	4	0	0
2023 IEEE Symposium Sensor Data Fusion and International Conference on Multisensor Fusion and Integration (SDF-MFI)	2	2	2	0	0
2023 IEEE/ACM 23rd International Symposium on Cluster, Cloud and Internet Computing (CCGrid)	2	2	2	0	0
2023 IEEE/CVF Winter Conference on Applications of Computer Vision (WACV)	3	2	3	0	0
2023 IEEE/RSJ International Conference on Intelligent Robots and Systems (IROS)	2	2	2	0	0
2023 IEEE/SICE International Symposium on System Integration (SII)	3	2	3	0	0
2023 Intelligent Computing and Control for Engineering and Business Systems (ICCEBS)	2	2	2	0	0
2023 International Conference on Advanced Scientific Computing (ICASC)	2	2	1	0	0
2023 International Conference on Computer, Electrical &amp; Communication Engineering (ICCECE)	2	2	2	0	0
2023 International Conference on Sampling Theory and Applications (SampTA)	2	2	2	0	0
2023 International Conference on Smart Energy Systems and Technologies (SEST)	2	2	2	0	0
2023 RIVF International Conference on Computing and Communication Technologies (RIVF)	2	2	1	0	0
2023 Tenth International Conference on Social Networks Analysis, Management and Security (SNAMS)	3	2	3	0	0
2024 10th International Conference on Big Data and Information Analytics (BigDIA)	2	2	2	0	0
2024 12th International Conference on Affective Computing and Intelligent Interaction (ACII)	2	2	2	0	0
2024 12th International Conference on Affective Computing and Intelligent Interaction Workshops and Demos (ACIIW)	2	2	2	0	0
2024 15th International Conference on Information and Communication Technology Convergence (ICTC)	2	2	2	0	0
2024 15th International Conference on Information, Intelligence, Systems &amp;amp; Applications (IISA)	2	2	2	0	0
2024 17th International Congress on Image and Signal Processing, BioMedical Engineering and Informatics (CISP-BMEI)	2	2	2	0	0
2024 19th Annual System of Systems Engineering Conference (SoSE)	2	2	2	0	0
2024 20th International Symposium on Medical Information Processing and Analysis (SIPAIM)	2	2	2	0	0
2024 23rd International Symposium INFOTEH-JAHORINA (INFOTEH)	2	2	2	0	0
2024 23rd RoEduNet Conference: Networking in Education and Research (RoEduNet)	4	2	2	0	0
2024 25th International Carpathian Control Conference (ICCC)	2	2	1	0	0
2024 27th International Conference on Computer and Information Technology (ICCIT)	2	2	2	0	0
2024 27th International Conference on Information Fusion (FUSION)	2	2	2	0	0
2024 27th International Symposium on Design &amp;amp; Diagnostics of Electronic Circuits &amp;amp; Systems (DDECS)	3	2	3	0	0
2024 28th International Conference on Methods and Models in Automation and Robotics (MMAR)	2	2	1	0	0
2024 29th Asia and South Pacific Design Automation Conference (ASP-DAC)	2	2	2	0	0
2024 35th Irish Signals and Systems Conference (ISSC)	2	2	2	0	0
2024 4th International Conference on Advancement in Electronics &amp;amp; Communication Engineering (AECE)	2	2	2	0	0
2024 4th International Conference on Consumer Electronics and Computer Engineering (ICCECE)	2	2	2	0	0
2024 56th North American Power Symposium (NAPS)	2	2	2	0	0
2024 57th IEEE/ACM International Symposium on Microarchitecture (MICRO)	2	2	2	0	0
2024 58th Asilomar Conference on Signals, Systems, and Computers	2	2	2	0	0
2024 6th International Conference on Natural Language Processing (ICNLP)	2	2	1	0	0
2024 8th CAA International Conference on Vehicular Control and Intelligence (CVCI)	2	2	2	0	0
2024 American Control Conference (ACC)	2	2	2	0	0
2024 Annual Modeling and Simulation Conference (ANNSIM)	2	2	2	0	0
2024 IEEE 12th International Conference on Healthcare Informatics (ICHI)	2	2	2	0	0
2024 IEEE 17th Pacific Visualization Conference (PacificVis)	2	2	2	0	0
2024 IEEE 20th International Conference on e-Science (e-Science)	2	2	2	0	0
2024 IEEE 25th Latin American Test Symposium (LATS)	2	2	2	0	0
2024 IEEE 32nd International Requirements Engineering Conference (RE)	2	2	2	0	0
2024 IEEE 34th International Workshop on Machine Learning for Signal Processing (MLSP)	3	2	3	0	0
2024 IEEE 35th International Conference on Application-specific Systems, Architectures and Processors (ASAP)	2	2	2	0	0
2024 IEEE 4th International Conference on Human-Machine Systems (ICHMS)	3	2	3	0	0
2024 IEEE 5th International Conference on Pattern Recognition and Machine Learning (PRML)	2	2	2	0	0
2024 IEEE 6th International Conference on Trust, Privacy and Security in Intelligent Systems, and Applications (TPS-ISA)	2	2	2	0	0
2024 IEEE Biennial Congress of Argentina (ARGENCON)	2	2	2	0	0
2024 IEEE Conference on Artificial Intelligence (CAI)	3	2	3	0	0
2024 IEEE Conference on Computational Intelligence in Bioinformatics and Computational Biology (CIBCB)	2	2	2	0	0
2024 IEEE Conference on Control Technology and Applications (CCTA)	2	2	1	0	0
2024 IEEE Conference on Software Testing, Verification and Validation (ICST)	3	2	3	0	0
2024 IEEE Energy Conversion Congress and Exposition (ECCE)	2	2	2	0	0
2024 IEEE European Symposium on Security and Privacy Workshops (EuroS&amp;amp;PW)	2	2	2	0	0
2024 IEEE High Performance Extreme Computing Conference (HPEC)	2	2	2	0	0
2024 IEEE India Geoscience and Remote Sensing Symposium (InGARSS)	2	2	2	0	0
2024 IEEE International Conference on Cluster Computing (CLUSTER)	2	2	2	0	0
2024 IEEE International Conference on Data Mining Workshops (ICDMW)	2	2	2	0	0
2024 IEEE International Conference on Electronics, Computing and Communication Technologies (CONECCT)	2	2	2	0	0
2024 IEEE International Conference on Image Processing (ICIP)	2	2	2	0	0
2024 IEEE International Conference on Multimedia and Expo (ICME)	2	2	2	0	0
2024 IEEE International Conference on Software Maintenance and Evolution (ICSME)	2	2	2	0	0
2024 IEEE International Parallel and Distributed Processing Symposium (IPDPS)	2	2	1	0	0
2024 IEEE International Symposium on Antennas and Propagation and INC/USNC‐URSI Radio Science Meeting (AP-S/INC-USNC-URSI)	2	2	2	0	0
2024 IEEE Power &amp; Energy Society General Meeting (PESGM)	2	2	2	0	0
2024 IEEE SENSORS	2	2	2	0	0
2024 IEEE Sensors Applications Symposium (SAS)	2	2	2	0	0
2024 IEEE Sustainable Power and Energy Conference (iSPEC)	2	2	2	0	0
2024 IEEE Symposium on Computers and Communications (ISCC)	2	2	2	0	0
2024 IEEE Visualization and Visual Analytics (VIS)	2	2	2	0	0
2024 IEEE Workshop on Energy Data Visualization (EnergyVis)	3	2	3	0	0
2024 IEEE/WIC International Conference on Web Intelligence and Intelligent Agent Technology (WI-IAT)	3	2	3	0	0
2024 International Conference on 3D Vision (3DV)	2	2	2	0	0
2024 International Conference on Computational Linguistics and Natural Language Processing (CLNLP)	2	2	1	0	0
2024 International Conference on Culture-Oriented Science &amp;amp; Technology (CoST)	3	2	2	0	0
2024 International Conference on Image Processing, Computer Vision and Machine Learning (ICICML)	2	2	2	0	0
2024 International Conference on Informatics, Multimedia, Cyber and Information System (ICIMCIS)	2	2	2	0	0
2024 International Conference on Inventive Computation Technologies (ICICT)	2	2	2	0	0
2024 Third International Conference on Artificial Intelligence, Computational Electronics and Communication System (AICECS)	2	2	2	0	0
2025 10th International Conference on Information Science, Computer Technology and Transportation (ISCTT)	2	2	2	0	0
2025 10th International Workshop on Advances in Sensors and Interfaces (IWASI)	2	2	2	0	0
2025 11th International Conference on Automation, Robotics, and Applications (ICARA)	2	2	2	0	0
2025 11th International Symposium on System Security, Safety, and Reliability (ISSSR)	2	2	2	0	0
2025 17th International Conference on Computer and Automation Engineering (ICCAE)	2	2	1	0	0
2025 19th International Conference on Semantic Computing (ICSC)	2	2	2	0	0
2025 24th International Symposium INFOTEH-JAHORINA (INFOTEH)	2	2	2	0	0
2025 47th Annual International Conference of the IEEE Engineering in Medicine and Biology Society (EMBC)	5	2	5	0	0
2025 4th International Conference on Sentiment Analysis and Deep Learning (ICSADL)	2	2	2	0	0
2025 55th Annual IEEE/IFIP International Conference on Dependable Systems and Networks (DSN)	2	2	2	0	0
2025 5th International Conference on Electrical, Computer, Communications and Mechatronics Engineering (ICECCME)	2	2	2	0	0
2025 6th International Conference on Electronic Communication and Artificial Intelligence (ICECAI)	2	2	2	0	0
2025 Brazilian Conference on Robotics (CROS)	3	2	3	0	0
2025 IEEE 19th International Conference on Control &amp;amp; Automation (ICCA)	2	2	2	0	0
2025 IEEE 34th Wireless and Optical Communications Conference (WOCC)	2	2	2	0	0
2025 IEEE 75th Electronic Components and Technology Conference (ECTC)	2	2	2	0	0
2025 IEEE 8th International Conference on Soft Robotics (RoboSoft)	2	2	2	0	0
2025 IEEE Computer Society Annual Symposium on VLSI (ISVLSI)	2	2	2	0	0
2025 IEEE EMBS International Conference on Biomedical and Health Informatics (BHI)	3	2	3	0	0
2025 IEEE Engineering Reliable Autonomous Systems (ERAS)	2	2	2	0	0
2025 IEEE Industry Applications Society Annual Meeting (IAS)	2	2	2	0	0
2025 IEEE International Conference on Autonomous Robot Systems and Competitions (ICARSC)	2	2	2	0	0
2025 IEEE International Conference on Image Processing (ICIP)	2	2	2	0	0
2025 IEEE International Conference on Smart Computing (SMARTCOMP)	2	2	2	0	0
2025 IEEE International Symposium on Circuits and Systems (ISCAS)	2	2	2	0	0
2025 IEEE/ACM 22nd International Conference on Mining Software Repositories (MSR)	2	2	2	0	0
2025 IEEE/RSJ International Conference on Intelligent Robots and Systems (IROS)	2	2	2	0	0
2025 International Conference on Activity and Behavior Computing (ABC)	2	2	2	0	0
2025 International Conference on Data Science and Its Applications (ICoDSA)	2	2	2	0	0
2025 International Conference on Emerging Technologies in Engineering Applications (ICETEA)	2	2	2	0	0
2025 International Russian Smart Industry Conference (SmartIndustryCon)	2	2	2	0	0
4th ACM International Conference on AI in Finance	2	2	2	1	0.5
5th EAI International Conference on Big Data Innovation for Sustainable Cognitive Computing,EAI/Springer Innovations in Communication and Computing	2	2	2	0	0
8th OpenSky Symposium 2020	5	2	4	1	0.2
A Broad View of Regional Science,New Frontiers in Regional Science: Asian Perspectives	4	2	1	0	0
ABM Proceedings	2	2	2	0	0
ACM SIGKDD Explorations Newsletter	3	2	2	0	0
ACM Symposium on Eye Tracking Research and Applications	3	2	2	0	0
ACM Transactions on Applied Perception	2	2	2	0	0
ACM Transactions on Information Systems	3	2	3	0	0
ACM Transactions on Internet Technology	4	2	2	0	0
ACM Transactions on Sensor Networks	7	2	4	0	0
ACR Open Rheumatology	2	2	2	0	0
ACS ES&amp;T Air	3	2	3	0	0
ACS Electrochemistry	2	2	2	0	0
ACS Infectious Diseases	5	2	3	0	0
ACS Materials Au	2	2	2	0	0
ACS Polymers Au	3	2	2	0	0
ACS Sustainable Chemistry & Engineering	4	2	4	3	0.75
ADIPEC	2	2	2	0	0
AI Assurance	2	2	2	0	0
AI Open	2	2	1	1	0.5
AIAA Propulsion and Energy 2021 Forum	4	2	2	0	0
AIDS	3	2	2	0	0
AIP Conference Proceedings	2	2	2	0	0
AIP Conference Proceedings,4TH INTERNATIONAL CONFERENCE ON INTERNET OF THINGS 2023: ICIoT2023	2	2	2	0	0
AIP Conference Proceedings,PROCEEDINGS OF THE TIM20-21 PHYSICS CONFERENCE	2	2	2	0	0
AIP Conference Proceedings,SOLARPACES 2020: 26th International Conference on Concentrating Solar Power and Chemical Energy Systems	4	2	2	0	0
AIRO Springer Series,Optimization in Green Sustainability and Ecological Transition	2	2	2	0	0
ANZ Journal of Surgery	2	2	2	0	0
APSIPA Transactions on Signal and Information Processing	5	2	3	0	0
AQUA — Water Infrastructure, Ecosystems and Society	2	2	2	0	0
ASCE-ASME Journal of Risk and Uncertainty in Engineering Systems, Part A: Civil Engineering	3	2	2	0	0
ASCE-ASME Journal of Risk and Uncertainty in Engineering Systems, Part B: Mechanical Engineering	4	2	3	0	0
ASEG Extended Abstracts	4	2	2	1	0.25
ASM Case Reports	2	2	2	0	0
ASME Open Journal of Engineering	4	2	2	0	0
AUC PHILOLOGICA	2	2	2	0	0
AWWA Water Science	4	2	3	0	0
Academic Emergency Medicine	8	2	5	0	0
Academic Pediatrics	4	2	3	0	0
Acta Chiropterologica	2	2	2	0	0
Acta Dermato-Venereologica	2	2	2	0	0
Acta Geologica Sinica - English Edition	6	2	2	0	0
Acta Parasitologica	5	2	4	0	0
Acta Pharmaceutica Sinica B	2	2	2	0	0
Acta Physiologica	3	2	2	0	0
Acta Psychiatrica Scandinavica	5	2	4	1	0.2
Acta Technica Jaurinensis	3	2	2	0	0
Active Inference,Communications in Computer and Information Science	6	2	6	0	0
Ad Hoc Networks	3	2	2	0	0
Adaptive Behavior	2	2	2	1	0.5
Addictive Behaviors Reports	4	2	4	0	0
Advanced Drug Delivery Reviews	5	2	3	0	0
Advanced Electronic Materials	4	2	3	0	0
Advanced Energy and Sustainability Research	2	2	1	0	0
Advanced Practical Approaches to Web Mining Techniques and Application,Advances in Web Technologies and Engineering	3	2	1	0	0
Advanced Quantum Technologies	3	2	3	0	0
Advanced Sensor Research	2	2	2	0	0
Advanced Sustainable Systems	2	2	1	0	0
Advances in Applied Mathematics	3	2	3	0	0
Advances in Applied Mechanics,Error Control, Adaptive Discretizations, and Applications, Part 4	2	2	1	0	0
Advances in Artificial Intelligence,Lecture Notes in Computer Science	4	2	2	0	0
Advances in Atmospheric Sciences	4	2	3	0	0
Advances in Bioinformatics and Computational Biology,Lecture Notes in Computer Science	3	2	2	0	0
Advances in Colloid and Interface Science	3	2	2	0	0
Advances in Computational Science and Engineering	2	2	2	0	0
Advances in Cultural Tourism Research	2	2	1	0	0
Advances in Digital Human Modeling,Lecture Notes in Networks and Systems	2	2	2	1	0.5
Advances in Geospatial Technologies,Ethics, Machine Learning, and Python in Geospatial Analysis	2	2	1	0	0
Advances in Health Sciences Education	4	2	3	0	0
Advances in Medical Education and Practice	3	2	2	0	0
Advances in Molecular Pathology	4	2	1	0	0
Advances in Public Health	2	2	2	0	0
Advances in Science, Technology &amp; Innovation,Seismotectonics of the East Mediterranean-Red Sea region	2	2	1	0	0
Advances in Therapy	3	2	3	0	0
Advances in Visual Computing,Lecture Notes in Computer Science	9	2	5	0	0
African Journal of Marine Science	4	2	2	0	0
African Journal of Range &amp; Forage Science	4	2	4	0	0
African Journalism Studies	4	2	1	0	0
Afyon Kocatepe University Journal of Sciences and Engineering	3	2	2	0	0
Age and Ageing	2	2	1	0	0
Ageing and Neurodegenerative Diseases	2	2	2	0	0
Aggressive Behavior	7	2	5	0	0
Aging &amp; Mental Health	2	2	2	1	0.5
Aging and Health Research	2	2	2	0	0
AgriVoltaics Conference Proceedings	7	2	6	0	0
Agricultural Research	2	2	2	0	0
Agricultural Sciences	3	2	3	0	0
Agriculture, Ecosystems & Environment	4	2	4	0	0
Agrosystems, Geosciences &amp; Environment	10	2	8	0	0
Aircraft Engineering and Aerospace Technology	3	2	2	0	0
Akademik İncelemeler Dergisi	2	2	1	0	0
Alcohol: Clinical and Experimental Research	2	2	2	0	0
Ambiente Construído	2	2	2	0	0
American Fern Journal	3	2	2	0	0
American Journal of Industrial and Business Management	2	2	2	0	0
American Journal of Orthodontics and Dentofacial Orthopedics	3	2	2	2	0.667
American Journal of Otolaryngology	5	2	3	0	0
American Journal of Physical Anthropology	3	2	2	0	0
American Journal of Physiology-Endocrinology and Metabolism	3	2	2	0	0
American Journal of Potato Research	2	2	2	0	0
American Journal of Transplantation	3	2	2	0	0
American Journal on Intellectual and Developmental Disabilities	3	2	2	0	0
American Sociological Review	3	2	2	0	0
Ampersand	3	2	3	0	0
Anaerobe	3	2	3	0	0
Anaesthesia	4	2	2	0	0
Anais do XXI Simpósio Brasileiro de Sistemas de Informação (SBSI 2025)	2	2	2	0	0
Anais do XXV Simpósio Brasileiro de Computação Aplicada à Saúde (SBCAS 2025)	2	2	2	0	0
Analytics	2	2	2	0	0
Anatomical Sciences Education	2	2	2	0	0
Anesthesia & Analgesia	2	2	2	0	0
Angewandte Chemie Novit	2	2	1	0	0
Animal Feed Science and Technology	2	2	2	0	0
Animal Genetics	15	2	9	0	0
Animal Nutrition	3	2	3	0	0
Animal Welfare	3	2	2	0	0
Annales Academiae Medicae Silesiensis	3	2	2	0	0
Annals of Actuarial Science	3	2	2	0	0
Annals of Behavioral Medicine	6	2	5	0	0
Annals of Dyslexia	4	2	2	0	0
Annals of Emergency Medicine	3	2	3	0	0
Annals of Glaciology	2	2	2	0	0
Annals of Human Biology	2	2	2	0	0
Annals of Laboratory Medicine	4	2	1	0	0
Annals of Tourism Research	3	2	2	0	0
Annals of the International Communication Association	3	2	2	0	0
Annual Review of Biomedical Engineering	2	2	2	0	0
Annual Review of Marine Science	2	2	2	0	0
Antimicrobial Peptides	2	2	2	0	0
Antimicrobial Resistance &amp; Infection Control	4	2	3	0	0
Apoptosis	3	2	2	0	0
Applied Artificial Intelligence	4	2	3	0	0
Applied Biochemistry and Microbiology	2	2	2	0	0
Applied Catalysis B: Environmental	3	2	2	0	0
Applied Corpus Linguistics	3	2	2	0	0
Applied Economic Perspectives and Policy	3	2	2	0	0
Applied Economics	2	2	2	0	0
Applied Food Research	2	2	2	0	0
Applied Geochemistry	5	2	3	0	0
Applied Immunohistochemistry &amp; Molecular Morphology	2	2	2	0	0
Applied Mathematics in Science and Engineering	2	2	2	0	0
Applied Mechanics Reviews	2	2	1	0	0
Applied Physics A	2	2	2	0	0
Applied Physics Express	2	2	2	0	0
Applied Statistics and Data Science,Springer Proceedings in Mathematics & Statistics	2	2	1	0	0
Applied System Innovation	3	2	3	0	0
Applied and Computational Harmonic Analysis	3	2	2	0	0
Applied and Environmental Soil Science	4	2	2	0	0
AppliedMath	2	2	2	0	0
Aquacultural Engineering	2	2	2	0	0
Aquaculture International	2	2	2	0	0
Aquaculture, Fish and Fisheries	2	2	2	0	0
Aquatic Invasions	2	2	1	0	0
Aquatic Microbial Ecology	4	2	2	0	0
Archaeometry	2	2	2	0	0
Archives of Civil and Mechanical Engineering	2	2	2	0	0
Archives of Clinical Neuropsychology	3	2	3	0	0
Archives of Dermatological Research	4	2	2	0	0
Archives of Gynecology and Obstetrics	3	2	2	0	0
Archives of Rehabilitation Research and Clinical Translation	2	2	1	0	0
Ardea	2	2	2	0	0
Ardeola	2	2	2	0	0
Arthritis Research & Therapy	2	2	2	0	0
Arthroscopy: The Journal of Arthroscopic &amp; Related Surgery	2	2	2	0	0
Artificial Intelligence and Law	3	2	3	0	0
Artificial Intelligence and Robotics Research	2	2	1	0	0
Artificial Intelligence and Soft Computing,Lecture Notes in Computer Science	4	2	2	0	0
Artificial Intelligence in Education. Posters and Late Breaking Results, Workshops and Tutorials, Industry and Innovation Tracks, Practitioners, Doctoral Consortium and Blue Sky,Communications in Computer and Information Science	2	2	2	0	0
Artificial Intelligence in HCI,Lecture Notes in Computer Science	5	2	3	0	0
Artificial Intelligence in Medicine,Lecture Notes in Computer Science	3	2	2	0	0
Artificial Intelligence in Music, Sound, Art and Design,Lecture Notes in Computer Science	7	2	4	0	0
Artificial Intelligence on Medical Data,Lecture Notes in Computational Vision and Biomechanics	4	2	2	0	0
Artificial Neural Networks and Machine Learning – ICANN 2023,Lecture Notes in Computer Science	3	2	3	0	0
Asian Englishes	2	2	2	0	0
Asian Journal of Civil Engineering	2	2	2	0	0
Asian Journal of Comparative Politics	3	2	2	0	0
Assessment &amp; Evaluation in Higher Education	5	2	4	0	0
Assessment for Effective Intervention	3	2	2	0	0
Association for Women in Mathematics Series,Advances in Data Science	3	2	2	0	0
Astrobiology	2	2	2	0	0
Astronomy Reports	3	2	2	0	0
Atherosclerosis	3	2	2	0	0
Atlantis Highlights in Engineering,Proceedings of the International Renewable Energy Storage Conference (IRES 2022)	4	2	3	0	0
Atmospheric Science Letters	3	2	2	0	0
Austral Entomology	3	2	3	0	0
Australian Journal of Grape and Wine Research	5	2	2	0	0
Australian Mammalogy	2	2	2	0	0
Autophagy	2	2	2	0	0
Avian Diseases	3	2	2	0	0
BMC Anesthesiology	5	2	3	0	0
BMC Methods	3	2	3	0	0
BMC Palliative Care	2	2	2	0	0
BMJ	4	2	3	0	0
BMJ Mental Health	2	2	2	0	0
BMJ Military Health	3	2	2	0	0
BMJ Oncology	2	2	2	0	0
BMJ Paediatrics Open	3	2	2	0	0
BMJ Quality & Safety	2	2	2	0	0
BMJ Quality &amp; Safety	2	2	2	0	0
Behavior Analysis in Practice	2	2	2	1	0.5
Behavior Genetics	2	2	2	0	0
Beverages	4	2	3	0	0
Big Data	4	2	2	0	0
Big Data Mining and Analytics	5	2	3	0	0
Big Data Research	3	2	2	0	0
BioMed	2	2	1	0	0
BioMedical Engineering OnLine	3	2	2	2	0.667
Biocatalysis and Agricultural Biotechnology	2	2	2	0	0
Biochemical Pharmacology	3	2	2	0	0
Biochemical Society Transactions	4	2	2	0	0
Biochemistry and Biophysics Reports	2	2	2	0	0
Biochimica et Biophysica Acta (BBA) - Bioenergetics	4	2	2	0	0
Biochimica et Biophysica Acta (BBA) - Biomembranes	4	2	2	0	0
Biodiversidade Brasileira	2	2	2	0	0
Biodiversity	2	2	2	0	0
Bioengineering and Biomedical Signal and Image Processing,Lecture Notes in Computer Science	4	2	1	0	0
Biofabrication	2	2	2	0	0
Biogerontology	5	2	3	0	0
Bioinformatic and Statistical Analysis of Microbiome Data	2	2	2	0	0
Bioinformatics Research and Applications,Lecture Notes in Computer Science	4	2	2	0	0
Bioinformatics and Biology Insights	3	2	3	0	0
Bioinformatics and Biomedical Engineering,Lecture Notes in Computer Science	11	2	6	0	0
Biological Chemistry	3	2	2	0	0
Biological Cybernetics	3	2	2	0	0
Biological Theory	4	2	1	0	0
Biological Trace Element Research	4	2	2	0	0
Biologicals	2	2	1	0	0
Biology Direct	2	2	2	0	0
Biomacromolecules	2	2	2	0	0
Biomaterials	3	2	2	2	0.667
Biomaterials Advances	2	2	2	0	0
Biomedical Engineering Advances	2	2	2	0	0
Biomedical Engineering Letters	3	2	2	0	0
Biomedical Engineering Systems and Technologies,Communications in Computer and Information Science	2	2	2	0	0
Biomedicine &amp; Pharmacotherapy	2	2	2	0	0
Biomicrofluidics	3	2	2	0	0
Biophysics Reviews	2	2	2	0	0
Bioprocess and Biosystems Engineering	4	2	2	0	0
Bioscience Reports	4	2	2	0	0
Biostatistics	2	2	2	0	0
Bitlis Eren Üniversitesi Fen Bilimleri Dergisi	2	2	2	0	0
Blood Cancer Discovery	3	2	2	0	0
Blood Cancer Journal	6	2	4	0	0
Blood Purification	3	2	3	0	0
Bollettino dell'Unione Matematica Italiana	4	2	1	4	1
Bone &amp; Joint Open	2	2	2	0	0
Bone Reports	3	2	2	0	0
Boreas	3	2	2	1	0.333
Botanical Sciences	4	2	3	0	0
Bragantia	2	2	2	0	0
Brain and Spine	3	2	2	0	0
Brain, Behavior and Evolution	3	2	2	0	0
Brazilian Journal of Chemical Engineering	5	2	3	0	0
Breeding Science	3	2	2	0	0
British Actuarial Journal	2	2	1	0	0
British Journal of Clinical Psychology	3	2	2	0	0
British Journal of Dermatology	4	2	2	0	0
British Journal of Visual Impairment	3	2	2	0	0
Building Acoustics	2	2	1	0	0
Building Research & Information	2	2	1	0	0
Bulletin of Entomological Research	2	2	2	0	0
Bulletin of Siberian Medicine	2	2	2	0	0
Bulletin of Volcanology	2	2	2	0	0
Bulletin of the Menninger Clinic	2	2	1	0	0
Burns	4	2	3	0	0
Business Ethics, the Environment &amp; Responsibility	2	2	2	0	0
CCF Transactions on High Performance Computing	3	2	2	0	0
CEAS Space Journal	3	2	2	0	0
CHEST	2	2	2	0	0
CHEST Critical Care	2	2	2	0	0
Cadernos de Linguística	4	2	2	0	0
Calcolo	4	2	3	0	0
Cambridge Prisms: Coastal Futures	2	2	2	0	0
Cambridge Prisms: Global Mental Health	2	2	2	0	0
Canadian Journal of Animal Science	3	2	2	0	0
Canadian Journal of Cardiology	3	2	2	0	0
Canadian Journal of Chemistry	2	2	1	0	0
Canadian Journal of Ophthalmology	2	2	2	0	0
Canadian Journal of Physics	2	2	2	0	0
Canadian Journal of Plant Pathology	3	2	2	0	0
Canadian Journal of Plant Science	2	2	2	0	0
Canadian Journal of Political Science	4	2	3	0	0
Canadian Journal of Regional Science	4	2	1	0	0
Canadian Journal of Soil Science	5	2	5	0	0
Canadian Journal of Statistics	3	2	2	0	0
Cancer & Metabolism	2	2	2	0	0
Cancer &amp; Metabolism	2	2	2	0	0
Cancer Causes &amp; Control	2	2	2	0	0
Cancer Cytopathology	2	2	2	0	0
Cancer Investigation	3	2	2	0	0
Canine Medicine and Genetics	3	2	3	0	0
Cannabis	2	2	2	0	0
Carbon Capture Science &amp; Technology	3	2	3	0	0
Carbon Research	2	2	2	0	0
CardioVascular and Interventional Radiology	3	2	2	0	0
Cardiovascular Diabetology	4	2	3	0	0
Cardiovascular Digital Health Journal	2	2	2	0	0
Cardiovascular Research	2	2	2	0	0
Cartographica: The International Journal for Geographic Information and Geovisualization	4	2	1	0	0
Case Studies in Construction Materials	3	2	2	0	0
Case-Based Reasoning Research and Development,Lecture Notes in Computer Science	5	2	3	0	0
Cell Death Discovery	5	2	5	0	0
Cell Reports Sustainability	2	2	2	0	0
Cells &amp; Development	2	2	2	0	0
Cellular &amp; Molecular Immunology	2	2	2	0	0
Cellulose	4	2	3	0	0
Cerebral Cortex Communications	6	2	3	0	0
Chaos, Solitons & Fractals	2	2	2	0	0
Chelonian Conservation and Biology	3	2	2	0	0
ChemMedChem	4	2	2	0	0
Chemical Communications	6	2	5	2	0.333
Chemical Engineering Communications	3	2	2	0	0
Chemical Physics	3	2	2	0	0
Chemical Physics Reviews	2	2	2	0	0
Chemistry &amp; Biodiversity	2	2	2	0	0
Chemistry Education Research and Practice	5	2	2	0	0
Chemistry – An Asian Journal	2	2	2	0	0
Child Abuse Review	4	2	1	0	0
Child Psychiatry & Human Development	3	2	3	0	0
Children's Health Care	2	2	1	0	0
China Scientific Data	2	2	2	0	0
Chinese Geographical Science	3	2	2	0	0
Chinese Journal of Aeronautics	2	2	2	0	0
Chinese Journal of Polymer Science	2	2	2	0	0
Chiropractic &amp; Manual Therapies	11	2	8	0	0
Circuits, Systems, and Signal Processing	3	2	2	0	0
Circulation	6	2	4	0	0
Circulation Research	3	2	2	0	0
Circulation: Arrhythmia and Electrophysiology	2	2	2	0	0
Circulation: Heart Failure	3	2	2	0	0
Cities &amp; Health	2	2	2	0	0
Ciência &amp; Saúde Coletiva	6	2	4	0	0
Cladistics	5	2	4	0	0
Clean Technologies and Environmental Policy	2	2	2	0	0
Cleaner Logistics and Supply Chain	2	2	2	0	0
Clinical & Translational Immunology	2	2	2	0	0
Clinical &amp; Experimental Metastasis	2	2	2	0	0
Clinical Autonomic Research	3	2	2	0	0
Clinical Biochemistry	8	2	6	0	0
Clinical Hemorheology and Microcirculation	2	2	2	0	0
Clinical Journal of the American Society of Nephrology	2	2	2	0	0
Clinical Lung Cancer	5	2	3	0	0
Clinical Medicine	2	2	1	0	0
Clinical Neurology and Neurosurgery	3	2	2	0	0
Clinical Nutrition	4	2	3	0	0
Clinical Nutrition ESPEN	3	2	2	0	0
Clinical Pharmacology & Therapeutics	3	2	3	0	0
Clinical Proteomics	2	2	2	0	0
Clinical Psychology &amp; Psychotherapy	2	2	2	0	0
Clinical Spine Surgery	2	2	2	0	0
Clinical Therapeutics	2	2	1	0	0
Clinical Transplantation	4	2	3	0	0
Clinical and Translational Gastroenterology	2	2	2	0	0
Clinics	3	2	2	0	0
Clocks &amp; Sleep	2	2	2	0	0
Coastal Management	4	2	2	0	0
Cognitive and Behavioral Practice	3	2	2	0	0
Colloid and Polymer Science	2	2	1	0	0
Colloids and Surfaces A: Physicochemical and Engineering Aspects	4	2	3	0	0
Colorectal Disease	2	2	2	0	0
Combustion Science and Technology	2	2	2	0	0
Communication & Sport	2	2	1	0	0
Communications	3	2	2	0	0
Communications for Statistical Applications and Methods	3	2	2	0	0
Communications in Computer and Information Science,Active Inference	6	2	6	0	0
Communications in Computer and Information Science,Applied Informatics	3	2	2	0	0
Communications in Computer and Information Science,Computational Science and Computational Intelligence	2	2	2	0	0
Communications in Computer and Information Science,Computer-Human Interaction Research and Applications	2	2	2	0	0
Communications in Computer and Information Science,Deep Learning Theory and Applications	2	2	2	0	0
Communications in Computer and Information Science,Digital Transformation and Global Society	4	2	2	0	0
Communications in Computer and Information Science,HCI International 2025 Posters	2	2	2	0	0
Communications in Computer and Information Science,Machine Learning, Image Processing, Network Security and Data Sciences	2	2	1	0	0
Communications in Computer and Information Science,Neural Information Processing	4	2	4	0	0
Communications in Computer and Information Science,Smart Cities	2	2	2	0	0
Communist and Post-Communist Studies	2	2	2	0	0
Community Ecology	2	2	2	0	0
Companion Proceedings of the ACM Web Conference 2023	2	2	2	0	0
Companion Proceedings of the ACM Web Conference 2024	2	2	2	0	0
Companion Publication of the 2021 International Conference on Multimodal Interaction	4	2	2	0	0
Companion Publication of the 2024 Conference on Computer-Supported Cooperative Work and Social Computing	3	2	3	0	0
Companion of the 2023 ACM/SPEC International Conference on Performance Engineering	2	2	2	0	0
Comparative Biochemistry and Physiology Part A: Molecular & Integrative Physiology	3	2	3	0	0
Comparative Immunology, Microbiology and Infectious Diseases	3	2	2	0	0
Complex & Intelligent Systems	2	2	2	0	0
Complex Networks & Their Applications X,Studies in Computational Intelligence	2	2	2	0	0
Complex Networks &amp; Their Applications X,Studies in Computational Intelligence	2	2	2	0	0
Complexity	3	2	2	0	0
Comprehensive Computational Chemistry	2	2	2	0	0
Comprehensive Renewable Energy	2	2	2	0	0
Comprehensive Reviews in Food Science and Food Safety	2	2	2	0	0
Comptes Rendus. Physique	3	2	2	0	0
Computational Management Science	4	2	3	2	0.5
Computational Methods in Applied Mathematics	2	2	2	0	0
Computational Particle Mechanics	2	2	2	0	0
Computational Psychiatry	3	2	2	0	0
Computational Science and Engineering	2	2	2	1	0.5
Computational Science and Its Applications – ICCSA 2021,Lecture Notes in Computer Science	4	2	2	0	0
Computational Science – ICCS 2022,Lecture Notes in Computer Science	4	2	2	0	0
Computational Toxicology	8	2	5	0	0
Computational and Network Modeling of Neuroimaging Data	2	2	1	0	0
Computer Aided Chemical Engineering,33rd European Symposium on Computer Aided Process Engineering	2	2	2	0	0
Computer Aided Chemical Engineering,34th European Symposium on Computer Aided Process Engineering / 15th International Symposium on Process Systems Engineering	2	2	2	0	0
Computer Methods in Biomechanics and Biomedical Engineering: Imaging & Visualization	2	2	2	0	0
Computer Science Review	2	2	2	0	0
Computer Science and Application	3	2	2	0	0
Computer Science and Information Systems	3	2	2	0	0
Computer Security – ESORICS 2021,Lecture Notes in Computer Science	4	2	2	0	0
Computer Speech & Language	2	2	1	0	0
Computer Standards &amp; Interfaces	2	2	2	0	0
Computer Systems Science and Engineering	2	2	2	0	0
Computers & Graphics	5	2	5	0	0
Computers and Composition	2	2	2	0	0
Computers and Education Open	3	2	2	0	0
Computers and Education: Artificial Intelligence	2	2	2	0	0
Computing	3	2	2	0	0
Computing in Science & Engineering	2	2	1	0	0
Comunicar	4	2	2	0	0
Condensed Matter Physics	2	2	1	0	0
Conservation	2	2	1	0	0
Construction Innovation	2	2	2	0	0
Construction Management and Economics	2	2	2	0	0
Construction Research Congress 2022	4	2	2	0	0
Construction Robotics	3	2	2	0	0
Contemporary Educational Psychology	3	2	3	0	0
Contemporary Nurse	4	2	1	0	0
Contemporary Security Policy	2	2	2	0	0
Contributions to Plasma Physics	3	2	2	0	0
Contributions to Statistics,Developments in Statistical Modelling	2	2	2	0	0
Critical Reviews in Environmental Science and Technology	3	2	2	0	0
Crop &amp; Pasture Science	2	2	2	0	0
Cryobiology	4	2	3	0	0
Cuadernos de Educación y Desarrollo	2	2	2	0	0
Current Climate Change Reports	3	2	2	0	0
Current Issues in Tourism	3	2	3	0	0
Current Opinion in Chemical Engineering	3	2	2	0	0
Current Opinion in Colloid &amp; Interface Science	3	2	2	2	0.667
Current Opinion in Electrochemistry	3	2	2	0	0
Current Opinion in Systems Biology	4	2	1	0	0
Current Osteoporosis Reports	2	2	1	0	0
Current Pharmaceutical Design	3	2	2	0	0
Current Protocols in Bioinformatics	3	2	2	0	0
Current Research in Behavioral Sciences	2	2	2	0	0
Current Research in Environmental Sustainability	2	2	1	0	0
Current Research in Microbial Sciences	2	2	2	0	0
Current Research in Systematic Musicology,Perspectives on Music, Sound and Musicology	4	2	1	0	0
Current Sustainable/Renewable Energy Reports	2	2	2	0	0
Cybergeo	2	2	2	0	0
Cybernetics and Systems Analysis	2	2	2	0	0
Cytotherapy	3	2	2	0	0
Data &amp; Knowledge Engineering	2	2	2	0	0
Data Management, Analytics and Innovation,Lecture Notes on Data Engineering and Communications Technologies	4	2	2	0	0
Data Science Journal	5	2	3	0	0
Data Science in Science	2	2	2	0	0
Data and Metadata	2	2	2	0	0
Database Systems for Advanced Applications,Lecture Notes in Computer Science	6	2	3	0	0
Datenbank-Spektrum	3	2	2	0	0
Decision Sciences	3	2	2	0	0
Defence and Peace Economics	2	2	1	0	0
Demographic Research	3	2	2	0	0
Demography	4	2	4	0	0
Dentistry Journal	2	2	2	0	0
Desalination	9	2	5	0	0
Desalination and Water Treatment	2	2	2	0	0
Design Computing and Cognition’22	2	2	1	0	0
Designing Interactive Systems Conference 2021	4	2	1	0	0
Deutsches Ärzteblatt international	4	2	3	0	0
Developmental &amp; Comparative Immunology	2	2	2	0	0
Developmental Psychobiology	4	2	2	0	0
Developments in Earth Surface Processes,Remote Sensing of Geomorphology	4	2	2	0	0
Device	2	2	2	0	0
Diabetes	3	2	2	0	0
Diabetes Technology &amp; Therapeutics	2	2	2	1	0.5
Diagnostic and Interventional Imaging	2	2	2	0	0
Dialogues in Health	3	2	2	0	0
Diatom Research	4	2	2	0	0
Digital Communications and Networks	4	2	2	0	0
Digital Signal Processing	3	2	2	0	0
Digital Transformation	3	2	2	0	0
Digital War	2	2	1	0	0
Disability and Rehabilitation: Assistive Technology	3	2	2	0	0
Discours	2	2	1	0	0
Discourse, Context &amp; Media	3	2	3	0	0
Discover Environment	2	2	2	0	0
Drug Discovery Today	3	2	2	0	0
Drug Testing and Analysis	6	2	3	0	0
Drug and Alcohol Dependence Reports	3	2	3	0	0
Drug and Alcohol Review	2	2	2	0	0
Drying Technology	5	2	3	0	0
Dynamics of Plate Tectonics and Mantle Convection	2	2	1	0	0
Dyslexia	3	2	3	0	0
EAI Endorsed Transactions on Internet of Things	2	2	1	0	0
ECS Journal of Solid State Science and Technology	3	2	2	2	0.667
EES Solar	2	2	2	0	0
EFB Bioeconomy Journal	2	2	1	0	0
EFSA Journal	2	2	1	0	0
EJNMMI Physics	3	2	2	0	0
ELECTROPHORESIS	2	2	2	0	0
ENVIRONMENT. TECHNOLOGY. RESOURCES. Proceedings of the International Scientific and Practical Conference	2	2	2	0	0
ESAIM: Control, Optimisation and Calculus of Variations	2	2	2	0	0
EURASIP Journal on Advances in Signal Processing	2	2	1	0	0
Ear & Hearing	2	2	1	0	0
Ear, Nose &amp; Throat Journal	2	2	2	0	0
Early Intervention in Psychiatry	3	2	3	0	0
Earthquake Engineering &amp; Structural Dynamics	2	2	2	0	0
Earthquake Spectra	2	2	2	0	0
Eastern European Economics	3	2	2	0	0
Eating Behaviors	2	2	2	0	0
Eating Disorders	3	2	3	0	0
Ecohydrology &amp; Hydrobiology	5	2	4	0	0
Ecological Chemistry and Engineering S	2	2	2	0	0
Ecological Frontiers	2	2	2	0	0
Ecological Genetics and Genomics	4	2	1	0	0
Ecological and Evolutionary Physiology	2	2	2	0	0
Economic Analysis and Policy	3	2	2	0	0
Economic Geology	6	2	3	0	0
Economic Inquiry	3	2	2	0	0
Economics &amp; Human Biology	3	2	3	0	0
Education 3-13	2	2	2	0	0
Education for Information	2	2	1	0	0
Educational Assessment, Evaluation and Accountability	3	2	2	0	0
Educational Measurement: Issues and Practice	4	2	2	0	0
Educational Studies	3	2	2	0	0
Egyptian Journal of Medical Human Genetics	3	2	2	0	0
El Hornero	2	2	2	0	0
Electronic Commerce Research and Applications	3	2	2	0	0
Electronic Markets	3	2	2	0	0
Electronic Proceedings in Theoretical Computer Science	5	2	3	0	0
Elem Sci Anth	4	2	4	0	0
Elementa: Science of the Anthropocene	4	2	2	0	0
Elements of Dimensionality Reduction and Manifold Learning	4	2	4	0	0
Emergency Medicine Australasia	3	2	3	0	0
Emerging Adulthood	2	2	2	0	0
Encyclopedia of Nanomaterials	2	2	2	0	0
Encyclopedia of Solid-Liquid Interfaces	2	2	2	0	0
Encyclopedia of the Human Brain	2	2	2	0	0
Endocrine	2	2	2	0	0
Endocrinology, Diabetes &amp; Metabolism	2	2	2	0	0
Energy & Fuels	2	2	2	0	0
Energy Research & Social Science	2	2	2	0	0
Energy Science &amp; Engineering	4	2	3	0	0
Energy, Sustainability and Society	4	2	3	0	0
Eng	2	2	2	0	0
Engineering	3	2	2	0	0
Engineering Multi-Agent Systems,Lecture Notes in Computer Science	8	2	4	0	0
Engineering Optimization	3	2	2	0	0
Engineering Reports	2	2	2	0	0
Entertainment Computing	2	2	1	0	0
Entertainment Computing – ICEC 2021,Lecture Notes in Computer Science	4	2	1	0	0
Entrepreneurship Theory and Practice	2	2	2	0	0
Environment Systems and Decisions	2	2	2	0	0
Environmental Advances	6	2	3	0	0
Environmental Chemistry	5	2	3	0	0
Environmental Chemistry and Ecotoxicology	2	2	1	0	0
Environmental Reviews	2	2	2	0	0
Environmental Sociology	5	2	3	0	0
Environmental and Molecular Mutagenesis	3	2	2	0	0
Epidemiologia	6	2	3	0	0
Epidemiologic Methods	3	2	2	0	0
Epigenomes	3	2	2	0	0
Equilibrium. Quarterly Journal of Economics and Economic Policy	2	2	2	0	0
Equine Veterinary Journal	5	2	5	0	0
Ergonomics in Design: The Quarterly of Human Factors Applications	2	2	2	0	0
Eurasia Journal of Mathematics, Science and Technology Education	2	2	2	0	0
Europe-Asia Studies	2	2	2	0	0
European Archives of Oto-Rhino-Laryngology	4	2	3	0	0
European Economic Review	2	2	1	0	0
European Financial and Accounting Journal	4	2	1	0	0
European Heart Journal - Cardiovascular Imaging	2	2	2	0	0
European Journal of Applied Mathematics	3	2	2	1	0.333
European Journal of Cell Biology	2	2	2	0	0
European Journal of Criminology	5	2	3	0	0
European Journal of Engineering Education	5	2	5	0	0
European Journal of Human Genetics	4	2	4	0	0
European Journal of Mechanics - B/Fluids	4	2	2	0	0
European Journal of Nutrition	6	2	4	0	0
European Journal of Paediatric Neurology	4	2	2	0	0
European Journal of Pharmaceutical Sciences	2	2	2	0	0
European Journal of Phycology	3	2	2	0	0
European Journal of Physical and Rehabilitation Medicine	3	2	2	0	0
European Journal of Physics	4	2	2	0	0
European Journal of Physiotherapy	2	2	2	0	0
European Journal of Plant Pathology	14	2	8	0	0
European Journal of Preventive Cardiology	5	2	4	0	0
European Journal of Radiology Artificial Intelligence	2	2	2	0	0
European Journal of Remote Sensing	2	2	2	0	0
European Journal of Surgical Oncology	3	2	3	0	0
European Journal of Taxonomy	2	2	2	0	0
European Journal of Vascular and Endovascular Surgery	4	2	3	0	0
European Policy Analysis	2	2	2	0	0
European Political Science	3	2	2	0	0
European Review of Applied Psychology	2	2	2	0	0
European Spine Journal	4	2	3	0	0
European Union Politics	6	2	4	0	0
European Urology Oncology	4	2	3	0	0
Europhysics Letters	4	2	3	0	0
Evaluation and Program Planning	2	2	2	0	0
Evolution, Medicine, and Public Health	5	2	4	0	0
Evolutionary Journal of the Linnean Society	3	2	3	0	0
Evolving Systems	4	2	2	2	0.5
Experimental &amp; Molecular Medicine	7	2	6	0	0
Experimental Aging Research	2	2	2	0	0
Experimental Results	4	2	2	0	0
Experimental Techniques	4	2	4	0	0
Expert Review of Clinical Pharmacology	2	2	2	0	0
Expert Review of Medical Devices	2	2	2	0	0
Explorations in Economic History	3	2	2	0	0
Eğitimde ve Psikolojide Ölçme ve Değerlendirme Dergisi	2	2	1	0	0
F&amp;S Science	2	2	2	0	0
FEBS Open Bio	2	2	1	0	0
FEMS Microbiology Letters	2	2	2	0	0
FEMS Microbiology Reviews	3	2	2	0	0
Farming System	2	2	2	0	0
Fertility and Sterility	2	2	2	0	0
Fetal and Pediatric Pathology	2	2	2	0	0
FinTech	2	2	1	0	0
Fire Technology	2	2	2	0	0
Fire and Materials	3	2	3	0	0
First Language	5	2	5	0	0
Fisheries Science	2	2	2	0	0
Flavour and Fragrance Journal	2	2	2	0	0
Florida Entomologist	2	2	2	0	0
Folia Oecologica	2	2	2	0	0
Food Additives &amp; Contaminants: Part A	2	2	2	0	0
Food Chemistry: X	2	2	2	0	0
Food Webs	2	2	2	0	0
Food and Chemical Toxicology	2	2	2	0	0
Food and Energy Security	3	2	2	0	0
Food and Environmental Virology	6	2	5	0	0
Forensic Science International: Synergy	2	2	2	0	0
Forest Pathology	3	2	2	0	0
Forest Policy and Economics	2	2	2	0	0
Forschung im Ingenieurwesen	2	2	2	0	0
Fortschritte der Physik	2	2	1	0	0
Forum of Mathematics, Sigma	2	2	2	0	0
Foundations and Trends® in Machine Learning	5	2	2	0	0
Foundations of Computational Mathematics	3	2	2	0	0
Freshwater Science	3	2	3	0	0
Frontiers in Analytical Science	3	2	2	0	0
Frontiers in Antibiotics	2	2	2	0	0
Frontiers in Aquaculture	2	2	2	0	0
Frontiers in Bird Science	3	2	3	0	0
Frontiers in Chemical Engineering	3	2	2	0	0
Frontiers in Dementia	2	2	2	0	0
Frontiers in Developmental Psychology	3	2	3	0	0
Frontiers in Epidemiology	3	2	3	0	0
Frontiers in Future Transportation	2	2	2	0	0
Frontiers in High Performance Computing	2	2	1	0	0
Frontiers in Insect Science	6	2	3	0	0
Frontiers in Integrative Neuroscience	2	2	2	0	0
Frontiers in Mechanical Engineering	3	2	2	0	0
Frontiers in Nuclear Engineering	3	2	2	0	0
Frontiers in Ophthalmology	2	2	2	0	0
Frontiers in Pain Research	3	2	2	0	0
Frontiers in Parasitology	2	2	2	0	0
Frontiers in Research Metrics and Analytics	3	2	2	0	0
Frontiers in Soil Science	7	2	6	0	0
Frontiers in Space Technologies	4	2	1	0	0
Frontiers in Surgery	2	2	2	0	0
Frontiers in Sustainable Cities	3	2	2	0	0
Frontiers in Synaptic Neuroscience	2	2	1	0	0
Frontiers in Zoology	10	2	8	0	0
Frontiers of Biogeography	3	2	3	0	0
Frontiers of Chemical Science and Engineering	2	2	1	0	0
Function	2	2	2	0	0
Fungal Biology	3	2	3	0	0
Fungal Genetics and Biology	5	2	5	0	0
Future Batteries	2	2	2	0	0
Future Data and Security Engineering. Big Data, Security and Privacy, Smart City and Industry 4.0 Applications,Communications in Computer and Information Science	4	2	1	0	0
Future Foods	3	2	3	0	0
Future Oncology	3	2	2	2	0.667
Fırat Üniversitesi Mühendislik Bilimleri Dergisi	3	2	2	0	0
GSA Bulletin	4	2	1	0	0
Gas Science and Engineering	2	2	2	0	0
Gastrointestinal Endoscopy	3	2	2	0	0
Gazi Üniversitesi Mühendislik Mimarlık Fakültesi Dergisi	2	2	2	0	0
Gefässchirurgie	3	2	2	0	0
Gene Reports	3	2	2	0	0
General Relativity and Gravitation	2	2	2	0	0
Genetic Epidemiology	3	2	2	0	0
Genetics in Medicine	3	2	3	0	0
Genetics in Medicine Open	2	2	1	0	0
Genome	4	2	2	0	0
Genome Instability &amp; Disease	9	2	5	0	0
Genomics, Proteomics & Bioinformatics	3	2	3	0	0
Geochronology	5	2	4	0	0
Geoderma Regional	8	2	6	0	0
Geoenergy	2	2	2	1	0.5
Geoforum	3	2	2	0	0
Geography and Sustainability	2	2	2	0	0
Geomatics	3	2	2	0	0
Geomatics, Natural Hazards and Risk	3	2	2	0	0
Geomechanics for Energy and the Environment	3	2	3	0	0
Geoscience Letters	2	2	1	0	0
Geospatial Health	2	2	1	0	0
Geotechnical and Geological Engineering	2	2	2	0	0
Geotechnologies and the Environment,New Research in Crime Modeling and Mapping Using Geospatial Technologies	2	2	1	0	0
Geothermal Energy Engineering	2	2	1	0	0
Geriatrics	2	2	1	0	0
Global Public Health	2	2	2	0	0
Global Spine Journal	6	2	3	0	0
Greenhouse Gases: Science and Technology	2	2	2	0	0
Gruppe. Interaktion. Organisation. Zeitschrift für Angewandte Organisationspsychologie (GIO)	3	2	2	0	0
Gut	6	2	4	0	0
Gut Microbes Reports	3	2	3	0	0
Gynecologic Oncology	2	2	2	0	0
HLA	2	2	2	0	0
HPB	3	2	2	0	0
HRB Open Research	5	2	3	0	0
HUMAN REVIEW. International Humanities Review / Revista Internacional de Humanidades	2	2	1	0	0
HUMOR	3	2	2	0	0
Handbook of Research on Advanced Research Methodologies for a Digital Society,Advances in Knowledge Acquisition, Transfer, and Management	4	2	1	0	0
Handbook of the Behavior and Psychology of Disease	4	2	4	0	0
HardwareX	7	2	5	0	0
Harm Reduction Journal	2	2	2	0	0
Head &amp; Neck	4	2	4	0	0
Health &amp; Social Care in the Community	2	2	2	0	0
Health Affairs	2	2	2	0	0
Health Care Management Science	3	2	2	0	0
Health Data Science	2	2	2	0	0
Health Information Science and Systems	4	2	3	0	0
Health Policy and Technology	4	2	3	0	0
Health Psychology Report	3	2	3	0	0
Health Psychology Review	3	2	2	0	0
Health Psychology and Behavioral Medicine	2	2	2	0	0
Health Security	3	2	2	0	0
Health and Ecology Issues	8	2	5	0	0
Health and Quality of Life Outcomes	5	2	4	0	0
Heart Rhythm O2	3	2	2	0	0
Hearts	4	2	2	2	0.5
Hepatology Communications	2	2	2	0	0
Hepatology Research	5	2	3	0	0
Heritage	2	2	2	0	0
Heritage Science	2	2	2	0	0
Higher Education Quarterly	2	2	2	0	0
Histopathology	2	2	2	0	0
HortTechnology	4	2	2	0	0
Horticultural Plant Journal	8	2	5	0	0
Horticulture Advances	2	2	2	0	0
Hospital Pediatrics	3	2	2	0	0
Human Dimensions of Wildlife	3	2	2	0	0
Human Genetics	7	2	4	0	0
Human Nature	2	2	2	0	0
Human Organization	2	2	1	0	0
Human Resource Development International	2	2	1	0	0
Hydrology Research	4	2	2	0	0
Hypertension Research	4	2	1	0	0
IACR Communications in Cryptology	3	2	3	0	0
IECON 2022 – 48th Annual Conference of the IEEE Industrial Electronics Society	2	2	2	0	0
IECON 2024 - 50th Annual Conference of the IEEE Industrial Electronics Society	2	2	2	0	0
IEEE Communications Letters	4	2	2	0	0
IEEE Consumer Electronics Magazine	4	2	2	0	0
IEEE Control Systems	3	2	2	0	0
IEEE Engineering Management Review	2	2	2	0	0
IEEE INFOCOM 2025 - IEEE Conference on Computer Communications Workshops (INFOCOM WKSHPS)	2	2	2	0	0
IEEE Intelligent Systems	2	2	2	0	0
IEEE Journal of Oceanic Engineering	3	2	3	0	0
IEEE Journal of Selected Topics in Signal Processing	2	2	2	0	0
IEEE Journal on Selected Areas in Information Theory	2	2	2	0	0
IEEE Open Access Journal of Power and Energy	5	2	3	0	0
IEEE Open Journal of Industry Applications	3	2	2	0	0
IEEE Open Journal of the Communications Society	2	2	2	0	0
IEEE Open Journal of the Computer Society	4	2	3	0	0
IEEE Signal Processing Magazine	2	2	2	0	0
IEEE Transactions on Aerospace and Electronic Systems	3	2	2	0	0
IEEE Transactions on Biometrics, Behavior, and Identity Science	4	2	2	0	0
IEEE Transactions on Cloud Computing	2	2	2	0	0
IEEE Transactions on Communications	3	2	3	0	0
IEEE Transactions on Computational Social Systems	6	2	5	2	0.333
IEEE Transactions on Dielectrics and Electrical Insulation	3	2	2	0	0
IEEE Transactions on Electron Devices	2	2	2	0	0
IEEE Transactions on Energy Conversion	6	2	3	0	0
IEEE Transactions on Games	2	2	2	0	0
IEEE Transactions on Human-Machine Systems	2	2	2	0	0
IEEE Transactions on Image Processing	5	2	4	0	0
IEEE Transactions on Industrial Electronics	3	2	2	0	0
IEEE Transactions on Learning Technologies	3	2	2	0	0
IEEE Transactions on Network Science and Engineering	2	2	2	0	0
IEEE Transactions on Network and Service Management	5	2	4	0	0
IEEE Transactions on Radiation and Plasma Medical Sciences	3	2	2	0	0
IEEE Transactions on Reliability	2	2	2	0	0
IEEE Transactions on Services Computing	2	2	2	0	0
IEEE Transactions on Sustainable Computing	3	2	2	0	0
IEEE/WIC/ACM International Conference on Web Intelligence	3	2	2	0	0
IEICE Transactions on Fundamentals of Electronics, Communications and Computer Sciences	3	2	2	0	0
IET Cyber-Systems and Robotics	2	2	2	0	0
IET Electric Power Applications	3	2	2	0	0
IET Generation, Transmission &amp; Distribution	3	2	2	0	0
IET Image Processing	4	2	2	0	0
IET Information Security	3	2	2	0	0
IET Radar, Sonar &amp; Navigation	3	2	2	0	0
IETE Journal of Research	4	2	2	0	0
IFIP Advances in Information and Communication Technology,Advances in Production Management Systems. The Path to Digital Transformation and Innovation of Production Management Systems	4	2	1	0	0
IFIP Advances in Information and Communication Technology,Artificial Intelligence Applications and Innovations. AIAI 2023 IFIP WG 12.5 International Workshops	5	2	5	0	0
IFIP Advances in Information and Communication Technology,Computational Intelligence in Data Science	4	2	2	0	0
IFLA Journal	3	2	2	0	0
IFMBE Proceedings,7th International Conference on Nanotechnologies and Biomedical Engineering	2	2	2	0	0
IFMBE Proceedings,Advances in Digital Health and Medical Bioengineering	3	2	3	0	0
IGARSS 2023 - 2023 IEEE International Geoscience and Remote Sensing Symposium	3	2	3	0	0
IIMB Management Review	2	2	2	0	0
IISE Transactions	3	2	2	0	0
IIUM Engineering Journal	2	2	2	0	0
IMA Fungus	3	2	3	0	0
INFORMS Journal on Applied Analytics	4	2	1	0	0
Image Analysis and Processing – ICIAP 2022,Lecture Notes in Computer Science	4	2	2	0	0
Image and Vision Computing	5	2	5	0	0
Imagination, Cognition and Personality	2	2	2	0	0
Immunity &amp; Ageing	2	2	2	0	0
Immunity, Inflammation and Disease	3	2	2	0	0
ImmunoInformatics	5	2	4	0	0
Immunologic Research	3	2	2	0	0
Immunology	3	2	2	0	0
Immunology Letters	3	2	2	0	0
Indian Journal of Radiology and Imaging	2	2	2	0	0
Industrial Robot: the international journal of robotics research and application	2	2	2	0	0
Infant Mental Health Journal	2	2	1	0	0
Infectious Diseases and Therapy	2	2	2	0	0
Information Processing and Management of Uncertainty in Knowledge-Based Systems,Communications in Computer and Information Science	4	2	2	0	0
Information Systems and Technologies,Lecture Notes in Networks and Systems	2	2	2	0	0
Information and Communications Security,Lecture Notes in Computer Science	4	2	2	0	0
Information and Computation	2	2	2	0	0
Injury Epidemiology	3	2	2	0	0
Innovations for Community Services,Communications in Computer and Information Science	4	2	2	0	0
Innovations in Systems and Software Engineering	2	2	2	0	0
Innovative Food Science & Emerging Technologies	2	2	1	0	0
Inorganic Chemistry Communications	2	2	2	0	0
Inorganic Chemistry Frontiers	3	2	2	0	0
Insights into Imaging	7	2	5	0	0
Integrative Conservation	2	2	2	0	0
Intelligence-Based Medicine	3	2	2	0	0
Intelligent Systems Reference Library,Signal Processing Techniques for Computational Health Informatics	4	2	1	0	0
Intelligent Systems,Lecture Notes in Computer Science	4	2	2	0	0
Interdisciplinary CardioVascular and Thoracic Surgery	3	2	3	0	0
Interdisciplinary Statistics in Mexico,Springer Proceedings in Mathematics &amp; Statistics	4	2	2	0	0
Intermedia International E-journal	2	2	1	0	0
International Archives of Occupational and Environmental Health	3	2	2	0	0
International Communication Gazette	3	2	2	2	0.667
International Conference on Computer Systems and Technologies '21	4	2	1	0	0
International Criminal Justice Review	3	2	2	0	0
International Dairy Journal	3	2	3	0	0
International Immunopharmacology	2	2	2	0	0
International Journal for Academic Development	2	2	2	0	0
International Journal for Educational and Vocational Guidance	2	2	2	0	0
International Journal for Numerical and Analytical Methods in Geomechanics	2	2	2	0	0
International Journal for Parasitology: Drugs and Drug Resistance	5	2	4	0	0
International Journal of Adolescence and Youth	2	2	2	0	0
International Journal of Agriculture Environment and Food Sciences	2	2	2	0	0
International Journal of Applied Linguistics	3	2	3	0	0
International Journal of Architectural Computing	2	2	2	0	0
International Journal of Assessment Tools in Education	3	2	2	0	0
International Journal of Audiology	12	2	8	0	0
International Journal of Behavioral Development	2	2	2	0	0
International Journal of Behavioral Medicine	3	2	2	0	0
International Journal of Bifurcation and Chaos	2	2	2	0	0
International Journal of Bilingual Education and Bilingualism	3	2	2	0	0
International Journal of Bilingualism	5	2	4	0	0
International Journal of Chemical Kinetics	2	2	2	0	0
International Journal of Cognitive Therapy	3	2	2	2	0.667
International Journal of Communication Systems	4	2	3	0	0
International Journal of Comparative Sociology	3	2	2	0	0
International Journal of Consumer Studies	3	2	2	0	0
International Journal of Control, Automation and Systems	2	2	2	0	0
International Journal of Data Science	3	2	2	0	0
International Journal of Dental Hygiene	2	2	2	0	0
International Journal of Disability, Development and Education	2	2	2	0	0
International Journal of Disaster Risk Science	3	2	2	0	0
International Journal of Educational Research Open	8	2	5	0	0
International Journal of Financial Studies	2	2	2	0	0
International Journal of Forest Engineering	4	2	3	0	0
International Journal of Fracture	3	2	2	2	0.667
International Journal of Geomechanics	2	2	2	0	0
International Journal of Geriatric Psychiatry	2	2	2	0	0
International Journal of Gynecologic Cancer	2	2	2	0	0
International Journal of Gynecology &amp; Obstetrics	3	2	3	0	0
International Journal of Healthcare Management	2	2	2	0	0
International Journal of Historical Archaeology	2	2	1	0	0
International Journal of Immunopathology and Pharmacology	2	2	1	0	0
International Journal of Industrial Ergonomics	2	2	2	0	0
International Journal of Integrated Care	3	2	2	0	0
International Journal of Intelligent Systems	2	2	2	0	0
International Journal of Mathematical Education in Science and Technology	3	2	2	0	0
International Journal of Methods in Psychiatric Research	6	2	3	0	0
International Journal of Multilingualism	2	2	2	0	0
International Journal of Nursing Studies	3	2	2	0	0
International Journal of Organizational Analysis	3	2	2	0	0
International Journal of Pattern Recognition and Artificial Intelligence	7	2	4	0	0
International Journal of Pediatric Otorhinolaryngology	4	2	3	0	0
International Journal of Pest Management	2	2	2	0	0
International Journal of Photoenergy	2	2	2	0	0
International Journal of Plant Sciences	2	2	2	0	0
International Journal of Public Opinion Research	2	2	2	0	0
International Journal of Quantum Chemistry	6	2	3	0	0
International Journal of Research &amp; Method in Education	2	2	2	0	0
International Journal of Science, Technology and Society	2	2	2	0	0
International Journal of Sediment Research	2	2	1	0	0
International Journal of Social Psychiatry	4	2	4	0	0
International Journal of Sociology and Social Policy	4	2	2	0	0
International Journal of Sports Medicine	2	2	2	0	0
International Journal of Stroke	2	2	1	0	0
International Journal of Surgery	4	2	4	0	0
International Journal of Sustainability in Higher Education	2	2	2	0	0
International Journal of System Assurance Engineering and Management	3	2	2	0	0
International Journal of Systems Science	2	2	2	0	0
International Journal of Technology Assessment in Health Care	2	2	1	0	0
International Journal of Technology and Design Education	2	2	2	0	0
International Journal of Thermal Sciences	4	2	3	0	0
International Journal of Transgender Health	2	2	2	0	0
International Journal of Urology	2	2	1	0	0
International Journal of Ventilation	2	2	2	0	0
International Journal on Artificial Intelligence Tools	3	2	2	0	0
International Political Science Review	3	2	2	0	0
International Psychogeriatrics	2	2	2	0	0
Internet Archaeology	4	2	2	0	0
Internet Technology Letters	3	2	2	0	0
Introduction to Aerosol Modelling	3	2	2	0	0
Invasive Plant Science and Management	3	2	2	0	0
Invertebrate Systematics	2	2	2	0	0
Iran Journal of Computer Science	2	2	2	0	0
Irish Educational Studies	2	2	2	0	0
Isogloss. Open Journal of Romance Linguistics	2	2	2	0	0
Issues in Science and Technology Librarianship	2	2	2	0	0
Iğdır Üniversitesi Fen Bilimleri Enstitüsü Dergisi	2	2	2	0	0
JACC: Advances	2	2	2	0	0
JACCP:  JOURNAL OF THE AMERICAN COLLEGE OF CLINICAL PHARMACY	2	2	2	0	0
JCMS: Journal of Common Market Studies	6	2	4	0	0
JHEP Reports	2	2	2	0	0
JMIR Cardio	2	2	1	0	0
JMIR Pediatrics and Parenting	6	2	4	0	0
JMIR Rehabilitation and Assistive Technologies	3	2	2	2	0.667
JNCI Cancer Spectrum	2	2	2	0	0
JOSPT Open	2	2	1	0	0
JTCVS Open	6	2	4	0	0
Journal of Activity, Sedentary and Sleep Behaviors	3	2	3	0	0
Journal of Addictive Diseases	4	2	1	0	0
Journal of Adult Development	4	2	2	0	0
Journal of Advanced Transportation	4	2	2	2	0.5
Journal of Advertising	3	2	2	0	0
Journal of Advertising Research	2	2	2	0	0
Journal of Aerospace Engineering	2	2	2	0	0
Journal of Aggression, Maltreatment &amp; Trauma	2	2	2	0	0
Journal of Analytical Atomic Spectrometry	2	2	2	0	0
Journal of Applied Developmental Psychology	2	2	2	0	0
Journal of Applied Polymer Science	3	2	2	0	0
Journal of Applied Research in Memory and Cognition	4	2	1	0	0
Journal of Applied Social Psychology	5	2	3	0	0
Journal of Assisted Reproduction and Genetics	2	2	2	0	0
Journal of Autonomous Vehicles and Systems	4	2	2	0	0
Journal of Banking &amp; Finance	2	2	2	0	0
Journal of Behavior Therapy and Experimental Psychiatry	2	2	2	0	0
Journal of Behavioral Finance	2	2	2	0	0
Journal of Behavioral and Cognitive Therapy	2	2	2	0	0
Journal of Bioinformatics and Computational Biology	2	2	2	0	0
Journal of Biomedical Optics	4	2	4	0	0
Journal of Breath Research	3	2	2	0	0
Journal of Bridge Engineering	2	2	2	0	0
Journal of Business &amp; Economic Statistics	2	2	2	0	0
Journal of Business Analytics	2	2	2	0	0
Journal of CO2 Utilization	3	2	2	2	0.667
Journal of Cardiothoracic and Vascular Anesthesia	2	2	2	0	0
Journal of Cardiovascular Development and Disease	2	2	2	0	0
Journal of Cardiovascular Magnetic Resonance	2	2	2	0	0
Journal of Career Development	2	2	2	0	0
Journal of Causal Inference	2	2	1	0	0
Journal of Cell Communication and Signaling	5	2	3	0	0
Journal of Cerebral Blood Flow & Metabolism	2	2	2	0	0
Journal of Chemotherapy	2	2	1	0	0
Journal of Child Language	8	2	6	0	0
Journal of Chiropractic Education	2	2	1	0	0
Journal of Choice Modelling	4	2	2	0	0
Journal of Circuits, Systems and Computers	2	2	2	0	0
Journal of Climate Change Research	3	2	2	0	0
Journal of Clinical Anesthesia	2	2	1	0	0
Journal of Clinical Gastroenterology	3	2	2	0	0
Journal of Clinical Immunology	4	2	3	0	0
Journal of Clinical Monitoring and Computing	7	2	5	0	0
Journal of Clinical Sport Psychology	3	2	2	0	0
Journal of Coastal Conservation	2	2	2	0	0
Journal of Cognition and Development	5	2	5	0	0
Journal of Cognitive Engineering and Decision Making	2	2	2	0	0
Journal of Community &amp; Applied Social Psychology	2	2	2	0	0
Journal of Comparative Effectiveness Research	2	2	1	0	0
Journal of Comparative Pathology	3	2	2	0	0
Journal of Comparative Physiology A	5	2	3	0	0
Journal of Computational Design and Engineering	3	2	2	0	0
Journal of Computational Dynamics	2	2	2	0	0
Journal of Computational Physics: X	3	2	2	0	0
Journal of Computational and Nonlinear Dynamics	5	2	3	0	0
Journal of Computer Applications in Archaeology	8	2	5	0	0
Journal of Computer Assisted Tomography	2	2	2	0	0
Journal of Computer Languages	2	2	2	0	0
Journal of Computer Virology and Hacking Techniques	3	2	2	0	0
Journal of Conflict Resolution	4	2	2	0	0
Journal of Corporate Finance	3	2	2	0	0
Journal of Craniofacial Surgery	3	2	2	0	0
Journal of Critical Care	2	2	2	0	0
Journal of Crop Health	3	2	3	0	0
Journal of Cultural Analytics	2	2	2	0	0
Journal of Current Issues &amp; Research in Advertising	2	2	2	0	0
Journal of Cybersecurity and Privacy	3	2	2	0	0
Journal of Data and Information Science	2	2	2	0	0
Journal of Decision Systems	2	2	2	0	0
Journal of Dermatological Treatment	3	2	2	0	0
Journal of Diabetes Science and Technology	2	2	2	0	0
Journal of Disaster Research	4	2	2	0	0
Journal of Documentation	4	2	2	2	0.5
Journal of Drug Issues	3	2	2	0	0
Journal of Dynamic Behavior of Materials	2	2	2	0	0
Journal of Early Childhood Teacher Education	2	2	2	0	0
Journal of Economic Dynamics and Control	3	2	2	0	0
Journal of Economic Geography	2	2	2	0	0
Journal of Economic Interaction and Coordination	3	2	2	0	0
Journal of Economic Psychology	2	2	1	0	0
Journal of Elasticity	3	2	2	0	0
Journal of Elections, Public Opinion and Parties	5	2	3	0	0
Journal of Electronic Materials	2	2	2	0	0
Journal of Empirical Finance	2	2	2	0	0
Journal of Engineering Mathematics	3	2	2	0	0
Journal of Engineering Mechanics	4	2	2	2	0.5
Journal of Environmental Engineering and Landscape Management	2	2	2	0	0
Journal of Environmental Sciences	3	2	2	0	0
Journal of Enzyme Inhibition and Medicinal Chemistry	3	2	2	0	0
Journal of Epidemiology and Community Health	2	2	2	0	0
Journal of Ethnobiology	2	2	2	0	0
Journal of Ethology	4	2	2	0	0
Journal of Eukaryotic Microbiology	3	2	3	0	0
Journal of European Public Policy	8	2	5	0	0
Journal of Evolutionary Biochemistry and Physiology	2	2	2	0	0
Journal of Experimental Zoology Part B: Molecular and Developmental Evolution	2	2	2	0	0
Journal of Exposure Science & Environmental Epidemiology	2	2	2	0	0
Journal of Fluency Disorders	3	2	3	0	0
Journal of Fluids Engineering	2	2	2	0	0
Journal of Food Science	6	2	5	0	0
Journal of Forensic and Legal Medicine	3	2	3	0	0
Journal of Forestry	5	2	4	0	0
Journal of Fourier Analysis and Applications	4	2	1	0	0
Journal of Freshwater Ecology	2	2	2	0	0
Journal of Further and Higher Education	4	2	3	0	0
Journal of Gastroenterology and Hepatology	3	2	2	0	0
Journal of Genetic Counseling	2	2	2	0	0
Journal of Geochemical Exploration	4	2	3	0	0
Journal of Geophysics and Engineering	3	2	2	0	0
Journal of Geoscience Education	3	2	2	0	0
Journal of Global Optimization	3	2	2	3	1
Journal of Guidance, Control, and Dynamics	4	2	3	0	0
Journal of Helminthology	2	2	2	0	0
Journal of Hematology &amp; Oncology	5	2	3	0	0
Journal of Homosexuality	2	2	2	0	0
Journal of Hospitality and Tourism Technology	2	2	2	0	0
Journal of Human Evolution	4	2	2	0	0
Journal of Human Hypertension	2	2	2	0	0
Journal of Human Nutrition and Dietetics	2	2	2	0	0
Journal of Human Trafficking	2	2	1	0	0
Journal of Humanistic Psychology	2	2	1	0	0
Journal of Hydrology and Hydromechanics	2	2	2	0	0
Journal of Hypertension	8	2	5	0	0
Journal of Immunological Methods	3	2	2	0	0
Journal of Individual Differences	2	2	2	0	0
Journal of Information Security and Applications	2	2	2	0	0
Journal of Information Technology & Politics	3	2	3	0	0
Journal of Information and Intelligence	2	2	1	0	0
Journal of Inherited Metabolic Disease	3	2	2	0	0
Journal of Innovation and Entrepreneurship	2	2	2	0	0
Journal of Insect Behavior	2	2	1	0	0
Journal of Insect Science	5	2	4	0	0
Journal of Insects as Food and Feed	4	2	3	0	0
Journal of Integrative Bioinformatics	2	2	2	0	0
Journal of Intelligent &amp; Robotic Systems	4	2	3	0	0
Journal of Intelligent Construction	2	2	2	0	0
Journal of Intelligent Transportation Systems	3	2	2	0	0
Journal of Interactive Advertising	5	2	3	0	0
Journal of Invertebrate Pathology	2	2	2	0	0
Journal of Islamic Marketing	3	2	2	0	0
Journal of King Saud University Computer and Information Sciences	2	2	2	0	0
Journal of Language Aggression and Conflict	2	2	2	0	0
Journal of Learning Disabilities	3	2	3	0	0
Journal of Leisure Research	2	2	1	0	0
Journal of Leukocyte Biology	2	2	2	0	0
Journal of Librarianship and Information Science	2	2	2	0	0
Journal of Limnology	4	2	3	0	0
Journal of Lipid Research	3	2	2	0	0
Journal of Magnetic Resonance	3	2	2	0	0
Journal of Magnetism and Magnetic Materials	6	2	4	0	0
Journal of Mammalogy	16	2	10	0	0
Journal of Management	3	2	2	0	0
Journal of Manufacturing Processes	4	2	3	0	0
Journal of Marketing	4	2	3	0	0
Journal of Materials Chemistry B	5	2	3	2	0.4
Journal of Materials Processing Technology	3	2	2	0	0
Journal of Materials Research and Technology	2	2	2	0	0
Journal of Mathematical Analysis and Applications	2	2	2	0	0
Journal of Mathematical Psychology	2	2	2	0	0
Journal of Mathematical Sciences	2	2	2	0	0
Journal of Mathematics in Industry	2	2	2	0	0
Journal of Mechanical Science and Technology	2	2	1	0	0
Journal of Medical Imaging	3	2	3	0	0
Journal of Medical Signals &amp; Sensors	2	2	1	0	0
Journal of Molecular Modeling	3	2	2	0	0
Journal of Molecular Neuroscience	3	2	2	0	0
Journal of Molecular and Cellular Cardiology	6	2	3	0	0
Journal of Moral Education	3	2	3	0	0
Journal of Nanoparticle Research	2	2	2	0	0
Journal of Near Infrared Spectroscopy	3	2	2	0	0
Journal of Neurodevelopmental Disorders	3	2	2	0	0
Journal of Neurologic Physical Therapy	2	2	2	0	0
Journal of Neuropsychology	2	2	2	0	0
Journal of Non-Crystalline Solids	4	2	2	0	0
Journal of Occupational &amp; Environmental Medicine	3	2	2	0	0
Journal of Oceanography	2	2	2	0	0
Journal of Open Archaeology Data	6	2	4	0	0
Journal of Optical Communications and Networking	2	2	2	0	0
Journal of Oral Pathology &amp; Medicine	2	2	2	0	0
Journal of Orthopaedic &amp; Sports Physical Therapy	4	2	3	0	0
Journal of Orthopaedic Surgery and Research	2	2	2	0	0
Journal of Paleolimnology	2	2	2	0	0
Journal of Peridynamics and Nonlocal Modeling	6	2	4	0	0
Journal of Petrology	7	2	5	2	0.286
Journal of Pharmaceutical Analysis	3	2	3	0	0
Journal of Pharmaceutical Policy and Practice	2	2	2	0	0
Journal of Pharmaceutical and Biomedical Analysis	3	2	3	0	0
Journal of Physical Oceanography	4	2	2	2	0.5
Journal of Physical and Chemical Reference Data	3	2	2	3	1
Journal of Physics B: Atomic, Molecular and Optical Physics	7	2	5	0	0
Journal of Plankton Research	10	2	8	0	0
Journal of Plant Physiology	2	2	2	0	0
Journal of Political Science Education	5	2	3	0	0
Journal of Product &amp; Brand Management	2	2	1	0	0
Journal of Property, Planning and Environmental Law	2	2	1	0	0
Journal of Propulsion and Power	3	2	2	2	0.667
Journal of Psychoactive Drugs	4	2	3	0	0
Journal of Psycholinguistic Research	4	2	2	0	0
Journal of Public Administration Research and Theory	4	2	2	0	0
Journal of Public Child Welfare	4	2	2	0	0
Journal of Public Transportation	2	2	2	0	0
Journal of Quantitative Analysis in Sports	2	2	2	0	0
Journal of Quantitative Criminology	3	2	2	0	0
Journal of Quantitative Spectroscopy and Radiative Transfer	2	2	2	1	0.5
Journal of Quaternary Science	2	2	2	1	0.5
Journal of Radiation Research	2	2	2	0	0
Journal of Radioanalytical and Nuclear Chemistry	4	2	4	0	0
Journal of Raman Spectroscopy	3	2	3	0	0
Journal of Religion and Health	2	2	2	0	0
Journal of Research in Interactive Marketing	2	2	2	0	0
Journal of Research in Special Educational Needs	4	2	4	0	0
Journal of Research on Technology in Education	2	2	2	0	0
Journal of Rural Studies	3	2	3	0	0
Journal of Sea Research	8	2	8	0	0
Journal of Second Language Pronunciation	2	2	2	0	0
Journal of Seismology	2	2	2	0	0
Journal of Sensors	3	2	2	0	0
Journal of Sensory Studies	7	2	5	0	0
Journal of Separation Science	2	2	2	1	0.5
Journal of Shellfish Research	4	2	2	0	0
Journal of Shoulder and Elbow Arthroplasty	2	2	2	0	0
Journal of Shoulder and Elbow Surgery	2	2	2	0	0
Journal of Small Animal Practice	2	2	1	0	0
Journal of Sociolinguistics	3	2	2	0	0
Journal of Soil Science and Plant Nutrition	8	2	7	0	0
Journal of Solar Energy Engineering	2	2	2	0	0
Journal of Space Safety Engineering	2	2	2	0	0
Journal of Spatial Science	3	2	3	0	0
Journal of Sports Science and Medicine	2	2	1	0	0
Journal of Statistics Education	4	2	3	0	0
Journal of Strategic Marketing	2	2	1	0	0
Journal of Structural Geology	4	2	3	1	0.25
Journal of Surgical Oncology	2	2	2	0	0
Journal of Survey Statistics and Methodology	6	2	4	0	0
Journal of Sustainable Agriculture and Environment	5	2	5	0	0
Journal of Sustainable Metallurgy	4	2	1	2	0.5
Journal of Systems Science and Systems Engineering	3	2	2	0	0
Journal of Texture Studies	2	2	1	0	0
Journal of The Institution of Engineers (India): Series B	2	2	2	0	0
Journal of Transportation Engineering, Part B: Pavements	2	2	2	0	0
Journal of Trauma &amp; Dissociation	4	2	3	0	0
Journal of Traumatic Stress	4	2	2	0	0
Journal of Travel Medicine	2	2	2	0	0
Journal of Urban Affairs	2	2	2	0	0
Journal of Vascular Surgery	3	2	3	0	0
Journal of Vascular and Interventional Radiology	2	2	2	0	0
Journal of Vertebrate Biology	2	2	2	0	0
Journal of Vibration Engineering &amp; Technologies	3	2	2	0	0
Journal of Vibration and Acoustics	3	2	2	0	0
Journal of Virological Methods	3	2	3	0	0
Journal of Water and Health	3	2	2	0	0
Journal of microbiology, epidemiology and immunobiology	3	2	2	0	0
Journal of the American Academy of Audiology	2	2	2	0	0
Journal of the American Academy of Orthopaedic Surgeons	5	2	3	0	0
Journal of the American College of Emergency Physicians Open	4	2	2	0	0
Journal of the American College of Radiology	3	2	2	0	0
Journal of the American College of Surgeons	3	2	2	0	0
Journal of the Atmospheric Sciences	5	2	3	0	0
Journal of the Economic Science Association	2	2	2	0	0
Journal of the European Academy of Dermatology and Venereology	3	2	2	0	0
Journal of the European Second Language Association	2	2	2	0	0
Journal of the Indian Institute of Science	2	2	2	0	0
Journal of the International Society of Sports Nutrition	3	2	2	0	0
Journal of the Japan Society for Precision Engineering	2	2	2	0	0
Journal of the Korean Physical Society	2	2	2	0	0
Journal of the Korean Society of Hazard Mitigation	3	2	2	0	0
Journal of the Marine Biological Association of the United Kingdom	5	2	5	0	0
Journal of the Neurological Sciences	6	2	4	0	0
Journal of the Robotics Society of Japan	2	2	2	0	0
Journal of the Royal Statistical Society Series A: Statistics in Society	2	2	2	1	0.5
Journal of the Royal Statistical Society: Series C (Applied Statistics)	2	2	2	0	0
Journal of the Taiwan Institute of Chemical Engineers	2	2	2	0	0
Journalism and Media	2	2	2	0	0
Jurnal Online Informatika	2	2	2	0	0
Kidney360	4	2	3	0	0
Knee Surgery, Sports Traumatology, Arthroscopy	4	2	3	0	0
Knowledge & Management of Aquatic Ecosystems	2	2	2	0	0
Kodo Keiryogaku (The Japanese Journal of Behaviormetrics)	3	2	2	0	0
Korean Journal of Ecology and Environment	2	2	2	0	0
Korean Journal of Journalism & Communication Studies	2	2	1	0	0
Kybernetes	2	2	2	0	0
Lab Animal	2	2	2	0	0
Laboratory Investigation	2	2	2	0	0
Laboratory Phonology	4	2	4	0	0
Laboratory Phonology: Journal of the Association for Laboratory Phonology	4	2	2	0	0
Landslides	4	2	3	0	0
Language Assessment Quarterly	2	2	2	0	0
Language Teaching Research	2	2	2	0	0
Language, Speech, and Hearing Services in Schools	3	2	2	0	0
Langue française	2	2	1	0	0
Laparoscopic, Endoscopic and Robotic Surgery	2	2	2	0	0
Lecture Notes in Computational Science and Engineering,Numerical Mathematics and Advanced Applications ENUMATH 2023, Volume 1	2	2	2	1	0.5
Lecture Notes in Computer Science,Advances in Computer Graphics	2	2	2	0	0
Lecture Notes in Computer Science,Advances in Intelligent Data Analysis XXII	5	2	4	0	0
Lecture Notes in Computer Science,Advances in Knowledge Discovery and Data Mining	2	2	2	0	0
Lecture Notes in Computer Science,Analysis of Images, Social Networks and Texts	4	2	2	0	0
Lecture Notes in Computer Science,Applied Cryptography and Network Security Workshops	4	2	2	0	0
Lecture Notes in Computer Science,Artificial Intelligence in Medicine	2	2	2	0	0
Lecture Notes in Computer Science,Artificial Intelligence in Music, Sound, Art and Design	2	2	1	0	0
Lecture Notes in Computer Science,Artificial Neural Networks and Machine Learning – ICANN 2021	8	2	4	0	0
Lecture Notes in Computer Science,Artificial Neural Networks and Machine Learning – ICANN 2025	2	2	2	0	0
Lecture Notes in Computer Science,Automated Technology for Verification and Analysis	2	2	1	0	0
Lecture Notes in Computer Science,Big Data Analytics in Astronomy, Science, and Engineering	3	2	2	0	0
Lecture Notes in Computer Science,Clinical Image-Based Procedures, Fairness of AI in Medical Imaging, and Ethical and Philosophical Issues in Medical Imaging	2	2	1	0	0
Lecture Notes in Computer Science,Computational Processing of the Portuguese Language	4	2	1	0	0
Lecture Notes in Computer Science,Computational Science – ICCS 2024	2	2	2	0	0
Lecture Notes in Computer Science,Computational Visual Media	3	2	3	0	0
Lecture Notes in Computer Science,Computer Aided Verification	2	2	2	0	0
Lecture Notes in Computer Science,Computer Algebra in Scientific Computing	2	2	2	0	0
Lecture Notes in Computer Science,Computer Vision – ECCV 2018 Workshops	4	2	2	0	0
Lecture Notes in Computer Science,Database Systems for Advanced Applications	2	2	2	0	0
Lecture Notes in Computer Science,Discovering Drift Phenomena in Evolving Landscapes	2	2	2	0	0
Lecture Notes in Computer Science,Domain Adaptation and Representation Transfer	2	2	2	0	0
Lecture Notes in Computer Science,Euro-Par 2024: Parallel Processing	2	2	2	0	0
Lecture Notes in Computer Science,Euro-Par 2025: Parallel Processing	2	2	2	0	0
Lecture Notes in Computer Science,Evolutionary Multi-Criterion Optimization	3	2	2	0	0
Lecture Notes in Computer Science,From Animals to Animats 17	2	2	1	2	1
Lecture Notes in Computer Science,Genetic Programming	2	2	2	0	0
Lecture Notes in Computer Science,Graph Drawing and Network Visualization	5	2	4	0	0
Lecture Notes in Computer Science,Information Integration and Web Intelligence	2	2	2	0	0
Lecture Notes in Computer Science,Information Processing in Medical Imaging	2	2	2	0	0
Lecture Notes in Computer Science,Integrated Uncertainty in Knowledge Modelling and Decision Making	2	2	1	0	0
Lecture Notes in Computer Science,Intelligent Systems	5	2	4	0	0
Lecture Notes in Computer Science,Mathematical Software – ICMS 2020	4	2	1	0	0
Lecture Notes in Computer Science,Mathematics and Computation in Music	2	2	2	0	0
Lecture Notes in Computer Science,Medical Image Computing and Computer Assisted Intervention – MICCAI 2019	6	2	3	0	0
Lecture Notes in Computer Science,Medical Image Computing and Computer Assisted Intervention – MICCAI 2022	6	2	3	0	0
Lecture Notes in Computer Science,Multi-disciplinary Trends in Artificial Intelligence	5	2	4	0	0
Lecture Notes in Computer Science,Parallel and Distributed Computing, Applications and Technologies	2	2	1	0	0
Lecture Notes in Computer Science,Pattern Recognition and Artificial Intelligence	2	2	2	0	0
Lecture Notes in Computer Science,Pattern Recognition and Computer Vision	7	2	7	0	0
Lecture Notes in Computer Science,Pattern Recognition. ICPR 2024 International Workshops and Challenges	2	2	2	0	0
Lecture Notes in Computer Science,Reconstruction and Imaging Motion Estimation, and Graphs in Biomedical Image Analysis	2	2	2	0	0
Lecture Notes in Computer Science,Scalable Uncertainty Management	3	2	2	0	0
Lecture Notes in Computer Science,Social Informatics	4	2	2	0	0
Lecture Notes in Computer Science,Social Networks Analysis and Mining	2	2	2	0	0
Lecture Notes in Computer Science,Social, Cultural, and Behavioral Modeling	2	2	2	0	0
Lecture Notes in Computer Science,Statistical Atlases and Computational Models of the Heart. Workshop, CMRxRecon and MBAS Challenge Papers.	2	2	2	0	0
Lecture Notes in Computer Science,Supercomputing	2	2	2	0	0
Lecture Notes in Computer Science,Technology Enhanced Learning for Inclusive and Equitable Quality Education	2	2	1	0	0
Lecture Notes in Computer Science,Topology- and Graph-Informed Imaging Informatics	3	2	3	0	0
Lecture Notes in Electrical Engineering,ELECTRIMACS 2024	2	2	1	0	0
Lecture Notes in Electrical Engineering,Proceedings of the 10th Conference on Sound and Music Technology	4	2	3	0	0
Lecture Notes in Electrical Engineering,Proceedings of the Satellite Workshops of ICVGIP 2021	4	2	2	0	0
Lecture Notes in Electrical Engineering,Revolutionizing Fashion and Retail	2	2	1	0	0
Lecture Notes in Geoinformation and Cartography,Recent Developments in Geospatial Information Sciences	2	2	2	0	0
Lecture Notes in Mobility,Transport Transitions: Advancing Sustainable and Inclusive Mobility	2	2	2	0	0
Lecture Notes in Networks and Systems,Advances in System-Integrated Intelligence	4	2	2	0	0
Lecture Notes in Networks and Systems,Artificial Intelligence and High Performance Computing in the Cloud	2	2	1	0	0
Lecture Notes in Networks and Systems,Information Processing and Management of Uncertainty in Knowledge-Based Systems	2	2	2	0	0
Lecture Notes in Networks and Systems,Intelligent and Fuzzy Systems	2	2	2	0	0
Lecture Notes in Networks and Systems,Learning with Technologies and Technologies in Learning	4	2	1	0	0
Lecture Notes in Networks and Systems,Networks in the Global World V	4	2	2	0	0
Lecture Notes in Networks and Systems,Proceedings of Third International Conference on Computing and Communication Networks	2	2	2	0	0
Lecture Notes in Networks and Systems,Proceedings of the Eighth International Scientific Conference “Intelligent Information Technologies for Industry” (IITI’24), Volume 2	2	2	2	0	0
Lecture Notes in Networks and Systems,Proceedings of the Tenth International Conference on Mathematics and Computing	2	2	1	0	0
Lecture Notes in Production Engineering,Production at the Leading Edge of Technology	2	2	2	0	0
Lecture Notes of the Institute for Computer Sciences, Social Informatics and Telecommunications Engineering,Pan-African Artificial Intelligence and Smart Systems	2	2	2	0	0
Lecture Notes on Data Engineering and Communications Technologies,Proceedings of the 4th International Conference on Big Data Analytics for Cyber-Physical System in Smart City - Volume 2	2	2	1	0	0
Legislative Studies Quarterly	14	2	9	3	0.214
Leukemia &amp; Lymphoma	2	2	2	0	0
Life Sciences	6	2	4	0	0
Light: Science &amp; Applications	3	2	2	0	0
Lighting Research &amp; Technology	3	2	3	0	0
Lilloa	2	2	2	0	0
Limnetica	4	2	4	0	0
Limnology and Oceanography Bulletin	4	2	2	0	0
Linguistik Aktuell/Linguistics Today	2	2	1	0	0
Linguistik Aktuell/Linguistics Today,The Spanish and the Portuguese Present Perfect in Discourse	32	2	16	0	0
Lit: Literature Interpretation Theory	2	2	1	0	0
Lithosphere	2	2	2	0	0
Liver International	3	2	3	0	0
Living Reviews in Computational Astrophysics	3	2	2	1	0.333
Local Government Studies	3	2	2	0	0
Logistics	2	2	2	0	0
Lubricants	3	2	2	0	0
Lung Cancer	3	2	2	0	0
Lupus Science &amp; Medicine	2	2	2	0	0
METRON	2	2	2	0	0
MILCOM 2021 - 2021 IEEE Military Communications Conference (MILCOM)	4	2	2	0	0
Machine Learning and Knowledge Discovery in Databases. Applied Data Science and Demo Track,Lecture Notes in Computer Science	4	2	2	0	0
Machine Learning and Knowledge Discovery in Databases: Research Track,Lecture Notes in Computer Science	2	2	2	0	0
Machine Learning for Computational Science and Engineering	2	2	2	0	0
Machine Learning for Data Science Handbook	2	2	2	0	0
Machine Learning in Medical Imaging,Lecture Notes in Computer Science	4	2	2	0	0
Madroño	3	2	2	0	0
Management Decision	2	2	2	0	0
Manual of Molecular Microbiology	2	2	2	0	0
Manufacturing &amp; Service Operations Management	2	2	1	0	0
Marine Ecology	4	2	3	0	0
Maritime Policy &amp; Management	2	2	2	0	0
Materials Advances	8	2	3	0	0
Materials Science and Engineering: R: Reports	2	2	1	0	0
Materials Science in Semiconductor Processing	2	2	2	0	0
Materials Theory	4	2	2	0	0
Materials Today Bio	3	2	2	0	0
Materials Today Energy	2	2	2	0	0
Maternal and Child Health Journal	3	2	2	0	0
Mathematical Biology and Bioinformatics	3	2	2	0	0
Mathematical Medicine and Biology: A Journal of the IMA	2	2	2	0	0
Mathematical Methods in the Applied Sciences	2	2	2	0	0
Mathematical Modelling, Simulations, and AI for Emergent Pandemic Diseases	2	2	2	0	0
Mathematical Problems in Engineering	4	2	2	0	0
Mathematical Programming	2	2	2	0	0
Mathematical and Statistical Methods for Actuarial Sciences and Finance	2	2	1	0	0
Mathematics and Visualization,In Situ Visualization for Computational Science	4	2	1	0	0
Mathematics in Engineering	4	2	1	0	0
Matrix Biology	4	2	3	0	0
Mechanics of Advanced Materials and Structures	3	2	2	0	0
Mechanics of Time-Dependent Materials	2	2	2	0	0
Mechanisms and Machine Science,Advances in Service and Industrial Robotics	2	2	2	0	0
Mediators of Inflammation	4	2	2	0	0
Medical Bulletin of Haseki	2	2	1	0	0
Medical Care	7	2	5	0	0
Medical Education	3	2	2	0	0
Medical Image Computing and Computer Assisted Intervention – MICCAI 2021,Lecture Notes in Computer Science	8	2	4	0	0
Medical Microbiology and Immunology	2	2	2	0	0
Medical Teacher	2	2	2	0	0
MedienPädagogik: Zeitschrift für Theorie und Praxis der Medienbildung	3	2	2	0	0
Memory & Cognition	2	2	2	0	0
Memory Studies	2	2	1	0	0
Mental Health and Physical Activity	3	2	2	0	0
Metallomics	2	2	2	0	0
Methods in Cell Biology,Immuno-Oncology and Immunotherapy - Part E	2	2	1	0	0
Methods in Molecular Biology,Borrelia burgdorferi	2	2	1	0	0
Methods in Molecular Biology,Computational Drug Discovery and Design	3	2	2	1	0.333
Methods in Molecular Biology,Genome-Wide Association Studies	4	2	2	0	0
Methods in Molecular Biology,Lineage Tracing	2	2	2	0	0
Methods in Molecular Biology,Translational Bioinformatics for Therapeutic Development	6	2	3	0	0
Methods of Information in Medicine	2	2	2	0	0
Metrology	2	2	2	0	0
Micro and Nanostructures	2	2	2	0	0
Microbes and Environments	3	2	2	0	0
Microbial Pathogenesis	3	2	2	0	0
MicrobiologyOpen	6	2	5	0	0
Microelectronic Engineering	3	2	2	0	0
Micromachines	3	2	2	0	0
Micron	3	2	3	0	0
Middle East Oil, Gas and Geosciences Show (MEOS GEO)	2	2	1	0	0
Mitochondrion	2	2	2	0	0
Mobile Information Systems	4	2	2	0	0
Mobile Networks and Applications	4	2	1	4	1
Modelling and Development of Intelligent Systems,Communications in Computer and Information Science	3	2	2	0	0
Molecular &amp; Cellular Toxicology	3	2	2	0	0
Molecular Cancer Research	3	2	2	0	0
Molecular Carcinogenesis	3	2	2	0	0
Molecular Diversity	5	2	4	0	0
Molecular Immunology	4	2	1	0	0
Molecular Neurodegeneration	6	2	4	0	0
Molecular Simulation	4	2	2	0	0
Molecular Therapy Methods &amp; Clinical Development	2	2	2	0	0
Molecular and Cellular Biochemistry	2	2	2	0	0
Molecules and Cells	4	2	3	0	0
Monatsschrift für Kriminologie und Strafrechtsreform	2	2	1	0	0
Movement Disorders Clinical Practice	2	2	2	0	0
Multiple Sclerosis Journal	2	2	1	0	0
Music Perception	6	2	3	0	0
Music Theory Spectrum	2	2	1	0	0
Mutation Research/Reviews in Mutation Research	2	2	1	0	0
Mycological Progress	3	2	3	0	0
NAMMCO Scientific Publications	2	2	1	0	0
NDT & E International	2	2	2	0	0
NDT &amp; E International	2	2	2	0	0
NODYCON Conference Proceedings Series,Advances in Nonlinear Dynamics	4	2	2	0	0
Nanomaterials	11	2	6	0	0
Nanoscale Horizons	3	2	2	0	0
Nanotechnology	4	2	1	4	1
Nanotoxicology	2	2	2	0	0
Nature Chemical Engineering	2	2	2	0	0
Nature Photonics	4	2	1	2	0.5
Nature Reviews Bioengineering	2	2	2	0	0
Nature Reviews Materials	4	2	2	0	0
Neotropical Biodiversity	2	2	2	0	0
Neotropical Entomology	2	2	2	0	0
Network Modeling Analysis in Health Informatics and Bioinformatics	2	2	2	0	0
NeuroToxicology	3	2	3	0	0
Neurobiology of Stress	3	2	2	0	0
Neurocritical Care	2	2	2	0	0
Neuroendocrinology	2	2	2	0	0
Neurological Sciences	3	2	2	0	0
Neurology - Neuroimmunology Neuroinflammation	2	2	2	0	0
Neurology Clinical Practice	2	2	2	0	0
Neurology Genetics	3	2	2	0	0
Neuromethods,Methods for Analyzing Large Neuroimaging Datasets	4	2	4	0	0
Neuromodulation: Technology at the Neural Interface	2	2	2	0	0
Neuropharmacology	4	2	3	0	0
Neurophotonics	3	2	2	0	0
Neuroscience Bulletin	3	2	2	0	0
Neurosurgical Review	2	2	2	0	0
Neurotrauma Reports	7	2	6	0	0
New England Journal of Medicine	3	2	2	0	0
New Thinking in GIScience	4	2	1	0	0
Newton	2	2	2	0	0
Next Energy	2	2	2	0	0
Nicotine and Tobacco Research	2	2	2	0	0
Nitrogen	7	2	5	0	0
Nondestructive Testing and Evaluation	7	2	4	6	0.857
Nonprofit Policy Forum	2	2	2	0	0
Nonprofit and Voluntary Sector Quarterly	3	2	2	0	0
Nordic Studies on Alcohol and Drugs	2	2	2	0	0
North American Journal of Aquaculture	2	2	1	0	0
Nuclear Instruments and Methods in Physics Research Section B: Beam Interactions with Materials and Atoms	6	2	4	0	0
Nuclear Medicine and Biology	2	2	2	0	0
Numerical Heat Transfer, Part B: Fundamentals	2	2	1	0	0
Nursing Research	3	2	2	0	0
Nursing in Critical Care	2	2	2	0	0
OCEANS 2023 - Limerick	2	2	2	0	0
OR Spectrum	2	2	2	0	0
Obesity	5	2	5	0	0
Obesity Reviews	5	2	3	0	0
Occupational Health Science	2	2	2	0	0
Ocean Science Journal	2	2	2	0	0
Ocean and Coastal Research	3	2	2	0	0
Oceans	2	2	2	0	0
OncoImmunology	6	2	5	0	0
Oncogenesis	2	2	1	0	0
Oncotarget	6	2	3	0	0
One Health Outlook	3	2	2	0	0
Open Archaeology	4	2	2	0	0
Open Computer Science	2	2	2	0	0
Open Engineering	2	2	2	0	0
Open European Journal on Variable stars	2	2	2	0	0
Open Heart	2	2	1	0	0
Open Journal of Statistics	3	2	2	0	0
Operations Research Forum	2	2	2	0	0
Operations Research Perspectives	3	2	2	0	0
Ophthalmology	3	2	2	0	0
Optica Imaging Congress 2024 (3D, AOMS, COSI, ISA, pcAOP)	2	2	2	0	0
Optical Engineering	2	2	2	0	0
Optical Fiber Communication Conference (OFC) 2021	4	2	2	0	0
Optical Materials	2	2	1	0	0
Optimal Control Applications and Methods	3	2	2	0	0
Oral Diseases	2	2	2	0	0
Oral Surgery, Oral Medicine, Oral Pathology and Oral Radiology	5	2	3	0	0
Orbis Litterarum	2	2	2	0	0
Organic Process Research &amp; Development	2	2	2	0	0
Organizacija	2	2	1	0	0
Organization Science	2	2	2	0	0
Orphanet Journal of Rare Diseases	6	2	3	0	0
Osteoarthritis Imaging	2	2	1	0	0
Osteoporosis International	2	2	1	0	0
Oxidative Medicine and Cellular Longevity	4	2	2	0	0
PHYSICS OF SPACE : Proceedings of the 52-st All-Russian with international participation student scientific conference	2	2	2	0	0
PRESENCE: Virtual and Augmented Reality	2	2	1	0	0
PS: Political Science & Politics	3	2	3	1	0.333
Pacific Science	3	2	3	0	0
Pamukkale University Journal of Social Sciences Institute	4	2	2	0	0
Pancreas	4	2	3	0	0
Pandemic and the City,Footprints of Regional Science	2	2	2	0	0
Panorama	4	2	2	0	0
Parallel C++	2	2	1	1	0.5
Parallel Problem Solving from Nature – PPSN XVI,Lecture Notes in Computer Science	4	2	2	2	0.5
Parasite	5	2	5	0	0
Parasites & Vectors	3	2	3	0	0
Parasitology Research	15	2	10	0	0
Parkinson's Disease	2	2	1	0	0
Particle and Fibre Toxicology	3	2	2	0	0
Particuology	3	2	2	0	0
Pathogens and Global Health	2	2	2	0	0
Pathology - Research and Practice	2	2	2	0	0
Pathology and Oncology Research	4	2	3	0	0
Pattern Recognition and Image Analysis,Lecture Notes in Computer Science	6	2	3	0	0
Pediatric Diabetes	3	2	2	0	0
Pediatric Neurology	2	2	1	0	0
Pediatric Obesity	4	2	2	0	0
Pediatric Radiology	4	2	3	0	0
Pediatric Reports	2	2	2	0	0
Pediatric Transplantation	5	2	3	0	0
Perception	3	2	2	2	0.667
Perfusion	5	2	5	0	0
Permafrost and Periglacial Processes	2	2	2	0	0
Personal and Ubiquitous Computing	4	2	2	0	0
Personality and Social Psychology Review	2	2	2	0	0
Perspectives in Plant Ecology, Evolution and Systematics	2	2	2	0	0
Perspectives on Politics	2	2	2	0	0
Perspectives on Psychological Science	4	2	2	0	0
Pertanika Journal of Science and Technology	2	2	1	0	0
Pesquisa Agropecuária Brasileira	4	2	1	0	0
Pharmacoepidemiology and Drug Safety	5	2	4	0	0
Pharmacy	3	2	2	0	0
Phenology: An Integrative Environmental Science	2	2	1	0	0
Phonology	5	2	4	0	0
Photogrammetric Engineering &amp; Remote Sensing	3	2	2	0	0
Photosynthesis Research	4	2	2	0	0
Photovoltaic Solar Energy	3	2	3	0	0
Physics Education	3	2	2	0	0
Physics Reports	2	2	1	0	0
Physics-Uspekhi	2	2	2	0	0
Physiological Entomology	2	2	2	0	0
Physiological and Biochemical Zoology	4	2	2	0	0
Physiotherapy Theory and Practice	3	2	2	0	0
Phyton	2	2	2	0	0
Phytopathology Research	3	2	2	0	0
Pigment Cell &amp; Melanoma Research	3	2	2	0	0
Pilot and Feasibility Studies	3	2	2	0	0
Pisʹma v žurnal êksperimentalʹnoj i teoretičeskoj fiziki	2	2	2	0	0
Plant Cell Reports	2	2	2	0	0
Plant Cell, Tissue and Organ Culture (PCTOC)	2	2	2	0	0
Plant Foods for Human Nutrition	3	2	3	0	0
Plant Gametogenesis,Methods in Molecular Biology	4	2	2	0	0
Plant Genetic Resources: Characterization and Utilization	3	2	2	0	0
Plant Physiology and Biochemistry	4	2	3	0	0
Plant Science	3	2	2	0	0
Plant Stress	4	2	4	0	0
Plant and Cell Physiology	3	2	2	0	0
Plant-Environment Interactions	5	2	4	0	0
Plastic &amp; Reconstructive Surgery	2	2	2	0	0
Plastic and Reconstructive Surgery - Global Open	2	2	2	0	0
Platelets	3	2	2	0	0
Policing and Society	5	2	4	0	0
Policy &amp; Internet	2	2	2	0	0
Policy Studies	2	2	2	0	0
Politische Vierteljahresschrift	3	2	2	0	0
Population Ecology	3	2	3	0	0
Population, Space and Place	2	2	2	0	0
Pour	2	2	1	0	0
Power Electronics and Drives	2	2	2	0	0
Practical Radiation Oncology	4	2	2	0	0
Practice and Experience in Advanced Research Computing 2024: Human Powered Computing	12	2	12	0	0
Practice and Experience in Advanced Research Computing 2025: The Power of Collaboration	2	2	2	0	0
Pregnancy Hypertension	6	2	4	0	0
Prevention Science	5	2	4	0	0
Preventive Medicine	3	2	3	0	0
Probabilistic Engineering Mechanics	3	2	2	0	0
Probability, Statistics and Life Cycle Assessment	2	2	1	0	0
Problems of Virology	2	2	2	0	0
Probus	4	2	2	0	0
Proceedings of 12th World Congress on Genetics Applied to Livestock Production (WCGALP)	8	2	8	0	0
Proceedings of International Conference on Computational Intelligence,Algorithms for Intelligent Systems	4	2	1	0	0
Proceedings of Mensch und Computer 2024	2	2	2	0	0
Proceedings of Sixth International Congress on Information and Communication Technology,Lecture Notes in Networks and Systems	4	2	2	2	0.5
Proceedings of the 10th International Conference on the Internet of Things	4	2	2	0	0
Proceedings of the 11th International Conference on Digital Libraries for Musicology	2	2	2	0	0
Proceedings of the 11th International Conference on the Internet of Things	2	2	2	0	0
Proceedings of the 13th Hellenic Conference on Artificial Intelligence	2	2	2	0	0
Proceedings of the 15th International Symposium on Visual Information Communication and Interaction	2	2	2	0	0
Proceedings of the 16th International Conference on Automotive User Interfaces and Interactive Vehicular Applications	2	2	2	0	0
Proceedings of the 17th ACM Conference on Recommender Systems	2	2	2	0	0
Proceedings of the 17th ACM International Conference on Web Search and Data Mining	2	2	2	0	0
Proceedings of the 18th International Audio Mostly Conference	2	2	2	0	0
Proceedings of the 18th International Conference on Availability, Reliability and Security	2	2	2	0	0
Proceedings of the 2020 Genetic and Evolutionary Computation Conference	4	2	2	0	0
Proceedings of the 2023 ACM Designing Interactive Systems Conference	2	2	2	0	0
Proceedings of the 2024 4th International Conference on Big Data, Artificial Intelligence and Risk Management	2	2	2	0	0
Proceedings of the 2024 7th International Conference on Computational Intelligence and Intelligent Systems	2	2	1	0	0
Proceedings of the 20th ACM Conference on Embedded Networked Sensor Systems	2	2	2	0	0
Proceedings of the 23rd Annual ACM Interaction Design and Children Conference	3	2	3	0	0
Proceedings of the 25th ACM SIGKDD International Conference on Knowledge Discovery & Data Mining	2	2	2	0	0
Proceedings of the 25th ACM SIGKDD International Conference on Knowledge Discovery &amp; Data Mining	2	2	2	0	0
Proceedings of the 25th International Conference on Model Driven Engineering Languages and Systems: Companion Proceedings	4	2	2	0	0
Proceedings of the 27th ACM International Conference on Architectural Support for Programming Languages and Operating Systems	4	2	1	0	0
Proceedings of the 27th ACM SIGKDD Conference on Knowledge Discovery & Data Mining	2	2	2	0	0
Proceedings of the 27th ACM SIGKDD Conference on Knowledge Discovery &amp; Data Mining	2	2	2	0	0
Proceedings of the 28th ACM SIGKDD Conference on Knowledge Discovery and Data Mining	4	2	2	0	0
Proceedings of the 28th International Conference on Evaluation and Assessment in Software Engineering	2	2	2	0	0
Proceedings of the 29th ACM International Conference on Architectural Support for Programming Languages and Operating Systems, Volume 3	3	2	3	0	0
Proceedings of the 29th ACM SIGPLAN Annual Symposium on Principles and Practice of Parallel Programming	2	2	2	0	0
Proceedings of the 30th International Conference on 3D Web Technology	2	2	2	0	0
Proceedings of the 30th International Conference on Intelligent User Interfaces	2	2	2	0	0
Proceedings of the 31st ACM SIGSOFT International Symposium on Software Testing and Analysis	4	2	2	0	0
Proceedings of the 33rd ACM International Conference on the Foundations of Software Engineering	2	2	2	1	0.5
Proceedings of the 36th Annual ACM Symposium on Applied Computing	4	2	2	0	0
Proceedings of the 36th Annual ACM Symposium on User Interface Software and Technology	3	2	3	0	0
Proceedings of the 37th Annual ACM Symposium on User Interface Software and Technology	2	2	2	0	0
Proceedings of the 37th IEEE/ACM International Conference on Automated Software Engineering	2	2	2	0	0
Proceedings of the 38th ACM International Conference on Supercomputing	2	2	2	0	0
Proceedings of the 39th IEEE/ACM International Conference on Automated Software Engineering	3	2	3	1	0.333
Proceedings of the 3rd ACM SIGSPATIAL International Workshop on APIs and Libraries for Geospatial Data Science	4	2	1	0	0
Proceedings of the 46th International ACM SIGIR Conference on Research and Development in Information Retrieval	2	2	2	0	0
Proceedings of the 52nd Annual International Symposium on Computer Architecture	2	2	2	0	0
Proceedings of the 5th ACM International Conference on AI in Finance	2	2	2	0	0
Proceedings of the 5th ACM SIGSPATIAL International Workshop on GeoSpatial Simulation	4	2	1	0	0
Proceedings of the 62nd Annual Meeting of the Association for Computational Linguistics (Volume 1: Long Papers)	2	2	2	0	0
Proceedings of the 8th International Conference on Future Networks &amp; Distributed Systems	2	2	2	0	0
Proceedings of the 8th International Conference on Sustainable Information Engineering and Technology	2	2	2	0	0
Proceedings of the 9th International Performance Analysis Workshop and Conference &amp; 5th IACSS Conference,Advances in Intelligent Systems and Computing	4	2	1	0	0
Proceedings of the ACM International Conference on Intelligent Virtual Agents	2	2	2	0	0
Proceedings of the ACM International Conference on Parallel Architectures and Compilation Techniques	4	2	1	0	0
Proceedings of the ACM SIGCAS/SIGCHI Conference on Computing and Sustainable Societies	2	2	2	0	0
Proceedings of the ACM Symposium on Document Engineering 2020	3	2	2	0	0
Proceedings of the ACM Web Conference 2024	2	2	1	0	0
Proceedings of the ACM on Computer Graphics and Interactive Techniques	3	2	3	0	0
Proceedings of the ACM on Web Conference 2025	3	2	2	0	0
Proceedings of the ACM/IEEE 44th International Conference on Software Engineering: Companion Proceedings	6	2	3	0	0
Proceedings of the Conference on Computers and People Research	2	2	1	0	0
Proceedings of the Cray User Group	2	2	1	0	0
Proceedings of the Design Society	4	2	1	0	0
Proceedings of the Design Society: DESIGN Conference	4	2	2	0	0
Proceedings of the IEEE/ACM 16th International Conference on Utility and Cloud Computing	2	2	2	0	0
Proceedings of the IEEE/ACM 46th International Conference on Software Engineering	3	2	3	0	0
Proceedings of the Indian National Science Academy	3	2	2	0	0
Proceedings of the Institution of Mechanical Engineers, Part P: Journal of Sports Engineering and Technology	2	2	2	0	0
Proceedings of the International Astronomical Union	4	2	2	2	0.5
Proceedings of the International Conference on Cognitive and Intelligent Computing,Cognitive Science and Technology	2	2	2	0	0
Proceedings of the Nineteenth International Conference on Tangible, Embedded, and Embodied Interaction	2	2	2	0	0
Proceedings of the Second International Conference on AI-ML Systems	2	2	2	0	0
Proceedings of: Tagung Zukünftige Stromnetze | Future Power Grids Conference	2	2	1	0	0
Progress in Artificial Intelligence,Lecture Notes in Computer Science	4	2	2	0	0
Progress in Earth and Planetary Science	3	2	2	0	0
Progress in Environmental Geography	2	2	2	0	0
Progress in Neurobiology	3	2	2	0	0
Progress in Nuclear Energy	8	2	5	0	0
Prosthetics &amp; Orthotics International	3	2	2	0	0
Psihologija	3	2	2	0	0
Psychiatry Research Communications	2	2	2	0	0
Psychiatry Research: Neuroimaging	2	2	1	0	0
Psychiatry and Clinical Neurosciences	3	2	2	0	0
Psychogeriatrics	3	2	2	0	0
Psychologica Belgica	2	2	1	0	0
Psychology & Marketing	2	2	2	0	0
Psychology &amp; Health	3	2	3	0	0
Psychology &amp; Sexuality	2	2	2	0	0
Psychology and Psychotherapy: Theory, Research and Practice	2	2	2	0	0
Psychology of Women Quarterly	3	2	2	0	0
Psychology, Crime &amp; Law	2	2	2	0	0
Public Administration Review	2	2	2	0	0
Public Health Weekly Report	2	2	1	0	0
Public Management Review	7	2	5	0	0
Public Transport	3	2	3	2	0.667
Pure and Applied Analysis	2	2	2	0	0
QRB Discovery	3	2	2	0	0
Quality & Quantity	2	2	2	0	0
Quality Management in Health Care	2	2	2	0	0
Quantitative Evaluation of Systems,Lecture Notes in Computer Science	3	2	2	0	0
Quantitative Finance	2	2	2	0	0
Quantum Chemistry in the Age of Machine Learning	4	2	1	0	0
Quaternary Geochronology	4	2	3	0	0
RADIATION PROCESSES IN THE ATMOSPHERE AND OCEAN,AIP Conference Proceedings	2	2	2	0	0
REVISTA IPSUMTEC	2	2	1	0	0
RNA Biology	8	2	5	0	0
ROBOMECH Journal	3	2	2	0	0
RSC Chemical Biology	4	2	2	0	0
RSC Sustainability	2	2	2	0	0
Radiation Measurements	3	2	2	0	0
Radiation Oncology	2	2	2	0	0
Radiation Physics and Chemistry	2	2	2	0	0
Radiography	2	2	2	0	0
Radiology: Artificial Intelligence	7	2	4	0	0
Rangelands	2	2	2	0	0
Reading Psychology	2	2	2	0	0
Real Estate Management and Valuation	3	2	2	0	0
Recent Advances in Computer Science and Communications	2	2	2	0	0
Reference Module in Biomedical Sciences	2	2	2	0	0
Reference Module in Materials Science and Materials Engineering	2	2	2	0	0
Regional &amp; Federal Studies	2	2	1	0	0
Regular and Chaotic Dynamics	3	2	2	0	0
Regulatory Toxicology and Pharmacology	2	2	2	0	0
Rehabilitation and Sports Medicine	2	2	1	0	0
Remote Sensing in Earth Systems Sciences	3	2	2	0	0
Renewable Agriculture and Food Systems	2	2	1	0	0
Research &amp; Politics	4	2	3	0	0
Research Anthology on Applying Social Networking Strategies to Classrooms and Libraries	4	2	1	0	0
Research Methods in Medicine &amp; Health Sciences	2	2	2	0	0
Research in Autism Spectrum Disorders	2	2	2	0	0
Research in Learning Technology	5	2	3	0	0
Research in Mathematics Education	5	2	3	0	0
Research in Transportation Business &amp; Management	2	2	2	0	0
Resources	2	2	2	0	0
Respiratory Physiology &amp; Neurobiology	3	2	2	0	0
Respirology	2	2	2	0	0
Results in Applied Mathematics	2	2	2	0	0
Results in Physics	2	2	2	0	0
Resuscitation	4	2	3	0	0
Review of International Political Economy	6	2	5	0	0
Review of Managerial Science	3	2	2	0	0
Review of Regional Research	2	2	2	0	0
Reviews in Physics	2	2	2	0	0
Revista Brasileira da Educação Profissional e Tecnológica	2	2	2	0	0
Revista Brasileira de Cancerologia	3	2	2	0	0
Revista Brasileira de Climatologia	2	2	2	0	0
Revista Brasileira de Geografia Física	2	2	2	0	0
Revista Brasileira de Meteorologia	4	2	3	0	0
Revista Cientí­fica del Sistema de Estudios de Postgrado de la Universidad de San Carlos de Guatemala	2	2	1	0	0
Revista Colombiana de Psicología	2	2	1	0	0
Revista Iberoamericana de Educación Superior	2	2	1	0	0
Revista Mexicana de Ciencias Forestales	3	2	2	0	0
Revista Panamericana de Salud Pública	2	2	2	0	0
Revista da ANPEGE	2	2	1	0	0
Revista de Comunicación	3	2	2	0	0
Revista de Gestão Social e Ambiental	4	2	4	0	0
Revolutionizing Earth Observation - New Technologies and Insights	2	2	2	0	0
Rheumatology International	2	2	1	0	0
Russian Aeronautics	2	2	1	0	0
S.S. Korsakov Journal of Neurology and Psychiatry	2	2	1	0	0
SCIENTIA SINICA Mathematica	2	2	2	0	0
SIAM Review	3	2	2	0	0
SOIL	7	2	4	0	0
SPE Norway Subsurface Conference	2	2	1	0	0
SPE Reservoir Simulation Conference	7	2	7	0	0
SSM - Qualitative Research in Health	3	2	3	0	0
Safety	2	2	2	0	0
Scandinavian Journal of Gastroenterology	2	2	2	0	0
Scandinavian Journal of Public Health	7	2	4	0	0
Scandinavian Journal of Rheumatology	2	2	2	0	0
Scandinavian Journal of Urology	3	2	2	0	0
Schizophrenia Research: Cognition	3	2	2	0	0
School Mental Health	6	2	5	0	0
School Psychology International	3	2	2	0	0
Science China Life Sciences	6	2	4	0	0
Science China Materials	2	2	2	0	0
Science Signaling	6	2	5	0	0
Science and Technology of Advanced Materials	3	2	2	2	0.667
Science of Computer Programming	2	2	2	0	0
Scientia Agricola	5	2	5	0	0
Scientific Bulletin of UNFU	3	2	2	0	0
Scientific Studies of Reading	2	2	2	0	0
Scientific Study of Literature	2	2	1	0	0
Sclerosis	2	2	2	0	0
Second International Meeting for Applied Geoscience &amp; Energy	4	2	2	0	0
Security and Communication Networks	4	2	2	0	0
Security and Privacy in Social Networks and Big Data,Lecture Notes in Computer Science	2	2	1	0	0
Sedimentary Geology	2	2	2	0	0
Self and Identity	2	2	1	0	0
Seminars in Cell &amp; Developmental Biology	3	2	2	0	0
Seminars in Hearing	3	2	2	0	0
Sensors and Actuators B: Chemical	3	2	3	0	0
Service-Oriented Computing,Lecture Notes in Computer Science	4	2	2	0	0
Serving the Customer	2	2	1	0	0
Sexes	4	2	2	0	0
Sexual Abuse	2	2	2	0	0
Sexual Health &amp; Compulsivity	3	2	2	0	0
Sexuality Research and Social Policy	4	2	3	0	0
Similarity Search and Applications,Lecture Notes in Computer Science	4	2	2	2	0.5
Sleep Health	2	2	2	0	0
Small Ruminant Research	3	2	3	0	0
Small Structures	2	2	2	0	0
Smart Energy	7	2	5	0	0
Smart Energy for Smart Transport,Lecture Notes in Intelligent Transportation and Infrastructure	2	2	1	0	0
Social Cognitive And Affective Neuroscience	2	2	2	0	0
Social Computing and Social Media,Lecture Notes in Computer Science	2	2	1	0	0
Social Development	5	2	2	0	0
Social Justice Research	3	2	2	0	0
Social Movement Studies	3	2	2	0	0
Social Neuroscience	4	2	1	0	0
Social Robotics,Lecture Notes in Computer Science	2	2	2	0	0
Social Sciences &amp; Humanities Open	2	2	2	0	0
Society &amp; Natural Resources	3	2	2	0	0
Sociological Methodology	2	2	2	0	0
Software	2	2	2	0	0
Soil Advances	2	2	2	0	0
Soil Ecology Letters	3	2	2	0	0
Soil Systems	7	2	7	0	0
SolarPACES Conference Proceedings	2	2	2	0	0
Solid State Communications	3	2	2	0	0
Solid State Sciences	7	2	5	0	0
Spatial Cognition &amp; Computation	2	2	2	0	0
Spatial Data and Intelligence,Lecture Notes in Computer Science	3	2	2	0	0
Spectrochimica Acta Part B: Atomic Spectroscopy	5	2	3	0	0
Spectroscopy	3	2	2	0	0
Spine	3	2	3	0	0
Sports Health: A Multidisciplinary Approach	2	2	2	0	0
Springer Geography,Digital Geography	2	2	1	0	0
Springer Proceedings in Mathematics &amp; Statistics,Applied Statistics and Data Science	2	2	1	0	0
Springer Texts in Education,Applying Machine Learning in Science Education Research	2	2	1	0	0
State of the Planet	4	2	4	0	0
Statistica Neerlandica	4	2	2	2	0.5
Statistical Analysis and Data Mining: The ASA Data Science Journal	4	2	3	0	0
Statistical Journal of the IAOS	2	2	1	0	0
Statistical Language and Speech Processing,Lecture Notes in Computer Science	4	2	2	0	0
Statistical Methods &amp; Applications	2	2	2	0	0
Statistics Surveys	4	2	2	0	0
Statistics in Biopharmaceutical Research	8	2	6	0	0
Stem Cell Research & Therapy	2	2	2	0	0
Strain	3	2	2	0	0
Stress	2	2	2	0	0
Stresses	2	2	2	0	0
Stroke: Vascular and Interventional Neurology	3	2	2	0	0
Structural Health Monitoring	6	2	4	0	0
Studies in Classification, Data Analysis, and Knowledge Organization,New Frontiers in Textual Data Analysis	2	2	2	0	0
Studies in Classification, Data Analysis, and Knowledge Organization,Statistical Models and Learning Methods for Complex Data	2	2	2	0	0
Studies in Computational Intelligence,Artificial Intelligence and Visualization: Advancing Visual Knowledge Discovery	3	2	3	0	0
Studies in Computational Intelligence,Modern Artificial Intelligence Based on Soft Computing Techniques	2	2	1	0	0
Studies in Fuzziness and Soft Computing,Neutrosophic Paradigms: Advancements in Decision Making and Statistical Analysis	2	2	1	0	0
Studies in Neuroscience, Psychology and Behavioral Economics,Intracranial EEG	3	2	3	0	0
Studies on Neotropical Fauna and Environment	3	2	2	0	0
Substance Use &amp; Misuse	3	2	3	0	0
Superconductor Science and Technology	2	2	1	0	0
Supportive Care in Cancer	4	2	2	0	0
Surgery for Obesity and Related Diseases	4	2	2	0	0
Sustainable Futures	2	2	2	0	0
Sustainable and Resilient Infrastructure	2	2	1	0	0
Swarm and Evolutionary Computation	4	2	2	0	0
Symbiosis	10	2	7	0	0
Synergetic Cooperation between Robots and Humans,Lecture Notes in Networks and Systems	2	2	1	0	0
Synthetic and Systems Biotechnology	4	2	1	0	0
System Dynamics Review	2	2	2	0	0
Systematic Entomology	24	2	17	0	0
Systematic and Applied Microbiology	5	2	3	0	0
Systematics and Biodiversity	3	2	2	0	0
Systems Engineering	3	2	2	0	0
Systems Science &amp; Control Engineering	3	2	3	0	0
Systems and Control Transactions,Proceedings of the 10th International Conference on	2	2	2	0	0
Süleyman Demirel Üniversitesi Vizyoner Dergisi	2	2	1	0	0
TAXON	5	2	5	0	0
TESOL Quarterly	4	2	3	0	0
THE 9TH INTERNATIONAL CONFERENCE OF THE INDONESIAN CHEMICAL SOCIETY ICICS 2021: Toward a Meaningful Society,AIP Conference Proceedings	4	2	1	0	0
TOP	3	2	2	0	0
Teaching and Learning in Nursing	2	2	2	0	0
TechTrends	2	2	2	0	0
Technology in Cancer Research &amp; Treatment	3	2	2	0	0
Technology in Society	2	2	2	0	0
Technovation	2	2	2	0	0
Telemedicine and e-Health	2	2	2	0	0
Tellus A: Dynamic Meteorology and Oceanography	3	2	2	0	0
Temperature	2	2	2	0	0
Testing Software and Systems,Lecture Notes in Computer Science	4	2	2	0	0
Textile Research Journal	2	2	2	0	0
The 2024 ACM Conference on Fairness, Accountability, and Transparency	2	2	2	0	0
The 34th Annual ACM Symposium on User Interface Software and Technology	4	2	2	0	0
The 42nd International Workshop on Bayesian Inference and Maximum Entropy Methods in Science and Engineering	2	2	2	1	0.5
The 9th OpenSky Symposium	5	2	3	0	0
The AAPS Journal	4	2	2	0	0
The American Economist	4	2	1	0	0
The American Journal of Cardiology	4	2	3	0	0
The American Journal of Geriatric Psychiatry	4	2	4	0	0
The American Journal of Psychology	2	2	2	0	0
The American Journal of Tropical Medicine and Hygiene	3	2	2	0	0
The American Journal of the Medical Sciences	2	2	2	0	0
The Annals of Statistics	3	2	2	0	0
The Asia-Pacific Education Researcher	3	2	2	0	0
The Biological Bulletin	3	2	2	0	0
The Bone & Joint Journal	2	2	1	1	0.5
The British Journal of Radiology	3	2	2	0	0
The Canadian Journal of Chemical Engineering	2	2	2	0	0
The China Quarterly	3	2	2	0	0
The Crop Journal	4	2	3	0	0
The Economic History Review	2	2	1	0	0
The European Physical Journal D	4	2	2	0	0
The European Zoological Journal	2	2	2	0	0
The Innovation Energy	2	2	2	0	0
The International Journal of Cardiovascular Imaging	3	2	2	0	0
The Japanese journal of psychology	2	2	2	0	0
The Journal of Climate Change and Health	2	2	2	0	0
The Journal of Clinical Endocrinology & Metabolism	3	2	3	0	0
The Journal of Defense Modeling and Simulation: Applications, Methodology, Technology	3	2	2	0	0
The Journal of Development Studies	2	2	2	0	0
The Journal of Environment &amp; Development	2	2	1	0	0
The Journal of Experimental Biology	3	2	3	0	0
The Journal of Experimental Education	2	2	1	0	0
The Journal of Gene Medicine	3	2	3	0	0
The Journal of Island and Coastal Archaeology	3	2	2	2	0.667
The Journal of Korean Institute of Information Technology	2	2	2	0	0
The Journal of Rural Health	2	2	2	0	0
The Journal of Technology Transfer	3	2	2	0	0
The Journal of Thoracic and Cardiovascular Surgery	3	2	2	0	0
The Journal of nutrition, health and aging	3	2	3	0	0
The Journals of Gerontology, Series B: Psychological Sciences and Social Sciences	2	2	2	0	0
The Knee	3	2	2	0	0
The Lancet	3	2	3	0	0
The Lancet Infectious Diseases	5	2	3	0	0
The Leadership Quarterly	3	2	2	0	0
The Leading Edge	3	2	2	0	0
The Minerals, Metals &amp; Materials Series,TMS 2025 154th Annual Meeting &amp; Exhibition Supplemental Proceedings	2	2	1	0	0
The New England Journal of Statistics in Data Science	2	2	1	0	0
The Ocular Surface	2	2	2	0	0
The Pharmacogenomics Journal	4	2	2	0	0
The Quarterly Review of Economics and Finance	4	2	2	0	0
The Review of International Organizations	2	2	1	0	0
The SMAI Journal of computational mathematics	2	2	2	0	0
The Semantic Web,Lecture Notes in Computer Science	4	2	2	0	0
The Stata Journal: Promoting communications on statistics and Stata	2	2	2	0	0
The World Journal of Biological Psychiatry	4	2	2	0	0
Theoretical Foundations of Multiscale Modelling	4	2	3	1	0.25
Thin-Walled Structures	2	2	2	0	0
Thrombosis Journal	2	2	1	0	0
Thyroid	6	2	3	0	0
Tomography of Materials and Structures	2	2	2	0	0
Tools and Algorithms for the Construction and Analysis of Systems,Lecture Notes in Computer Science	3	2	2	0	0
Toxicology and Applied Pharmacology	2	2	2	0	0
Traffic Injury Prevention	2	2	2	0	0
Transactions of Japan Society of Kansei Engineering	4	2	1	0	0
Transactions of the Royal Society of South Australia	2	2	1	0	0
Transcranial Magnetic Stimulation	2	2	2	0	0
Transfusion	14	2	8	0	0
Translation, Cognition &amp; Behavior,Translation, Cognition and Behavior	2	2	2	0	0
Translational Oncology	5	2	4	0	0
Translational Research	4	2	3	0	0
Translational Vision Science &amp; Technology	3	2	3	0	0
Transplant International	6	2	4	0	0
Transplantation and Cellular Therapy	2	2	2	0	0
Transport Economics and Management	2	2	2	0	0
Transportation Geotechnics	2	2	2	0	0
Transportation Letters	3	2	3	0	0
Transportation Planning and Technology	4	2	2	0	0
Transportmetrica B: Transport Dynamics	2	2	2	0	0
Travel Medicine and Infectious Disease	4	2	3	0	0
Tree Genetics &amp; Genomes	2	2	2	0	0
Trends in Cognitive Sciences	4	2	3	0	0
Trends in Neuroscience and Education	3	2	2	0	0
Trends in Neurosciences	3	2	2	0	0
Tribology Letters	11	2	8	4	0.364
Tropical Conservation Science	7	2	4	0	0
Tropical Medicine and Infectious Disease	9	2	7	0	0
Tropical Plant Pathology	4	2	3	0	0
Tuberculosis	4	2	2	0	0
Twin Research and Human Genetics	4	2	2	0	0
Tyumen State University Herald. Physical and Mathematical Modeling. Oil, Gas, Energy	4	2	2	0	0
UQ 2022	3	2	2	0	0
Ultrasonics Sonochemistry	4	2	3	0	0
Ultrasound in Medicine & Biology	2	2	2	0	0
Urban Affairs Review	6	2	4	0	0
Urban Forestry & Urban Greening	2	2	2	0	0
Urban Informatics	3	2	2	1	0.333
Urban Studies	2	2	2	0	0
Urogynecology	2	2	2	0	0
Urologic Oncology: Seminars and Original Investigations	8	2	8	0	0
User Modeling and User-Adapted Interaction	4	2	2	0	0
Uspekhi Fizicheskih Nauk	2	2	2	0	0
Utilities Policy	2	2	2	0	0
VOLUNTAS: International Journal of Voluntary and Nonprofit Organizations	4	2	2	0	0
Vaccine: X	2	2	2	0	0
Vadose Zone Journal	3	2	2	0	0
Value in Health	2	2	2	0	0
Vehicle System Dynamics	4	2	1	0	0
Vehicles	2	2	2	0	0
Veterinary Immunology and Immunopathology	3	2	2	0	0
Veterinary Microbiology	4	2	4	0	0
Veterinary Parasitology: Regional Studies and Reports	2	2	1	0	0
Veterinary Pathology	2	2	2	0	0
Veterinary Quarterly	2	2	2	0	0
Veterinary World	3	2	2	0	0
Virology	5	2	4	0	0
Virtual and Physical Prototyping	4	2	3	0	0
VirusDisease	3	2	3	0	0
Visual Communication	3	2	3	0	0
Visual Computing for Industry, Biomedicine, and Art	3	2	3	0	0
Volume 14,Laboratory Phonology	4	2	4	0	0
WORK: A Journal of Prevention, Assessment &amp; Rehabilitation	2	2	2	0	0
WSEAS TRANSACTIONS ON ENVIRONMENT AND DEVELOPMENT	4	2	1	0	0
Waste and Biomass Valorization	2	2	2	0	0
Water Biology and Security	4	2	2	0	0
Water Science	2	2	2	0	0
Water Science and Technology	4	2	2	0	0
Water Science and Technology Library,Hydrological Processes Modelling and Data Analysis	2	2	2	0	0
Water Supply	2	2	2	0	0
Wave Motion	3	2	2	0	0
Wearable Technologies	4	2	3	0	0
Web Ecology	2	2	2	0	0
Web Intelligence	3	2	2	0	0
Weed Research	2	2	2	0	0
Wetlands Ecology and Management	4	2	3	0	0
Wiener klinische Wochenschrift	4	2	2	0	0
Women's Health Issues	3	2	2	0	0
World Electric Vehicle Journal	3	2	2	0	0
World Journal of Pediatric Surgery	3	2	2	0	0
World Journal of Pediatrics	3	2	2	0	0
World Journal of Urology	2	2	2	0	0
World Sustainability Series,The Contribution of Universities Towards Education for Sustainable Development	2	2	1	0	0
ZAMM - Journal of Applied Mathematics and Mechanics / Zeitschrift für Angewandte Mathematik und Mechanik	4	2	2	0	0
ZRex – Zeitschrift für Rechtsextremismusforschung	4	2	1	0	0
Zbornik Instituta za pedagoska istrazivanja	3	2	2	0	0
Zeitschrift für Soziologie	2	2	1	0	0
Zeitschrift für anorganische und allgemeine Chemie	4	2	3	0	0
Zhurnal nevrologii i psikhiatrii im. S.S. Korsakova	2	2	2	0	0
Zoology	2	2	1	0	0
acta ethologica	2	2	2	0	0
ce/papers	2	2	2	0	0
e+i Elektrotechnik und Informationstechnik	2	2	2	0	0
eJHaem	2	2	2	0	0
npj Acoustics	2	2	2	0	0
npj Aging and Mechanisms of Disease	4	2	1	0	0
npj Artificial Intelligence	3	2	3	0	0
npj Complexity	2	2	2	0	0
npj Imaging	5	2	5	0	0
npj Materials Sustainability	2	2	2	0	0
npj Microgravity	2	2	2	0	0
npj Primary Care Respiratory Medicine	3	2	2	0	0
npj Robotics	2	2	2	0	0
npj Schizophrenia	4	2	2	0	0
npj Women's Health	3	2	3	0	0
physica status solidi (b)	2	2	2	0	0
steel research international	2	2	2	0	0
tm - Technisches Messen	2	2	2	0	0
Çanakkale Onsekiz Mart University Journal of Marine Sciences and Fisheries	2	2	2	0	0
Écoscience	4	2	2	0	0
Žurnal èksperimentalʹnoj i teoretičeskoj fiziki	2	2	2	0	0
ЗДОРОВЬЕ НАСЕЛЕНИЯ И СРЕДА ОБИТАНИЯ - ЗНиСО / PUBLIC HEALTH AND LIFE ENVIRONMENT	2	2	2	0	0
Зоологический журнал	3	2	2	0	0
11th Chaotic Modeling and Simulation International Conference,Springer Proceedings in Complexity	2	1	1	1	0.5
13th Asia-Pacific Symposium on Internetware	2	1	1	0	0
14th ACM Web Science Conference 2022	2	1	1	0	0
15th International Symposium on Visual Information Communication and Interaction	1	1	1	0	0
16th WCEAM Proceedings,Lecture Notes in Mechanical Engineering	1	1	1	0	0
18th ACM Conference on Recommender Systems	1	1	1	0	0
19th International Conference on Mobile and Ubiquitous Multimedia	2	1	1	0	0
2016 23rd International Conference on Pattern Recognition (ICPR)	2	1	1	0	0
2016 Young Researchers in Vacuum Micro/Nano Electronics (VMNE-YR)	2	1	1	0	0
2017 11th International Conference on Signal Processing and Communication Systems (ICSPCS)	2	1	1	0	0
2017 11th International Workshop on Robot Motion and Control (RoMoCo)	2	1	1	0	0
2017 3rd International Conference on Applied and Theoretical Computing and Communication Technology (iCATccT)	2	1	1	0	0
2017 Computing Conference	2	1	1	0	0
2017 IEEE 11th International Conference on Application of Information and Communication Technologies (AICT)	2	1	1	0	0
2017 IEEE International Conference on Acoustics, Speech and Signal Processing (ICASSP)	2	1	1	0	0
2017 IEEE International Conference on Big Data (Big Data)	2	1	1	0	0
2017 IEEE International Conference on Data Science and Advanced Analytics (DSAA)	2	1	1	0	0
2017 IEEE Symposium Series on Computational Intelligence (SSCI)	2	1	1	1	0.5
2017 Latin American Robotics Symposium (LARS) and 2017 Brazilian Symposium on Robotics (SBR)	2	1	1	0	0
2018 11th German Microwave Conference (GeMiC)	2	1	1	0	0
2018 19th IEEE International Conference on Mobile Data Management (MDM)	2	1	1	0	0
2018 21st Euromicro Conference on Digital System Design (DSD)	2	1	1	0	0
2018 26th Euromicro International Conference on Parallel, Distributed and Network-based Processing (PDP)	2	1	1	0	0
2018 2nd European Conference on Electrical Engineering and Computer Science (EECS)	2	1	1	0	0
2018 6th International Conference on Information and Communication Technology (ICoICT)	2	1	1	0	0
2018 9th IEEE Annual Ubiquitous Computing, Electronics &amp; Mobile Communication Conference (UEMCON)	2	1	1	0	0
2018 ACM Multimedia Conference on Multimedia Conference - MM '18	1	1	1	0	0
2018 Formal Methods in Computer Aided Design (FMCAD)	2	1	1	0	0
2018 IEEE 10th Latin-American Conference on Communications (LATINCOM)	2	1	1	0	0
2018 IEEE 19th International Symposium on "A World of Wireless, Mobile and Multimedia Networks" (WoWMoM)	2	1	1	0	0
2018 IEEE 20th International Conference on High Performance Computing and Communications; IEEE 16th International Conference on Smart City; IEEE 4th International Conference on Data Science and Systems (HPCC/SmartCity/DSS)	2	1	1	0	0
2018 IEEE International Conference on Data Mining (ICDM)	2	1	1	0	0
2018 IEEE International Conference on Environment and Electrical Engineering and 2018 IEEE Industrial and Commercial Power Systems Europe (EEEIC / I&amp;CPS Europe)	2	1	1	0	0
2018 IEEE International Conference on Mechatronics and Automation (ICMA)	2	1	1	0	0
2018 IEEE Latin American Conference on Computational Intelligence (LA-CCI)	2	1	1	0	0
2018 IEEE MTT-S International Conference on Microwaves for Intelligent Mobility (ICMIM)	2	1	1	0	0
2018 IEEE/AIAA 37th Digital Avionics Systems Conference (DASC)	2	1	1	0	0
2018 International Conference on Information Technology Systems and Innovation (ICITSI)	2	1	1	0	0
2018 International Joint Conference on Neural Networks (IJCNN)	2	1	1	0	0
2018 Wireless Advanced (WiAd)	2	1	1	0	0
2019 11th Electrical Engineering Faculty Conference (BulEF)	2	1	1	0	0
2019 15th International Conference on eScience (eScience)	2	1	1	0	0
2019 18th IEEE International Conference On Machine Learning And Applications (ICMLA)	2	1	1	0	0
2019 18th International Conference on Optical Communications and Networks (ICOCN)	2	1	1	0	0
2019 19th IEEE/ACM International Symposium on Cluster, Cloud and Grid Computing (CCGRID)	2	1	1	0	0
2019 19th International Conference on Advanced Robotics (ICAR)	4	1	2	0	0
2019 1st International Conference on Cybernetics and Intelligent System (ICORIS)	2	1	1	0	0
2019 1st International Conference on Smart Systems and Data Science (ICSSD)	2	1	1	0	0
2019 22nd Euromicro Conference on Digital System Design (DSD)	2	1	1	1	0.5
2019 22nd International Conference on Computer and Information Technology (ICCIT)	2	1	1	0	0
2019 23rd International Computer Science and Engineering Conference (ICSEC)	2	1	1	0	0
2019 24th IEEE International Conference on Emerging Technologies and Factory Automation (ETFA)	2	1	1	0	0
2019 28th IEEE International Conference on Robot and Human Interactive Communication (RO-MAN)	2	1	1	0	0
2019 28th International Conference on Computer Communication and Networks (ICCCN)	2	1	1	0	0
2019 2nd IEEE International Conference on Soft Robotics (RoboSoft)	2	1	1	0	0
2019 42nd International Conference on Telecommunications and Signal Processing (TSP)	2	1	1	0	0
2019 4th International Conference on Information Technology Research (ICITR)	2	1	1	0	0
2019 4th International Conference on Robotics and Automation Engineering (ICRAE)	2	1	1	0	0
2019 5th Experiment International Conference (exp.at'19)	2	1	1	0	0
2019 5th International Conference on Advances in Electrical Engineering (ICAEE)	2	1	1	0	0
2019 8th Brazilian Conference on Intelligent Systems (BRACIS)	2	1	1	0	0
2019 ACM/IEEE 22nd International Conference on Model Driven Engineering Languages and Systems Companion (MODELS-C)	2	1	1	0	0
2019 Annual Reliability and Maintainability Symposium (RAMS)	2	1	1	0	0
2019 Chinese Automation Congress (CAC)	2	1	1	0	0
2019 European Conference on Networks and Communications (EuCNC)	2	1	1	0	0
2019 Fifth International Conference on Image Information Processing (ICIIP)	2	1	1	0	0
2019 Fourth International Conference on Fog and Mobile Edge Computing (FMEC)	2	1	1	0	0
2019 IEEE 10th Annual Ubiquitous Computing, Electronics &amp; Mobile Communication Conference (UEMCON)	2	1	1	0	0
2019 IEEE 11th International Conference on Engineering Education (ICEED)	2	1	1	0	0
2019 IEEE 16th International Conference on Mobile Ad Hoc and Sensor Systems (MASS)	1	1	1	0	0
2019 IEEE 17th International Conference on Software Engineering Research, Management and Applications (SERA)	2	1	1	0	0
2019 IEEE 23rd International Symposium on Consumer Technologies (ISCT)	2	1	1	0	0
2019 IEEE 35th International Conference on Data Engineering (ICDE)	2	1	1	0	0
2019 IEEE 46th Photovoltaic Specialists Conference (PVSC)	14	1	7	1	0.0714
2019 IEEE 58th Conference on Decision and Control (CDC)	2	1	1	0	0
2019 IEEE 5th International Conference on Identity, Security, and Behavior Analysis (ISBA)	2	1	1	0	0
2019 IEEE 8th International Workshop on Computational Advances in Multi-Sensor Adaptive Processing (CAMSAP)	2	1	1	0	0
2019 IEEE Aerospace Conference	2	1	1	0	0
2019 IEEE CHILEAN Conference on Electrical, Electronics Engineering, Information and Communication Technologies (CHILECON)	2	1	1	0	0
2019 IEEE Global Conference on Signal and Information Processing (GlobalSIP)	1	1	1	0	0
2019 IEEE Global Humanitarian Technology Conference (GHTC)	2	1	1	0	0
2019 IEEE Intelligent Transportation Systems Conference (ITSC)	2	1	1	0	0
2019 IEEE International Conference On Artificial Intelligence Testing (AITest)	2	1	1	0	0
2019 IEEE International Conference on Big Data (Big Data)	2	1	1	0	0
2019 IEEE International Conference on Environment and Electrical Engineering and 2019 IEEE Industrial and Commercial Power Systems Europe (EEEIC / I&amp;CPS Europe)	2	1	1	0	0
2019 IEEE International Conference on Image Processing (ICIP)	2	1	1	0	0
2019 IEEE International Conference on Industrial Cyber Physical Systems (ICPS)	2	1	1	0	0
2019 IEEE International Conference on Industry 4.0, Artificial Intelligence, and Communications Technology (IAICT)	2	1	1	0	0
2019 IEEE International Conference on Mechatronics and Automation (ICMA)	2	1	1	0	0
2019 IEEE International Instrumentation and Measurement Technology Conference (I2MTC)	2	1	1	0	0
2019 IEEE International Test Conference (ITC)	2	1	1	0	0
2019 IEEE International Test Conference in Asia (ITC-Asia)	2	1	1	0	0
2019 IEEE International Workshop on Information Forensics and Security (WIFS)	2	1	1	0	0
2019 IEEE Nordic Circuits and Systems Conference (NORCAS): NORCHIP and International Symposium of System-on-Chip (SoC)	2	1	1	1	0.5
2019 IEEE SmartWorld, Ubiquitous Intelligence &amp; Computing, Advanced &amp; Trusted Computing, Scalable Computing &amp; Communications, Cloud &amp; Big Data Computing, Internet of People and Smart City Innovation (SmartWorld/SCALCOM/UIC/ATC/CBDCom/IOP/SCI)	1	1	1	0	0
2019 IEEE Technology &amp; Engineering Management Conference (TEMSCON)	2	1	1	0	0
2019 IEEE Visualization Conference (VIS)	2	1	1	0	0
2019 IEEE/ACM International Workshop on Performance, Portability and Productivity in HPC (P3HPC)	2	1	1	0	0
2019 IEEE/ACM Third Workshop on Deep Learning on Supercomputers (DLS)	2	1	1	0	0
2019 IEEE/ACM Workshop on Machine Learning in High Performance Computing Environments (MLHPC)	2	1	1	0	0
2019 IEEE/ASME International Conference on Advanced Intelligent Mechatronics (AIM)	2	1	1	0	0
2019 IEEE/CVF Conference on Computer Vision and Pattern Recognition (CVPR)	2	1	1	0	0
2019 International Automatic Control Conference (CACS)	2	1	1	0	0
2019 International Conference on Cyber Situational Awareness, Data Analytics And Assessment (Cyber SA)	2	1	1	0	0
2019 International Conference on Document Analysis and Recognition (ICDAR)	2	1	1	0	0
2019 International Conference on Information Technology (ICIT)	2	1	1	0	0
2019 International Conference on Intelligent Computing, Automation and Systems (ICICAS)	2	1	1	0	0
2019 Joint Urban Remote Sensing Event (JURSE)	2	1	1	0	0
2019 National Information Technology Conference (NITC)	2	1	1	0	0
2019 Offshore Energy and Storage Summit (OSES)	2	1	1	0	0
2019 Southern African Universities Power Engineering Conference/Robotics and Mechatronics/Pattern Recognition Association of South Africa (SAUPEC/RobMech/PRASA)	2	1	1	0	0
2020 10th International Conference on Advanced Computer Information Technologies (ACIT)	2	1	1	0	0
2020 11th International Conference on Network of the Future (NoF)	2	1	1	0	0
2020 12th International Conference on Knowledge and Systems Engineering (KSE)	2	1	1	0	0
2020 13th International Conference on Developments in eSystems Engineering (DeSE)	2	1	1	0	0
2020 15th Asia Joint Conference on Information Security (AsiaJCIS)	2	1	1	0	0
2020 17th International Conference on Ubiquitous Robots (UR)	2	1	1	0	0
2020 19th IEEE International Conference on Machine Learning and Applications (ICMLA)	2	1	1	0	0
2020 22nd International Conference on Transparent Optical Networks (ICTON)	2	1	1	0	0
2020 23rd Euromicro Conference on Digital System Design (DSD)	2	1	1	1	0.5
2020 24th International Conference Information Visualisation (IV)	2	1	1	0	0
2020 24th International Conference on System Theory, Control and Computing (ICSTCC)	2	1	1	0	0
2020 25th IEEE International Conference on Emerging Technologies and Factory Automation (ETFA)	2	1	1	0	0
2020 25th International Conference on Pattern Recognition (ICPR)	1	1	1	0	0
2020 28th European Signal Processing Conference (EUSIPCO)	2	1	1	0	0
2020 29th International Conference on Computer Communications and Networks (ICCCN)	2	1	1	0	0
2020 2nd Global Power, Energy and Communication Conference (GPECOM)	4	1	2	0	0
2020 2nd International Conference on Advances in Computing, Communication Control and Networking (ICACCCN)	2	1	1	0	0
2020 2nd International Conference on Sustainable Technologies for Industry 4.0 (STI)	2	1	1	0	0
2020 3rd International Conference on Control and Robots (ICCR)	2	1	1	0	0
2020 3rd International Conference on Intelligent Sustainable Systems (ICISS)	2	1	1	0	0
2020 46th Euromicro Conference on Software Engineering and Advanced Applications (SEAA)	2	1	1	0	0
2020 47th IEEE Photovoltaic Specialists Conference (PVSC)	24	1	12	0	0
2020 52nd North American Power Symposium (NAPS)	2	1	1	0	0
2020 59th Annual Conference of the Society of Instrument and Control Engineers of Japan (SICE)	1	1	1	0	0
2020 59th IEEE Conference on Decision and Control (CDC)	2	1	1	0	0
2020 5th International STEM Education Conference (iSTEM-Ed)	2	1	1	0	0
2020 6th IEEE Congress on Information Science and Technology (CiSt)	2	1	1	0	0
2020 6th International Conference on Big Data and Information Analytics (BigDIA)	2	1	1	0	0
2020 7th International Conference on Control, Decision and Information Technologies (CoDIT)	2	1	1	0	0
2020 7th International Conference on Signal Processing and Integrated Networks (SPIN)	1	1	1	0	0
2020 9th International Conference on Renewable Energy Research and Application (ICRERA)	2	1	1	0	0
2020 9th International Congress on Advanced Applied Informatics (IIAI-AAI)	4	1	2	0	0
2020 9th Non-Volatile Memory Systems and Applications Symposium (NVMSA)	2	1	1	0	0
2020 AIAA/IEEE 39th Digital Avionics Systems Conference (DASC)	2	1	1	0	0
2020 American Control Conference (ACC)	2	1	1	0	0
2020 Chinese Automation Congress (CAC)	2	1	1	0	0
2020 Design, Automation & Test in Europe Conference & Exhibition (DATE)	1	1	1	0	0
2020 Design, Automation &amp; Test in Europe Conference &amp; Exhibition (DATE)	1	1	1	0	0
2020 Eighth International Symposium on Computing and Networking Workshops (CANDARW)	2	1	1	0	0
2020 Fourth International Conference on Multimedia Computing, Networking and Applications (MCNA)	2	1	1	0	0
2020 IEEE 17th India Council International Conference (INDICON)	2	1	1	0	0
2020 IEEE 17th International Symposium on Biomedical Imaging (ISBI)	2	1	1	0	0
2020 IEEE 19th International Symposium on Network Computing and Applications (NCA)	2	1	1	0	0
2020 IEEE 1st International Conference for Convergence in Engineering (ICCE)	2	1	1	0	0
2020 IEEE 20th International Conference on Bioinformatics and Bioengineering (BIBE)	2	1	1	0	0
2020 IEEE 20th International Symposium on Computational Intelligence and Informatics (CINTI)	2	1	1	1	0.5
2020 IEEE 20th International Working Conference on Source Code Analysis and Manipulation (SCAM)	2	1	1	0	0
2020 IEEE 22nd International Conference on High Performance Computing and Communications; IEEE 18th International Conference on Smart City; IEEE 6th International Conference on Data Science and Systems (HPCC/SmartCity/DSS)	2	1	1	0	0
2020 IEEE 22nd International Workshop on Multimedia Signal Processing (MMSP)	8	1	4	0	0
2020 IEEE 23rd International Conference on Computational Science and Engineering (CSE)	2	1	1	0	0
2020 IEEE 29th International Conference on Enabling Technologies: Infrastructure for Collaborative Enterprises (WETICE)	2	1	1	0	0
2020 IEEE 29th International Symposium on Industrial Electronics (ISIE)	2	1	1	0	0
2020 IEEE 3rd 5G World Forum (5GWF)	2	1	1	0	0
2020 IEEE 4th Information Technology, Networking, Electronic and Automation Control Conference (ITNEC)	1	1	1	0	0
2020 IEEE 5th Workshop on Visualization for the Digital Humanities (VIS4DH)	2	1	1	0	0
2020 IEEE 6th Intl Conference on Big Data Security on Cloud (BigDataSecurity), IEEE Intl Conference on High Performance and Smart Computing, (HPSC) and IEEE Intl Conference on Intelligent Data and Security (IDS)	2	1	1	0	0
2020 IEEE 70th Electronic Components and Technology Conference (ECTC)	2	1	1	0	0
2020 IEEE Aerospace Conference	2	1	1	0	0
2020 IEEE Colombian Conference on Applications of Computational Intelligence (IEEE ColCACI 2020)	2	1	1	0	0
2020 IEEE Conference on Virtual Reality and 3D User Interfaces (VR)	2	1	1	0	0
2020 IEEE Electric Power and Energy Conference (EPEC)	6	1	3	0	0
2020 IEEE Engineering International Research Conference (EIRCON)	2	1	1	0	0
2020 IEEE European Symposium on Security and Privacy Workshops (EuroS&amp;PW)	2	1	1	0	0
2020 IEEE Haptics Symposium (HAPTICS)	4	1	2	0	0
2020 IEEE International Conference on Autonomous Robot Systems and Competitions (ICARSC)	2	1	1	0	0
2020 IEEE International Conference on Bioinformatics and Biomedicine (BIBM)	1	1	1	0	0
2020 IEEE International Conference on Cluster Computing (CLUSTER)	2	1	1	0	0
2020 IEEE International Conference on Communications, Control, and Computing Technologies for Smart Grids (SmartGridComm)	4	1	2	0	0
2020 IEEE International Conference on Environment and Electrical Engineering and 2020 IEEE Industrial and Commercial Power Systems Europe (EEEIC / I&amp;CPS Europe)	2	1	1	0	0
2020 IEEE International Conference on Flexible and Printable Sensors and Systems (FLEPS)	2	1	1	0	0
2020 IEEE International Conference on Multisensor Fusion and Integration for Intelligent Systems (MFI)	2	1	1	0	0
2020 IEEE International Conference on Software Maintenance and Evolution (ICSME)	2	1	1	0	0
2020 IEEE International Conference on Sustainable Engineering and Creative Computing (ICSECC)	2	1	1	0	0
2020 IEEE International Conference on Systems, Man, and Cybernetics (SMC)	2	1	1	0	0
2020 IEEE International Instrumentation and Measurement Technology Conference (I2MTC)	2	1	1	0	0
2020 IEEE International Joint Conference on Biometrics (IJCB)	2	1	1	0	0
2020 IEEE International Symposium on Sustainable Energy, Signal Processing and Cyber Security (iSSSC)	2	1	1	0	0
2020 IEEE Intl Conf on Dependable, Autonomic and Secure Computing, Intl Conf on Pervasive Intelligence and Computing, Intl Conf on Cloud and Big Data Computing, Intl Conf on Cyber Science and Technology Congress (DASC/PiCom/CBDCom/CyberSciTech)	2	1	1	0	0
2020 IEEE Photonics Conference (IPC)	2	1	1	0	0
2020 IEEE Power &amp; Energy Society General Meeting (PESGM)	2	1	1	0	0
2020 IEEE REGION 10 CONFERENCE (TENCON)	2	1	1	0	0
2020 IEEE Recent Advances in Intelligent Computational Systems (RAICS)	2	1	1	0	0
2020 IEEE Region 10 Symposium (TENSYMP)	2	1	1	0	0
2020 IEEE Symposium Series on Computational Intelligence (SSCI)	2	1	1	0	0
2020 IEEE Symposium on Computers and Communications (ISCC)	2	1	1	1	0.5
2020 IEEE Symposium on Security and Privacy (SP)	2	1	1	0	0
2020 IEEE Winter Conference on Applications of Computer Vision (WACV)	2	1	1	0	0
2020 IEEE-EMBS Conference on Biomedical Engineering and Sciences (IECBES)	2	1	1	0	0
2020 IEEE-RAS 20th International Conference on Humanoid Robots (Humanoids)	2	1	1	0	0
2020 IEEE/ACM 10th Workshop on Fault Tolerance for HPC at eXtreme Scale (FTXS)	2	1	1	0	0
2020 IEEE/ACM 11th Workshop on Latest Advances in Scalable Algorithms for Large-Scale Systems (ScalA)	2	1	1	0	0
2020 IEEE/ACM 9th Workshop on Python for High-Performance and Scientific Computing (PyHPC)	2	1	1	0	0
2020 IEEE/ACM Fifth International Workshop on Extreme Scale Programming Models and Middleware (ESPM2)	2	1	1	1	0.5
2020 IEEE/ACM Fourth Workshop on Deep Learning on Supercomputers (DLS)	2	1	1	1	0.5
2020 IEEE/ACM International Conference on Big Data Computing, Applications and Technologies (BDCAT)	2	1	1	0	0
2020 IEEE/WIC/ACM International Joint Conference on Web Intelligence and Intelligent Agent Technology (WI-IAT)	2	1	1	0	0
2020 Intermountain Engineering, Technology and Computing (IETC)	2	1	1	0	0
2020 International Conference on Applied Electronics (AE)	2	1	1	0	0
2020 International Conference on Artificial Intelligence and Data Analytics for Air Transportation (AIDA-AT)	2	1	1	1	0.5
2020 International Conference on Artificial Intelligence and Electromechanical Automation (AIEA)	2	1	1	0	0
2020 International Conference on Computer Science and Its Application in Agriculture (ICOSICA)	2	1	1	0	0
2020 International Conference on Computing and Information Technology (ICCIT-1441)	2	1	1	0	0
2020 International Conference on Data Mining Workshops (ICDMW)	2	1	1	0	0
2020 International Conference on Decision Aid Sciences and Application (DASA)	2	1	1	0	0
2020 International Conference on Engineering and Emerging Technologies (ICEET)	2	1	1	0	0
2020 International Conference on Information Technology and Nanotechnology (ITNT)	2	1	1	0	0
2020 International Conference on Information and Communication Technology Convergence (ICTC)	2	1	1	0	0
2020 International Conference on Intelligent Engineering and Management (ICIEM)	2	1	1	0	0
2020 International Conference on Internet of Things and Intelligent Applications (ITIA)	2	1	1	0	0
2020 International Conference on Radar, Antenna, Microwave, Electronics, and Telecommunications (ICRAMET)	2	1	1	0	0
2020 International Conference on Signal Processing and Communications (SPCOM)	2	1	1	0	0
2020 International Conference on Simulation of Semiconductor Processes and Devices (SISPAD)	2	1	1	0	0
2020 International Conference on Smart Electronics and Communication (ICOSEC)	2	1	1	0	0
2020 International Conference on e-Health and Bioengineering (EHB)	2	1	1	0	0
2020 International SAUPEC/RobMech/PRASA Conference	2	1	1	0	0
2020 International Wireless Communications and Mobile Computing (IWCMC)	2	1	1	0	0
2020 SoutheastCon	2	1	1	0	0
2020 Ural Symposium on Biomedical Engineering, Radioelectronics and Information Technology (USBEREIT)	2	1	1	0	0
2020 Visualization in Data Science (VDS)	2	1	1	0	0
2020 Winter Simulation Conference (WSC)	2	1	1	0	0
2021 10th International Congress on Advanced Applied Informatics (IIAI-AAI)	2	1	1	0	0
2021 10th International IEEE/EMBS Conference on Neural Engineering (NER)	2	1	1	0	0
2021 12th International Conference on Computing Communication and Networking Technologies (ICCCNT)	2	1	1	0	0
2021 12th International Symposium on Chinese Spoken Language Processing (ISCSLP)	2	1	1	0	0
2021 12th Workshop on Latest Advances in Scalable Algorithms for Large-Scale Systems (ScalA)	2	1	1	0	0
2021 13th Electrical Engineering Faculty Conference (BulEF)	3	1	2	0	0
2021 13th International Conference on Knowledge and Systems Engineering (KSE)	2	1	1	0	0
2021 14th IEEE Conference on Software Testing, Verification and Validation (ICST)	2	1	1	0	0
2021 15th International Conference on Signal Processing and Communication Systems (ICSPCS)	2	1	1	0	0
2021 16th IEEE International Conference on Automatic Face and Gesture Recognition (FG 2021)	2	1	1	0	0
2021 16th International Conference on Intelligent Systems and Knowledge Engineering (ISKE)	2	1	1	0	0
2021 17th International Symposium on Wireless Communication Systems (ISWCS)	1	1	1	0	0
2021 20th IEEE International Conference on Machine Learning and Applications (ICMLA)	2	1	1	0	0
2021 20th International Conference on Ubiquitous Computing and Communications (IUCC/CIT/DSCI/SmartCNS)	1	1	1	0	0
2021 21st International Conference on Control, Automation and Systems (ICCAS)	2	1	1	0	0
2021 22nd IEEE International Conference on Industrial Technology (ICIT)	2	1	1	0	0
2021 24th International Conference on Computer and Information Technology (ICCIT)	2	1	1	0	0
2021 24th International Symposium on Wireless Personal Multimedia Communications (WPMC)	2	1	1	0	0
2021 25th International Computer Science and Engineering Conference (ICSEC)	2	1	1	0	0
2021 26th IEEE International Conference on Emerging Technologies and Factory Automation (ETFA )	2	1	1	0	0
2021 27th International Conference on Mechatronics and Machine Vision in Practice (M2VIP)	2	1	1	0	0
2021 28th Asia-Pacific Software Engineering Conference (APSEC)	1	1	1	0	0
2021 28th IEEE International Conference on Electronics, Circuits, and Systems (ICECS)	4	1	2	0	0
2021 2nd Global Conference for Advancement in Technology (GCAT)	2	1	1	0	0
2021 2nd Information Communication Technologies Conference (ICTC)	2	1	1	0	0
2021 2nd International Conference on Electronics, Communications and Information Technology (CECIT)	2	1	1	0	0
2021 2nd International Conference on Robotics, Electrical and Signal Processing Techniques (ICREST)	2	1	1	0	0
2021 30th IEEE International Conference on Robot &amp; Human Interactive Communication (RO-MAN)	2	1	1	0	0
2021 33rd Chinese Control and Decision Conference (CCDC)	2	1	1	0	0
2021 34th SIBGRAPI Conference on Graphics, Patterns and Images (SIBGRAPI)	1	1	1	0	0
2021 36th IEEE/ACM International Conference on Automated Software Engineering Workshops (ASEW)	2	1	1	0	0
2021 3rd International Conference on Electrical, Control and Instrumentation Engineering (ICECIE)	2	1	1	0	0
2021 3rd International Conference on Machine Learning, Big Data and Business Intelligence (MLBDBI)	2	1	1	0	0
2021 3rd International Workshop on Containers and New Orchestration Paradigms for Isolated Environments in HPC (CANOPIE-HPC)	2	1	1	0	0
2021 4th International Conference on Information and Communications Technology (ICOIACT)	2	1	1	0	0
2021 4th International Conference on Information and Computer Technologies (ICICT)	2	1	1	0	0
2021 4th International Conference on Recent Trends in Computer Science and Technology (ICRTCST)	2	1	1	0	0
2021 4th International Conference on Signal Processing and Information Security (ICSPIS)	2	1	1	0	0
2021 55th Asilomar Conference on Signals, Systems, and Computers	2	1	1	0	0
2021 5th International Conference on Digital Technology in Education	2	1	1	0	0
2021 5th International Conference on Information Systems and Computer Networks (ISCON)	2	1	1	0	0
2021 5th International Conference on Intelligent Computing and Control Systems (ICICCS)	2	1	1	0	0
2021 60th IEEE Conference on Decision and Control (CDC)	2	1	1	0	0
2021 6th Asia Conference on Power and Electrical Engineering (ACPEE)	2	1	1	0	0
2021 6th International Conference for Convergence in Technology (I2CT)	2	1	1	0	0
2021 6th International Conference on Communication and Electronics Systems (ICCES)	2	1	1	0	0
2021 6th International Conference on Information Technology Research (ICITR)	2	1	1	0	0
2021 7th Asia-Pacific Conference on Synthetic Aperture Radar (APSAR)	4	1	2	0	0
2021 7th International Conference on Electrical, Electronics and Information Engineering (ICEEIE)	2	1	1	0	0
2021 7th International Conference on Signal Processing and Intelligent Systems (ICSPIS)	2	1	1	0	0
2021 7th International Workshop on Data Analysis and Reduction for Big Scientific Data (DRBSD-7)	2	1	1	0	0
2021 8th International Conference on Future Internet of Things and Cloud (FiCloud)	2	1	1	0	0
2021 8th International Conference on Soft Computing &amp; Machine Intelligence (ISCMI)	2	1	1	0	0
2021 9th International Conference on Affective Computing and Intelligent Interaction (ACII)	2	1	1	0	0
2021 9th International Conference on Affective Computing and Intelligent Interaction Workshops and Demos (ACIIW)	2	1	1	0	0
2021 ACM/IEEE 48th Annual International Symposium on Computer Architecture (ISCA)	2	1	1	0	0
2021 American Control Conference (ACC)	2	1	1	0	0
2021 CAA Symposium on Fault Detection, Supervision, and Safety for Technical Processes (SAFEPROCESS)	2	1	1	0	0
2021 Conference on Lasers and Electro-Optics Europe &amp; European Quantum Electronics Conference (CLEO/Europe-EQEC)	2	1	1	1	0.5
2021 Design, Automation & Test in Europe Conference & Exhibition (DATE)	1	1	1	0	0
2021 Design, Automation &amp; Test in Europe Conference &amp; Exhibition (DATE)	1	1	1	0	0
2021 Eighth International Conference on Social Network Analysis, Management and Security (SNAMS)	2	1	1	0	0
2021 European Conference on Mobile Robots (ECMR)	2	1	1	0	0
2021 European Conference on Optical Communication (ECOC)	4	1	2	0	0
2021 Forum on specification &amp; Design Languages (FDL)	2	1	1	0	0
2021 IEEE 11th Annual Computing and Communication Workshop and Conference (CCWC)	2	1	1	0	0
2021 IEEE 11th Annual International Conference on CYBER Technology in Automation, Control, and Intelligent Systems (CYBER)	2	1	1	0	0
2021 IEEE 14th International Conference on Cloud Computing (CLOUD)	2	1	1	0	0
2021 IEEE 14th Pacific Visualization Symposium (PacificVis)	2	1	1	0	0
2021 IEEE 18th Annual Consumer Communications &amp; Networking Conference (CCNC)	2	1	1	0	0
2021 IEEE 18th International Conference on Mobile Ad Hoc and Smart Systems (MASS)	2	1	1	0	0
2021 IEEE 18th International Symposium on Biomedical Imaging (ISBI)	2	1	1	1	0.5
2021 IEEE 19th International Conference on Industrial Informatics (INDIN)	2	1	1	0	0
2021 IEEE 20th International Conference on Trust, Security and Privacy in Computing and Communications (TrustCom)	2	1	1	0	0
2021 IEEE 21st International Conference on Software Quality, Reliability and Security Companion (QRS-C)	2	1	1	0	0
2021 IEEE 21st International Symposium on Computational Intelligence and Informatics (CINTI)	2	1	1	0	0
2021 IEEE 24th International Conference on Information Fusion (FUSION)	2	1	1	0	0
2021 IEEE 25th International Conference on Intelligent Engineering Systems (INES)	2	1	1	0	0
2021 IEEE 25th International Enterprise Distributed Object Computing Conference (EDOC)	2	1	1	0	0
2021 IEEE 28th International Conference on High Performance Computing, Data, and Analytics (HiPC)	4	1	2	0	0
2021 IEEE 29th International Requirements Engineering Conference (RE)	2	1	1	0	0
2021 IEEE 2nd International Conference on Big Data, Artificial Intelligence and Internet of Things Engineering (ICBAIE)	2	1	1	0	0
2021 IEEE 31st International Workshop on Machine Learning for Signal Processing (MLSP)	2	1	1	0	0
2021 IEEE 37th International Conference on Data Engineering (ICDE)	2	1	1	0	0
2021 IEEE 3rd International Conference on Civil Aviation Safety and Information Technology (ICCASIT)	2	1	1	0	0
2021 IEEE 48th Photovoltaic Specialists Conference (PVSC)	28	1	14	0	0
2021 IEEE 5th International Conference on Information Technology, Information Systems and Electrical Engineering (ICITISEE)	2	1	1	0	0
2021 IEEE 7th World Forum on Internet of Things (WF-IoT)	2	1	1	0	0
2021 IEEE 8th Workshop on Wide Bandgap Power Devices and Applications (WiPDA)	2	1	1	0	0
2021 IEEE Applied Imagery Pattern Recognition Workshop (AIPR)	2	1	1	0	0
2021 IEEE Canadian Conference on Electrical and Computer Engineering (CCECE)	2	1	1	0	0
2021 IEEE Colombian Conference on Communications and Computing (COLCOM)	2	1	1	0	0
2021 IEEE Conference on Cognitive and Computational Aspects of Situation Management (CogSIMA)	2	1	1	0	0
2021 IEEE Conference on Games (CoG)	2	1	1	0	0
2021 IEEE Conference on Technologies for Sustainability (SusTech)	2	1	1	0	0
2021 IEEE Global Communications Conference (GLOBECOM)	2	1	1	0	0
2021 IEEE Global Engineering Education Conference (EDUCON)	2	1	1	0	0
2021 IEEE Information Theory Workshop (ITW)	2	1	1	0	0
2021 IEEE Intelligent Vehicles Symposium Workshops (IV Workshops)	2	1	1	0	0
2021 IEEE International Conference on Artificial Intelligence and Computer Applications (ICAICA)	2	1	1	0	0
2021 IEEE International Conference on Big Data and Smart Computing (BigComp)	2	1	1	0	0
2021 IEEE International Conference on Cloud Computing in Emerging Markets (CCEM)	2	1	1	0	0
2021 IEEE International Conference on Consumer Electronics (ICCE)	2	1	1	0	0
2021 IEEE International Conference on Electronic Technology, Communication and Information (ICETCI)	2	1	1	0	0
2021 IEEE International Conference on Engineering, Technology &amp; Education (TALE)	2	1	1	0	0
2021 IEEE International Conference on Industrial Engineering and Engineering Management (IEEM)	2	1	1	0	0
2021 IEEE International Conference on Networking, Architecture and Storage (NAS)	2	1	1	0	0
2021 IEEE International Conference on Pervasive Computing and Communications Workshops and other Affiliated Events (PerCom Workshops)	2	1	1	0	0
2021 IEEE International Conference on Real-time Computing and Robotics (RCAR)	2	1	1	0	0
2021 IEEE International Conference on Systems, Man, and Cybernetics (SMC)	2	1	1	0	0
2021 IEEE International India Geoscience and Remote Sensing Symposium (InGARSS)	2	1	1	0	0
2021 IEEE International Intelligent Transportation Systems Conference (ITSC)	2	1	1	0	0
2021 IEEE International Symposium on High-Performance Computer Architecture (HPCA)	2	1	1	0	0
2021 IEEE International Symposium on Information Theory (ISIT)	2	1	1	0	0
2021 IEEE International Symposium on Medical Measurements and Applications (MeMeA)	2	1	1	0	0
2021 IEEE International Symposium on Mixed and Augmented Reality (ISMAR)	2	1	1	0	0
2021 IEEE International Ultrasonics Symposium (IUS)	2	1	1	0	0
2021 IEEE International Workshop on Metrology for Industry 4.0 &amp; IoT (MetroInd4.0&amp;IoT)	2	1	1	0	0
2021 IEEE Intl Conf on Parallel &amp; Distributed Processing with Applications, Big Data &amp; Cloud Computing, Sustainable Computing &amp; Communications, Social Computing &amp; Networking (ISPA/BDCloud/SocialCom/SustainCom)	2	1	1	0	0
2021 IEEE PES Innovative Smart Grid Technologies Europe (ISGT Europe)	2	1	1	0	0
2021 IEEE Physical Assurance and Inspection of Electronics (PAINE)	2	1	1	0	0
2021 IEEE Pulsed Power Conference (PPC)	2	1	1	0	0
2021 IEEE Real-Time Systems Symposium (RTSS)	2	1	1	0	0
2021 IEEE Region 10 Symposium (TENSYMP)	2	1	1	0	0
2021 IEEE Signal Processing in Medicine and Biology Symposium (SPMB)	4	1	2	0	0
2021 IEEE Spoken Language Technology Workshop (SLT)	2	1	1	0	0
2021 IEEE Symposium on Computers and Communications (ISCC)	2	1	1	0	0
2021 IEEE Third International Conference on Cognitive Machine Intelligence (CogMI)	2	1	1	0	0
2021 IEEE Winter Conference on Applications of Computer Vision (WACV)	2	1	1	0	0
2021 IEEE Workshop on Applications of Signal Processing to Audio and Acoustics (WASPAA)	2	1	1	0	0
2021 IEEE Workshop on Signal Processing Systems (SiPS)	2	1	1	0	0
2021 IEEE Workshop on Visual Analytics in Healthcare (VAHC)	2	1	1	0	0
2021 IEEE Workshop on Workflows in Support of Large-Scale Science (WORKS)	2	1	1	0	0
2021 IEEE XXVIII International Conference on Electronics, Electrical Engineering and Computing (INTERCON)	2	1	1	0	0
2021 IEEE-APS Topical Conference on Antennas and Propagation in Wireless Communications (APWC)	2	1	1	0	0
2021 IEEE/ACIS 19th International Conference on Computer and Information Science (ICIS)	2	1	1	0	0
2021 IEEE/ACM 18th International Conference on Mining Software Repositories (MSR)	2	1	1	0	0
2021 IEEE/ACM 29th International Conference on Program Comprehension (ICPC)	2	1	1	0	0
2021 IEEE/ACM 2nd International Workshop on Ethics in Software Engineering Research and Practice (SEthics)	2	1	1	0	0
2021 IEEE/ACM 43rd International Conference on Software Engineering: Software Engineering in Practice (ICSE-SEIP)	1	1	1	0	0
2021 IEEE/ACM 6th International Workshop on Extreme Scale Programming Models and Middleware (ESPM2)	2	1	1	0	0
2021 IEEE/ACM International Conference On Computer Aided Design (ICCAD)	2	1	1	0	0
2021 IEEE/ACM Workshop on Machine Learning in High Performance Computing Environments (MLHPC)	2	1	1	0	0
2021 IEEE/CVF International Conference on Computer Vision (ICCV)	1	1	1	0	0
2021 International Conference "Nonlinearity, Information and Robotics" (NIR)	2	1	1	0	0
2021 International Conference on Advances in Computing, Communication, and Control (ICAC3)	2	1	1	0	0
2021 International Conference on Artificial Intelligence (ICAI)	2	1	1	0	0
2021 International Conference on Communication information and Computing Technology (ICCICT)	2	1	1	0	0
2021 International Conference on Computer &amp; Information Sciences (ICCOINS)	2	1	1	0	0
2021 International Conference on Computer, Control and Robotics (ICCCR)	2	1	1	0	0
2021 International Conference on Computer, Internet of Things and Control Engineering (CITCE)	2	1	1	0	0
2021 International Conference on Converging Technology in Electrical and Information Engineering (ICCTEIE)	2	1	1	0	0
2021 International Conference on Cyber Situational Awareness, Data Analytics and Assessment (CyberSA)	2	1	1	0	0
2021 International Conference on Electrical, Computer, Communications and Mechatronics Engineering (ICECCME)	2	1	1	0	0
2021 International Conference on INnovations in Intelligent SysTems and Applications (INISTA)	2	1	1	0	0
2021 International Conference on Indoor Positioning and Indoor Navigation (IPIN)	2	1	1	0	0
2021 International Conference on Industrial Electronics Research and Applications (ICIERA)	2	1	1	0	0
2021 International Conference on Information Technology and Nanotechnology (ITNT)	2	1	1	0	0
2021 International Conference on Instrumentation, Control, and Automation (ICA)	2	1	1	0	0
2021 International Conference on Intelligent Cybernetics Technology &amp; Applications (ICICyTA)	2	1	1	0	0
2021 International Conference on Simulation of Semiconductor Processes and Devices (SISPAD)	2	1	1	0	0
2021 International Siberian Conference on Control and Communications (SIBCON)	2	1	1	0	0
2021 International Symposium on Signals, Circuits and Systems (ISSCS)	2	1	1	0	0
2021 International Telecommunications Conference (ITC-Egypt)	2	1	1	0	0
2021 International Workshop on Performance, Portability and Productivity in HPC (P3HPC)	2	1	1	0	0
2021 Ivannikov Ispras Open Conference (ISPRAS)	2	1	1	0	0
2021 North American Power Symposium (NAPS)	4	1	2	0	0
2021 Swedish Artificial Intelligence Society Workshop (SAIS)	2	1	1	0	0
2021 Systems and Information Engineering Design Symposium (SIEDS)	2	1	1	0	0
2021 The 5th International Conference on Machine Learning and Soft Computing	2	1	1	0	0
2021 Third International Conference on Inventive Research in Computing Applications (ICIRCA)	2	1	1	0	0
2021 Workshop on Fault Detection and Tolerance in Cryptography (FDTC)	2	1	1	0	0
2021 XIX Workshop on Information Processing and Control (RPIC)	2	1	1	0	0
2022 10th International Conference on Smart Grid and Clean Energy Technologies (ICSGCE)	2	1	1	0	0
2022 11th International Conference on Information Communication and Applications (ICICA)	1	1	1	0	0
2022 11th International Conference on System Modeling &amp; Advancement in Research Trends (SMART)	1	1	1	0	0
2022 12th International Conference on Advanced Computer Information Technologies (ACIT)	2	1	1	0	0
2022 12th International Congress on Advanced Applied Informatics (IIAI-AAI)	2	1	1	0	0
2022 13th International Conference on Information and Communication Systems (ICICS)	2	1	1	0	0
2022 13th International Conference on Information and Communication Technology Convergence (ICTC)	2	1	1	0	0
2022 13th International Symposium on Chinese Spoken Language Processing (ISCSLP)	1	1	1	0	0
2022 14th International Conference on Information Technology and Electrical Engineering (ICITEE)	2	1	1	0	0
2022 15th International Congress on Image and Signal Processing, BioMedical Engineering and Informatics (CISP-BMEI)	1	1	1	0	0
2022 16th European Conference on Antennas and Propagation (EuCAP)	2	1	1	0	0
2022 17th Iberian Conference on Information Systems and Technologies (CISTI)	2	1	1	0	0
2022 17th International Conference on Control, Automation, Robotics and Vision (ICARCV)	1	1	1	0	0
2022 18th IEEE/ASME International Conference on Mechatronic and Embedded Systems and Applications (MESA)	1	1	1	0	0
2022 19th International Computer Conference on Wavelet Active Media Technology and Information Processing (ICCWAMTIP)	1	1	1	0	0
2022 1st International Conference on Information System &amp; Information Technology (ICISIT)	2	1	1	0	0
2022 20th International Conference on Information Technology Based Higher Education and Training (ITHET)	1	1	1	0	0
2022 21st Brazilian Symposium on Computer Games and Digital Entertainment (SBGames)	2	1	1	0	0
2022 21st IEEE Intersociety Conference on Thermal and Thermomechanical Phenomena in Electronic Systems (iTherm)	2	1	1	0	0
2022 21st International Conference on Micro and Nanotechnology for Power Generation and Energy Conversion Applications (PowerMEMS)	1	1	1	0	0
2022 22nd IEEE International Symposium on Cluster, Cloud and Internet Computing (CCGrid)	2	1	1	0	0
2022 22nd International Conference on Control, Automation and Systems (ICCAS)	1	1	1	0	0
2022 23rd International Conference on Electronic Packaging Technology (ICEPT)	2	1	1	0	0
2022 23rd International Conference on Thermal, Mechanical and Multi-Physics Simulation and Experiments in Microelectronics and Microsystems (EuroSimE)	1	1	1	0	0
2022 25th Euromicro Conference on Digital System Design (DSD)	1	1	1	0	0
2022 29th Asia-Pacific Software Engineering Conference (APSEC)	1	1	1	0	0
2022 2nd Asian Conference on Innovation in Technology (ASIANCON)	2	1	1	0	0
2022 2nd International Conference on Advance Computing and Innovative Technologies in Engineering (ICACITE)	2	1	1	0	0
2022 2nd International Conference on Computing and Information Technology (ICCIT)	2	1	1	0	0
2022 2nd International Conference on Innovative Practices in Technology and Management (ICIPTM)	2	1	1	0	0
2022 2nd International Conference on Innovative Sustainable Computational Technologies (CISCT)	1	1	1	0	0
2022 30th International Conference on Electrical Engineering (ICEE)	2	1	1	0	0
2022 3rd International Conference for Emerging Technology (INCET)	2	1	1	0	0
2022 3rd International Conference on Communication, Computing and Industry 4.0 (C2I4)	1	1	1	0	0
2022 3rd International Conference on Innovations in Computer Science &amp; Software Engineering (ICONICS)	1	1	1	0	0
2022 41st Chinese Control Conference (CCC)	2	1	1	0	0
2022 45th International Spring Seminar on Electronics Technology (ISSE)	2	1	1	0	0
2022 45th Jubilee International Convention on Information, Communication and Electronic Technology (MIPRO)	2	1	1	0	0
2022 48th Euromicro Conference on Software Engineering and Advanced Applications (SEAA)	1	1	1	0	0
2022 4th Annual Workshop on Extreme-scale Experiment-in-the-Loop Computing (XLOOP)	1	1	1	0	0
2022 4th Global Power, Energy and Communication Conference (GPECOM)	1	1	1	0	0
2022 4th International Conference on Advances in Computing, Communication Control and Networking (ICAC3N)	1	1	1	0	0
2022 4th International Conference on Computer Communication and the Internet (ICCCI)	2	1	1	0	0
2022 4th International Conference on Electrical, Computer &amp; Telecommunication Engineering (ICECTE)	1	1	1	0	0
2022 4th International Conference on Smart Power &amp; Internet Energy Systems (SPIES)	1	1	1	0	0
2022 4th International Conference on Sustainable Technologies for Industry 4.0 (STI)	1	1	1	0	0
2022 55th IEEE/ACM International Symposium on Microarchitecture (MICRO)	1	1	1	0	0
2022 5th International Conference on Information and Communications Technology (ICOIACT)	1	1	1	0	0
2022 6th International Conference on Information Technology, Information Systems and Electrical Engineering (ICITISEE)	1	1	1	0	0
2022 6th International Conference on Intelligent Systems, Metaheuristics &amp; Swarm Intelligence	1	1	1	0	0
2022 7th International Conference on Communication and Electronics Systems (ICCES)	1	1	1	0	0
2022 7th International Conference on Intelligent Computing and Signal Processing (ICSP)	2	1	1	0	0
2022 9th IEEE RAS/EMBS International Conference for Biomedical Robotics and Biomechatronics (BioRob)	2	1	1	0	0
2022 9th International Conference on Condition Monitoring and Diagnosis (CMD)	1	1	1	0	0
2022 9th International Conference on Electrical Engineering, Computer Science and Informatics (EECSI)	2	1	1	0	0
2022 9th Swiss Conference on Data Science (SDS)	2	1	1	0	0
2022 AEIT International Annual Conference (AEIT)	2	1	1	0	0
2022 American Control Conference (ACC)	2	1	1	0	0
2022 Annual Modeling and Simulation Conference (ANNSIM)	2	1	1	0	0
2022 Applied Informatics International Conference (AiIC)	2	1	1	0	0
2022 Asia Communications and Photonics Conference (ACP)	1	1	1	0	0
2022 Asia-Pacific International Symposium on Electromagnetic Compatibility (APEMC)	2	1	1	0	0
2022 Congreso de Tecnología, Aprendizaje y Enseñanza de la Electrónica (XV Technologies Applied to Electronics Teaching Conference)	2	1	1	0	0
2022 Fourth International Conference on Emerging Research in Electronics, Computer Science and Technology (ICERECT)	1	1	1	0	0
2022 IEEE 12th Annual Computing and Communication Workshop and Conference (CCWC)	2	1	1	0	0
2022 IEEE 12th Symposium on Large Data Analysis and Visualization (LDAV)	1	1	1	0	0
2022 IEEE 19th Annual Consumer Communications &amp; Networking Conference (CCNC)	1	1	1	0	0
2022 IEEE 20th Biennial Conference on Electromagnetic Field Computation (CEFC)	2	1	1	0	0
2022 IEEE 20th Student Conference on Research and Development (SCOReD)	1	1	1	0	0
2022 IEEE 23rd International Conference on High Performance Switching and Routing (HPSR)	2	1	1	0	0
2022 IEEE 24th Int Conf on High Performance Computing &amp; Communications; 8th Int Conf on Data Science &amp; Systems; 20th Int Conf on Smart City; 8th Int Conf on Dependability in Sensor, Cloud &amp; Big Data Systems &amp; Application (HPCC/DSS/SmartCity/DependSys)	1	1	1	0	0
2022 IEEE 24th International Workshop on Multimedia Signal Processing (MMSP)	2	1	1	0	0
2022 IEEE 25th International Conference on Computer Supported Cooperative Work in Design (CSCWD)	2	1	1	0	0
2022 IEEE 28th International Conference on Parallel and Distributed Systems (ICPADS)	1	1	1	0	0
2022 IEEE 34th International Conference on Microelectronic Test Structures (ICMTS)	2	1	1	0	0
2022 IEEE 38th International Conference on Data Engineering (ICDE)	2	1	1	0	0
2022 IEEE 3rd International Conference on Human-Machine Systems (ICHMS)	1	1	1	0	0
2022 IEEE 40th Central America and Panama Convention (CONCAPAN)	1	1	1	0	0
2022 IEEE 46th Annual Computers, Software, and Applications Conference (COMPSAC)	2	1	1	0	0
2022 IEEE 5th Advanced Information Management, Communicates, Electronic and Automation Control Conference (IMCEC)	1	1	1	0	0
2022 IEEE 5th International Conference on Image Processing Applications and Systems (IPAS)	1	1	1	0	0
2022 IEEE 5th International Conference on Multimedia Information Processing and Retrieval (MIPR)	2	1	1	0	0
2022 IEEE 61st Conference on Decision and Control (CDC)	1	1	1	0	0
2022 IEEE 7th European Symposium on Security and Privacy (EuroS&amp;P)	2	1	1	0	0
2022 IEEE 7th International Conference on Recent Advances and Innovations in Engineering (ICRAIE)	1	1	1	0	0
2022 IEEE 7th International conference for Convergence in Technology (I2CT)	2	1	1	0	0
2022 IEEE 7th Workshop on Visualization for the Digital Humanities (VIS4DH)	1	1	1	0	0
2022 IEEE 8th Information Technology International Seminar (ITIS)	1	1	1	0	0
2022 IEEE 8th International Conference on Cloud Computing and Intelligent Systems (CCIS)	1	1	1	0	0
2022 IEEE 9th International Conference on Problems of Infocommunications, Science and Technology (PIC S&amp;T)	1	1	1	0	0
2022 IEEE 9th Uttar Pradesh Section International Conference on Electrical, Electronics and Computer Engineering (UPCON)	1	1	1	0	0
2022 IEEE Aerospace Conference (AERO)	2	1	1	0	0
2022 IEEE BiCMOS and Compound Semiconductor Integrated Circuits and Technology Symposium (BCICTS)	2	1	2	0	0
2022 IEEE Conference on Software Testing, Verification and Validation (ICST)	2	1	1	0	0
2022 IEEE Congress on Evolutionary Computation (CEC)	2	1	1	0	0
2022 IEEE Eighth International Conference on Multimedia Big Data (BigMM)	1	1	1	0	0
2022 IEEE Green Energy and Smart System Systems (IGESSC)	1	1	1	0	0
2022 IEEE Green Energy and Smart System Systems(IGESSC)	1	1	1	0	0
2022 IEEE International Conference on Aerospace Electronics and Remote Sensing Technology (ICARES)	1	1	1	0	0
2022 IEEE International Conference on Artificial Intelligence and Virtual Reality (AIVR)	1	1	1	0	0
2022 IEEE International Conference on Bioinformatics and Biomedicine (BIBM)	2	1	2	0	0
2022 IEEE International Conference on Cluster Computing (CLUSTER)	1	1	1	0	0
2022 IEEE International Conference on Data Mining (ICDM)	1	1	1	0	0
2022 IEEE International Conference on Digital Health (ICDH)	2	1	1	0	0
2022 IEEE International Conference on Electronics, Computing and Communication Technologies (CONECCT)	2	1	1	0	0
2022 IEEE International Conference on Knowledge Graph (ICKG)	1	1	1	0	0
2022 IEEE International Conference on Networking, Sensing and Control (ICNSC)	1	1	1	0	0
2022 IEEE International Conference on Quantum Computing and Engineering (QCE)	2	1	1	0	0
2022 IEEE International Conference on Software Maintenance and Evolution (ICSME)	1	1	1	0	0
2022 IEEE International Conference on Software Testing, Verification and Validation Workshops (ICSTW)	2	1	1	0	0
2022 IEEE International Conference on Systems, Man, and Cybernetics (SMC)	2	1	1	0	0
2022 IEEE International Conference on Web Services (ICWS)	2	1	1	0	0
2022 IEEE International Instrumentation and Measurement Technology Conference (I2MTC)	2	1	1	0	0
2022 IEEE International Joint Conference on Biometrics (IJCB)	1	1	1	0	0
2022 IEEE International Symposium on Circuits and Systems (ISCAS)	2	1	1	0	0
2022 IEEE International Symposium on Safety, Security, and Rescue Robotics (SSRR)	1	1	1	0	0
2022 IEEE International Workshop on Information Forensics and Security (WIFS)	1	1	1	0	0
2022 IEEE Intl Conf on Dependable, Autonomic and Secure Computing, Intl Conf on Pervasive Intelligence and Computing, Intl Conf on Cloud and Big Data Computing, Intl Conf on Cyber Science and Technology Congress (DASC/PiCom/CBDCom/CyberSciTech)	1	1	1	0	0
2022 IEEE Intl Conf on Parallel &amp; Distributed Processing with Applications, Big Data &amp; Cloud Computing, Sustainable Computing &amp; Communications, Social Computing &amp; Networking (ISPA/BDCloud/SocialCom/SustainCom)	2	1	2	0	0
2022 IEEE MIT Undergraduate Research Technology Conference (URTC)	1	1	1	0	0
2022 IEEE Mediterranean and Middle-East Geoscience and Remote Sensing Symposium (M2GARSS)	2	1	1	0	0
2022 IEEE Ninth International Conference on Communications and Electronics (ICCE)	2	1	1	0	0
2022 IEEE Nordic Circuits and Systems Conference (NorCAS)	2	1	1	0	0
2022 IEEE Nuclear Science Symposium and Medical Imaging Conference (NSS/MIC)	1	1	1	0	0
2022 IEEE PES Innovative Smart Grid Technologies - Asia (ISGT Asia)	1	1	1	0	0
2022 IEEE Power &amp; Energy Society General Meeting (PESGM)	1	1	1	0	0
2022 IEEE Security and Privacy Workshops (SPW)	2	1	1	0	0
2022 IEEE Sensors Applications Symposium (SAS)	2	1	1	0	0
2022 IEEE Smartworld, Ubiquitous Intelligence &amp; Computing, Scalable Computing &amp; Communications, Digital Twin, Privacy Computing, Metaverse, Autonomous &amp; Trusted Vehicles (SmartWorld/UIC/ScalCom/DigitalTwin/PriComp/Meta)	1	1	1	0	0
2022 IEEE Visualization and Visual Analytics (VIS)	1	1	1	0	0
2022 IEEE Workshop on Complexity in Engineering (COMPENG)	2	1	1	0	0
2022 IEEE-EMBS International Conference on Biomedical and Health Informatics (BHI)	6	1	3	0	0
2022 IEEE-RAS 21st International Conference on Humanoid Robots (Humanoids)	1	1	1	0	0
2022 IEEE/ACM 44th International Conference on Software Engineering: Software Engineering in Practice (ICSE-SEIP)	2	1	1	0	0
2022 IEEE/ACM 44th International Conference on Software Engineering: Software Engineering in Society (ICSE-SEIS)	2	1	1	0	0
2022 IEEE/ACM 7th International Workshop on Extreme Scale Programming Models and Middleware (ESPM2)	2	1	2	0	0
2022 IEEE/ACM International Conference on Big Data Computing, Applications and Technologies (BDCAT)	1	1	1	0	0
2022 IEEE/ACM International Workshop on In Situ Infrastructures for Enabling Extreme-Scale Analysis and Visualization (ISAV)	1	1	1	0	0
2022 IEEE/ACM International Workshop on Performance, Portability and Productivity in HPC (P3HPC)	1	1	1	0	0
2022 IEEE/ACM Workshop on Irregular Applications: Architectures and Algorithms (IA3)	1	1	1	0	0
2022 IEEE/ACM Workshop on Workflows in Support of Large-Scale Science (WORKS)	1	1	1	0	0
2022 IEEE/ACS 19th International Conference on Computer Systems and Applications (AICCSA)	1	1	1	0	0
2022 IEEE/ASME International Conference on Advanced Intelligent Mechatronics (AIM)	2	1	1	0	0
2022 Intermountain Engineering, Technology and Computing (IETC)	2	1	1	0	0
2022 International Conference and Utility Exhibition on Energy, Environment and Climate Change (ICUE)	1	1	1	0	0
2022 International Conference for Advancement in Technology (ICONAT)	2	1	1	0	0
2022 International Conference on 3D Immersion, Interaction and Multi-sensory Experiences (ICDIIME)	2	1	1	0	0
2022 International Conference on Advanced Enterprise Information System (AEIS)	1	1	1	0	0
2022 International Conference on Advancements in Smart, Secure and Intelligent Computing (ASSIC)	1	1	1	0	0
2022 International Conference on Augmented Intelligence and Sustainable Systems (ICAISS)	1	1	1	0	0
2022 International Conference on Automation, Computing and Renewable Systems (ICACRS)	1	1	1	0	0
2022 International Conference on Computational Science and Computational Intelligence (CSCI)	1	1	1	0	0
2022 International Conference on Computer Communication and Informatics (ICCCI)	2	1	1	0	0
2022 International Conference on Computing, Communication, and Intelligent Systems (ICCCIS)	1	1	1	0	0
2022 International Conference on Culture-Oriented Science and Technology (CoST)	2	1	1	0	0
2022 International Conference on Cyber Resilience (ICCR)	1	1	1	0	0
2022 International Conference on Electrical Machines (ICEM)	2	1	1	0	0
2022 International Conference on Graphics and Interaction (ICGI)	1	1	1	0	0
2022 International Conference on INnovations in Intelligent SysTems and Applications (INISTA)	2	1	1	0	0
2022 International Conference on Industrial Engineering, Applications and Manufacturing (ICIEAM)	2	1	1	0	0
2022 International Conference on Informatics, Multimedia, Cyber and Information System (ICIMCIS)	1	1	1	0	0
2022 International Conference on Information Technology Systems and Innovation (ICITSI)	1	1	1	0	0
2022 International Conference on Innovation and Intelligence for Informatics, Computing, and Technologies (3ICT)	1	1	1	0	0
2022 International Conference on Innovative Trends in Information Technology (ICITIIT)	2	1	1	0	0
2022 International Conference on Machine Learning, Big Data, Cloud and Parallel Computing (COM-IT-CON)	2	1	1	0	0
2022 International Conference on Signal and Information Processing (IConSIP)	1	1	1	0	0
2022 International Conference on System Science and Engineering (ICSSE)	2	1	1	0	0
2022 International Conference on Unmanned Aircraft Systems (ICUAS)	2	1	1	0	0
2022 International Interdisciplinary Humanitarian Conference for Sustainability (IIHC)	1	1	1	0	0
2022 International Symposium on Electronics and Telecommunications (ISETC)	1	1	1	0	0
2022 International Symposium on Medical Robotics (ISMR)	2	1	1	0	0
2022 International Symposium on Micro-NanoMehatronics and Human Science (MHS)	1	1	1	0	0
2022 International Symposium on Multidisciplinary Studies and Innovative Technologies (ISMSIT)	2	1	1	0	0
2022 International Symposium on Semiconductor Manufacturing (ISSM)	1	1	1	0	0
2022 International Wireless Communications and Mobile Computing (IWCMC)	2	1	1	0	0
2022 Joint 12th International Conference on Soft Computing and Intelligent Systems and 23rd International Symposium on Advanced Intelligent Systems (SCIS&amp;ISIS)	1	1	1	0	0
2022 New Trends in Civil Aviation (NTCA)	2	1	1	0	0
2022 Power System and Green Energy Conference (PSGEC)	2	1	1	0	0
2022 Second International Conference on Artificial Intelligence and Smart Energy (ICAIS)	2	1	1	0	0
2022 Second International Conference on Sustainable Mobility Applications, Renewables and Technology (SMART)	1	1	1	0	0
2022 Seventh International Conference on Fog and Mobile Edge Computing (FMEC)	1	1	1	0	0
2022 Seventh International Conference on Informatics and Computing (ICIC)	1	1	1	0	0
2022 Seventh International Conference on Parallel, Distributed and Grid Computing (PDGC)	1	1	1	0	0
2022 Sixth IEEE International Conference on Robotic Computing (IRC)	1	1	1	0	0
2022 URSI Regional Conference on Radio Science (USRI-RCRS)	1	1	1	0	0
2022 Winter Simulation Conference (WSC)	1	1	1	0	0
2022 Working Conference on Software Visualization (VISSOFT)	1	1	1	0	0
2023 11th International Conference on Agro-Geoinformatics (Agro-Geoinformatics)	1	1	1	0	0
2023 11th International Conference on Power Electronics and ECCE Asia (ICPE 2023 - ECCE Asia)	1	1	1	0	0
2023 11th International Symposium on Digital Forensics and Security (ISDFS)	1	1	1	0	0
2023 11th RSI International Conference on Robotics and Mechatronics (ICRoM)	1	1	1	0	0
2023 12th International Conference of Information and Communication Technology (ICTech)	1	1	1	0	0
2023 12th International Conference on Renewable Energy Research and Applications (ICRERA)	1	1	1	0	0
2023 13th International Conference on Dependable Systems, Services and Technologies (DESSERT)	1	1	1	0	0
2023 13th International Conference on Software Technology and Engineering (ICSTE)	1	1	1	0	0
2023 14th International Conference on Information, Intelligence, Systems &amp; Applications (IISA)	1	1	1	0	0
2023 14th International Conference on Intelligent Systems: Theories and Applications (SITA)	1	1	1	0	0
2023 15th IEEE International Conference on Industry Applications (INDUSCON)	1	1	1	0	0
2023 16th International Conference on Signal Processing and Communication System (ICSPCS)	1	1	1	0	0
2023 17th International Conference on Signal-Image Technology &amp;amp; Internet-Based Systems (SITIS)	1	1	1	0	0
2023 18th Iberian Conference on Information Systems and Technologies (CISTI)	1	1	1	0	0
2023 18th International Joint Symposium on Artificial Intelligence and Natural Language Processing (iSAI-NLP)	1	1	1	0	0
2023 19th International Conference on Wireless and Mobile Computing, Networking and Communications (WiMob)	1	1	1	0	0
2023 19th International Conference on the Design of Reliable Communication Networks (DRCN)	1	1	1	0	0
2023 19th International Conference on the European Energy Market (EEM)	2	1	2	0	0
2023 19th International Symposium on Medical Information Processing and Analysis (SIPAIM)	1	1	1	0	0
2023 1st International Conference on Advanced Engineering and Technologies (ICONNIC)	1	1	1	0	0
2023 1st International Conference on Innovations in High Speed Communication and Signal Processing (IHCSP)	1	1	1	0	0
2023 20th International Conference on Electrical Engineering, Computing Science and Automatic Control (CCE)	1	1	1	0	0
2023 20th International Conference on Ubiquitous Robots (UR)	2	1	2	0	0
2023 24th International Conference on Control Systems and Computer Science (CSCS)	1	1	1	0	0
2023 24th International Conference on Process Control (PC)	1	1	1	0	0
2023 24th International Symposium on Quality Electronic Design (ISQED)	1	1	1	0	0
2023 25th International Symposium on Symbolic and Numeric Algorithms for Scientific Computing (SYNASC)	1	1	1	0	0
2023 26th International Conference on Computer and Information Technology (ICCIT)	1	1	1	0	0
2023 27th International Conference on Methods and Models in Automation and Robotics (MMAR)	1	1	1	0	0
2023 2nd International Conference on Applied Artificial Intelligence and Computing (ICAAIC)	1	1	1	0	0
2023 2nd International Conference on Multidisciplinary Engineering and Applied Science (ICMEAS)	1	1	1	0	0
2023 30th Asia-Pacific Software Engineering Conference (APSEC)	1	1	1	0	0
2023 30th International Conference on Systems, Signals and Image Processing (IWSSIP)	1	1	1	0	0
2023 30th National and 8th International Iranian Conference on Biomedical Engineering (ICBME)	1	1	1	0	0
2023 31st Mediterranean Conference on Control and Automation (MED)	1	1	1	0	0
2023 38th IEEE/ACM International Conference on Automated Software Engineering (ASE)	1	1	1	0	0
2023 3rd International Conference on Consumer Electronics and Computer Engineering (ICCECE)	1	1	1	0	0
2023 3rd International Conference on Intelligent Cybernetics Technology &amp; Applications (ICICyTA)	1	1	1	0	0
2023 3rd International Conference on Mobile Networks and Wireless Communications (ICMNWC)	1	1	1	0	0
2023 3rd International Conference on Robotics, Electrical and Signal Processing Techniques (ICREST)	1	1	1	0	0
2023 3rd International Conference on Smart Data Intelligence (ICSMDI)	1	1	1	0	0
2023 3rd International Conference on Smart Generation Computing, Communication and Networking (SMART GENCON)	1	1	1	0	0
2023 42nd Chinese Control Conference (CCC)	1	1	1	0	0
2023 46th International Conference on Telecommunications and Signal Processing (TSP)	1	1	1	0	0
2023 4th International Conference on Smart Electronics and Communication (ICOSEC)	1	1	1	0	0
2023 5th International Conference on Communications, Information System and Computer Engineering (CISCE)	1	1	1	0	0
2023 5th International Conference on Electrical Engineering and Control Technologies (CEECT)	1	1	1	0	0
2023 5th International Conference on System Reliability and Safety Engineering (SRSE)	1	1	1	0	0
2023 5th International Congress on Human-Computer Interaction, Optimization and Robotic Applications (HORA)	1	1	1	0	0
2023 60th ACM/IEEE Design Automation Conference (DAC)	1	1	1	0	0
2023 6th International Conference on Advances in Science and Technology (ICAST)	1	1	1	0	0
2023 7th Asian Conference on Artificial Intelligence Technology (ACAIT)	1	1	1	0	0
2023 7th International Conference on Green Energy and Applications (ICGEA)	1	1	1	0	0
2023 7th International Conference on Information Technology (InCIT)	1	1	1	0	0
2023 7th International Conference on Information, Control, and Communication Technologies (ICCT)	1	1	1	0	0
2023 7th International Conference on New Media Studies (CONMEDIA)	1	1	1	0	0
2023 7th International Conference on System Reliability and Safety (ICSRS)	1	1	1	0	0
2023 7th International Multi-Topic ICT Conference (IMTIC)	1	1	1	0	0
2023 7th Network Traffic Measurement and Analysis Conference (TMA)	1	1	1	0	0
2023 8th International Conference on Electrical, Electronics and Information Engineering (ICEEIE)	1	1	1	0	0
2023 8th International Conference on Technology and Energy Management (ICTEM)	1	1	1	0	0
2023 9th International Conference on Computer and Communications (ICCC)	1	1	1	0	0
2023 ACM Conference on Fairness Accountability and Transparency	1	1	1	0	0
2023 ACM/IEEE 5th Workshop on Machine Learning for CAD (MLCAD)	1	1	1	0	0
2023 ACM/IEEE International Conference on Model Driven Engineering Languages and Systems Companion (MODELS-C)	1	1	1	0	0
2023 Asia Communications and Photonics Conference/2023 International Photonics and Optoelectronics Meetings (ACP/POEM)	1	1	1	0	0
2023 Computer Applications &amp; Technological Solutions (CATS)	1	1	1	0	0
2023 Congress in Computer Science, Computer Engineering, &amp;amp; Applied Computing (CSCE)	1	1	1	0	0
2023 Eleventh International Conference on Advanced Cloud and Big Data (CBD)	1	1	1	0	0
2023 Eleventh International Symposium on Computing and Networking (CANDAR)	1	1	1	0	0
2023 Eleventh International Symposium on Computing and Networking Workshops (CANDARW)	1	1	1	0	0
2023 First International Conference on Advances in Electrical, Electronics and Computational Intelligence (ICAEECI)	1	1	1	0	0
2023 IEEE 11th Conference on Systems, Process &amp; Control (ICSPC)	1	1	1	0	0
2023 IEEE 11th International Conference on Healthcare Informatics (ICHI)	1	1	1	0	0
2023 IEEE 12th Global Conference on Consumer Electronics (GCCE)	1	1	1	0	0
2023 IEEE 13th International Conference on Control System, Computing and Engineering (ICCSCE)	1	1	1	0	0
2023 IEEE 16th International Symposium on Embedded Multicore/Many-core Systems-on-Chip (MCSoC)	1	1	1	0	0
2023 IEEE 16th Pacific Visualization Symposium (PacificVis)	1	1	1	0	0
2023 IEEE 17th International Conference on Industrial and Information Systems (ICIIS)	1	1	1	0	0
2023 IEEE 19th International Conference on Intelligent Computer Communication and Processing (ICCP)	1	1	1	0	0
2023 IEEE 19th International Conference on e-Science (e-Science)	1	1	1	0	0
2023 IEEE 20th India Council International Conference (INDICON)	1	1	1	0	0
2023 IEEE 23rd International Conference on Software Quality, Reliability, and Security Companion (QRS-C)	1	1	1	0	0
2023 IEEE 23rd International Symposium on Computational Intelligence and Informatics (CINTI)	1	1	1	0	0
2023 IEEE 24th International Conference of Young Professionals in Electron Devices and Materials (EDM)	1	1	1	0	0
2023 IEEE 24th Latin American Test Symposium (LATS)	1	1	1	0	0
2023 IEEE 2nd Industrial Electronics Society Annual On-Line Conference (ONCON)	1	1	1	0	0
2023 IEEE 35th International Conference on Tools with Artificial Intelligence (ICTAI)	1	1	1	0	0
2023 IEEE 36th International Symposium on Computer-Based Medical Systems (CBMS)	1	1	1	0	0
2023 IEEE 39th International Conference on Data Engineering (ICDE)	1	1	1	0	0
2023 IEEE 3rd Applied Signal Processing Conference (ASPCON)	1	1	1	0	0
2023 IEEE 3rd International Conference on Sustainable Energy and Future Electric Transportation (SEFET)	1	1	1	0	0
2023 IEEE 3rd International Conference on Technology, Engineering, Management for Societal impact using Marketing, Entrepreneurship and Talent (TEMSMET)	1	1	1	0	0
2023 IEEE 47th Annual Computers, Software, and Applications Conference (COMPSAC)	1	1	1	0	0
2023 IEEE 48th Conference on Local Computer Networks (LCN)	1	1	1	0	0
2023 IEEE 4th International Conference on Pattern Recognition and Machine Learning (PRML)	1	1	1	0	0
2023 IEEE 53rd International Symposium on Multiple-Valued Logic (ISMVL)	1	1	1	0	0
2023 IEEE 64th International Scientific Conference on Power and Electrical Engineering of Riga Technical University (RTUCON)	1	1	1	0	0
2023 IEEE 6th Information Technology,Networking,Electronic and Automation Control Conference (ITNEC)	1	1	1	0	0
2023 IEEE 6th International Conference and Workshop Óbuda on Electrical and Power Engineering (CANDO-EPE)	1	1	1	0	0
2023 IEEE 9th International Conference on Computing, Engineering and Design (ICCED)	1	1	1	0	0
2023 IEEE Aerospace Conference	1	1	1	0	0
2023 IEEE Applied Imagery Pattern Recognition Workshop (AIPR)	1	1	1	0	0
2023 IEEE Applied Sensing Conference (APSCON)	1	1	1	0	0
2023 IEEE Belgrade PowerTech	1	1	1	0	0
2023 IEEE Biomedical Circuits and Systems Conference (BioCAS)	1	1	1	0	0
2023 IEEE Colombian Conference on Applications of Computational Intelligence (ColCACI)	1	1	1	0	0
2023 IEEE Conference on Computational Intelligence in Bioinformatics and Computational Biology (CIBCB)	1	1	1	0	0
2023 IEEE Conference on Games (CoG)	1	1	1	0	0
2023 IEEE Conference on Virtual Reality and 3D User Interfaces Abstracts and Workshops (VRW)	1	1	1	0	0
2023 IEEE Engineering Informatics	1	1	1	0	0
2023 IEEE Guwahati Subsection Conference (GCON)	1	1	1	0	0
2023 IEEE High Performance Extreme Computing Conference (HPEC)	1	1	1	0	0
2023 IEEE IAS Global Conference on Renewable Energy and Hydrogen Technologies (GlobConHT)	1	1	1	0	0
2023 IEEE Information Theory Workshop (ITW)	1	1	1	0	0
2023 IEEE International Automated Vehicle Validation Conference (IAVVC)	1	1	1	0	0
2023 IEEE International Autumn Meeting on Power, Electronics and Computing (ROPEC)	1	1	1	0	0
2023 IEEE International Biomedical Instrumentation and Technology Conference (IBITeC)	1	1	1	0	0
2023 IEEE International Conference On Artificial Intelligence Testing (AITest)	1	1	1	0	0
2023 IEEE International Conference on Advanced Networks and Telecommunications Systems (ANTS)	1	1	1	0	0
2023 IEEE International Conference on Advanced Robotics and Its Social Impacts (ARSO)	1	1	1	0	0
2023 IEEE International Conference on Cloud Computing in Emerging Markets (CCEM)	1	1	1	0	0
2023 IEEE International Conference on Communication, Networks and Satellite (COMNETSAT)	1	1	1	0	0
2023 IEEE International Conference on Computing (ICOCO)	2	1	2	0	0
2023 IEEE International Conference on Contemporary Computing and Communications (InC4)	1	1	1	0	0
2023 IEEE International Conference on Development and Learning (ICDL)	1	1	1	0	0
2023 IEEE International Conference on Edge Computing and Communications (EDGE)	1	1	1	0	0
2023 IEEE International Conference on Energy Technologies for Future Grids (ETFG)	1	1	1	0	0
2023 IEEE International Conference on Fuzzy Systems (FUZZ)	1	1	1	0	0
2023 IEEE International Conference on High Performance Computing &amp;amp; Communications, Data Science &amp;amp; Systems, Smart City &amp;amp; Dependability in Sensor, Cloud &amp;amp; Big Data Systems &amp;amp; Application (HPCC/DSS/SmartCity/DependSys)	1	1	1	0	0
2023 IEEE International Conference on Multimedia and Expo (ICME)	1	1	1	0	0
2023 IEEE International Conference on Quantum Software (QSW)	1	1	1	0	0
2023 IEEE International Conference on Smart Computing (SMARTCOMP)	1	1	1	0	0
2023 IEEE International Conference on Software Analysis, Evolution and Reengineering (SANER)	1	1	1	0	0
2023 IEEE International Conference on Software Testing, Verification and Validation Workshops (ICSTW)	1	1	1	0	0
2023 IEEE International Conference on Web Services (ICWS)	1	1	1	0	0
2023 IEEE International Electric Machines &amp; Drives Conference (IEMDC)	3	1	3	0	0
2023 IEEE International Symposium on Antennas and Propagation and USNC-URSI Radio Science Meeting (USNC-URSI)	1	1	1	0	0
2023 IEEE International Symposium on Circuits and Systems (ISCAS)	1	1	1	0	0
2023 IEEE International Symposium on Information Theory (ISIT)	1	1	1	0	0
2023 IEEE International Symposium on Mixed and Augmented Reality (ISMAR)	1	1	1	0	0
2023 IEEE International Systems Conference (SysCon)	1	1	1	0	0
2023 IEEE International Test Conference (ITC)	1	1	1	0	0
2023 IEEE International Workshop on Metrology for Automotive (MetroAutomotive)	1	1	1	0	0
2023 IEEE Microwaves, Antennas, and Propagation Conference (MAPCON)	1	1	1	0	0
2023 IEEE PES 15th Asia-Pacific Power and Energy Engineering Conference (APPEEC)	2	1	2	0	0
2023 IEEE PES Grid Edge Technologies Conference &amp; Exposition (Grid Edge)	1	1	1	0	0
2023 IEEE Power &amp; Energy Society Innovative Smart Grid Technologies Conference (ISGT)	1	1	1	0	0
2023 IEEE Radar Conference (RadarConf23)	1	1	1	0	0
2023 IEEE SENSORS	1	1	1	0	0
2023 IEEE Seventh Ecuador Technical Chapters Meeting (ECTM)	1	1	1	0	0
2023 IEEE Symposium Series on Computational Intelligence (SSCI)	1	1	1	0	0
2023 IEEE Symposium on Electromagnetic Compatibility &amp; Signal/Power Integrity (EMC+SIPI)	1	1	1	0	0
2023 IEEE Vehicular Networking Conference (VNC)	1	1	1	0	0
2023 IEEE Visualization in Data Science (VDS)	1	1	1	0	0
2023 IEEE Wireless Communications and Networking Conference (WCNC)	1	1	1	0	0
2023 IEEE World Conference on Applied Intelligence and Computing (AIC)	1	1	1	0	0
2023 IEEE World Haptics Conference (WHC)	1	1	1	0	0
2023 IEEE-RAS 22nd International Conference on Humanoid Robots (Humanoids)	1	1	1	0	0
2023 IEEE/ACIS 8th International Conference on Big Data, Cloud Computing, and Data Science (BCD)	1	1	1	0	0
2023 IEEE/ACM 10th International Conference on Mobile Software Engineering and Systems (MOBILESoft)	1	1	1	0	0
2023 IEEE/ACM 2nd International Workshop on Natural Language-Based Software Engineering (NLBSE)	1	1	1	0	0
2023 IEEE/ACM 31st International Conference on Program Comprehension (ICPC)	1	1	1	0	0
2023 IEEE/ACM 45th International Conference on Software Engineering (ICSE)	2	1	2	0	0
2023 IEEE/ACM 45th International Conference on Software Engineering: New Ideas and Emerging Results (ICSE-NIER)	1	1	1	0	0
2023 IEEE/ACM International Conference on Automation of Software Test (AST)	1	1	1	0	0
2023 IEEE/ACM International Conference on Software and System Processes (ICSSP)	1	1	1	0	0
2023 IEEE/AIAA 42nd Digital Avionics Systems Conference (DASC)	1	1	1	0	0
2023 Innovations in Power and Advanced Computing Technologies (i-PACT)	1	1	1	0	0
2023 Integrated Communication, Navigation and Surveillance Conference (ICNS)	1	1	1	0	0
2023 International Conference in Advances in Power, Signal, and Information Technology (APSIT)	1	1	1	0	0
2023 International Conference on Advanced Computing &amp; Communication Technologies (ICACCTech)	1	1	1	0	0
2023 International Conference on Artificial Intelligence Robotics, Signal and Image Processing (AIRoSIP)	1	1	1	0	0
2023 International Conference on Artificial Intelligence Science and Applications in Industry and Society (CAISAIS)	1	1	1	0	0
2023 International Conference on Artificial Intelligence and Smart Communication (AISC)	1	1	1	0	0
2023 International Conference on Computational Science and Computational Intelligence (CSCI)	1	1	1	0	0
2023 International Conference on Control, Automation and Diagnosis (ICCAD)	1	1	1	0	0
2023 International Conference on Converging Technology in Electrical and Information Engineering (ICCTEIE)	1	1	1	0	0
2023 International Conference on Data Science and Network Security (ICDSNS)	1	1	1	0	0
2023 International Conference on Decision Aid Sciences and Applications (DASA)	1	1	1	0	0
2023 International Conference on Emerging Smart Computing and Informatics (ESCI)	1	1	1	0	0
2023 International Conference on Future Energy Solutions (FES)	1	1	1	0	0
2023 International Conference on Information Technology and Computing (ICITCOM)	1	1	1	0	0
2023 International Conference on Innovations in Intelligent Systems and Applications (INISTA)	1	1	1	0	0
2023 International Conference on Intelligent Computing, Communication, Networking and Services (ICCNS)	1	1	1	0	0
2023 International Conference on Machine Intelligence for GeoAnalytics and Remote Sensing (MIGARS)	1	1	1	0	0
2023 International Conference on Machine Learning and Cybernetics (ICMLC)	1	1	1	0	0
2023 International Conference on Microwave, Optical, and Communication Engineering (ICMOCE)	1	1	1	0	0
2023 International Conference on Next Generation Electronics (NEleX)	1	1	1	0	0
2023 International Conference on Power Electronics and Energy (ICPEE)	1	1	1	0	0
2023 International Conference on Radar, Antenna, Microwave, Electronics, and Telecommunications (ICRAMET)	1	1	1	0	0
2023 International Conference on Research Methodologies in Knowledge Management, Artificial Intelligence and Telecommunication Engineering (RMKMATE)	1	1	1	0	0
2023 International Conference on Sensing, Measurement &amp;amp; Data Analytics in the era of Artificial Intelligence (ICSMD)	1	1	1	0	0
2023 International Conference on Smart Computing and Application (ICSCA)	1	1	1	0	0
2023 International Conference on Smart Electrical Grid and Renewable Energy (SEGRE)	1	1	1	0	0
2023 International Conference on Speech Technology and Human-Computer Dialogue (SpeD)	1	1	1	0	0
2023 International Conference on Technology, Engineering, and Computing Applications (ICTECA)	1	1	1	0	0
2023 International Electronics Symposium (IES)	2	1	2	0	0
2023 International Symposium on Multi-Robot and Multi-Agent Systems (MRS)	1	1	1	0	0
2023 International Technical Conference on Circuits/Systems, Computers, and Communications (ITC-CSCC)	1	1	1	0	0
2023 International Telecommunications Conference (ITC-Egypt)	1	1	1	0	0
2023 International Workshop on Artificial Intelligence and Image Processing (IWAIIP)	1	1	1	0	0
2023 International Workshop on Impedance Spectroscopy (IWIS)	1	1	1	0	0
2023 Mexican International Conference on Computer Science (ENC)	1	1	1	0	0
2023 North American Power Symposium (NAPS)	1	1	1	0	0
2023 Second International Conference On Smart Technologies For Smart Nation (SmartTechCon)	1	1	1	0	0
2023 Smart Systems Integration Conference and Exhibition (SSI)	1	1	1	0	0
2023 Systems and Information Engineering Design Symposium (SIEDS)	1	1	1	0	0
2023 Third International Conference on Advances in Electrical, Computing, Communication and Sustainable Technologies (ICAECT)	1	1	1	0	0
2023 Topological Data Analysis and Visualization (TopoInVis)	1	1	1	0	0
2023 the 7th International Conference on Information System and Data Mining (ICISDM)	1	1	1	0	0
2024 10th IEEE RAS/EMBS International Conference for Biomedical Robotics and Biomechatronics (BioRob)	4	1	4	0	0
2024 10th International Conference on Advanced Computing and Communication Systems (ICACCS)	1	1	1	0	0
2024 10th International Conference on Applied System Innovation (ICASI)	1	1	1	0	0
2024 10th International Conference on Automation, Robotics and Applications (ICARA)	1	1	1	0	0
2024 10th International Conference on Electrical Engineering, Control and Robotics (EECR)	1	1	1	0	0
2024 10th International Conference on Optimization and Applications (ICOA)	1	1	1	0	0
2024 12th Electrical Power, Electronics, Communications, Controls and Informatics Seminar (EECCIS)	1	1	1	0	0
2024 12th International Conference on Information Systems and Computing Technology (ISCTech)	1	1	1	0	0
2024 12th International Conference on Smart Grid (icSmartGrid)	1	1	1	0	0
2024 12th International Winter Conference on Brain-Computer Interface (BCI)	1	1	1	0	0
2024 13th International Conference on Communications, Circuits and Systems (ICCCAS)	1	1	1	0	0
2024 13th International Conference on Control, Automation and Information Sciences (ICCAIS)	1	1	1	0	0
2024 13th International Conference on Renewable Energy Research and Applications (ICRERA)	1	1	1	0	0
2024 14th International Conference on Computer and Knowledge Engineering (ICCKE)	1	1	1	0	0
2024 14th International Conference on Dependable Systems, Services and Technologies (DESSERT)	1	1	1	0	0
2024 14th International Electric Drives Production Conference (EDPC)	1	1	1	0	0
2024 14th International Symposium on Antennas, Propagation and EM Theory (ISAPE)	1	1	1	0	0
2024 15th International Conference on Computing Communication and Networking Technologies (ICCCNT)	1	1	1	0	0
2024 15th International Conference on Distance Learning and Education (ICDLE)	1	1	1	0	0
2024 15th International Conference on Information and Communication Systems (ICICS)	1	1	1	0	0
2024 16th International Conference on COMmunication Systems &amp; NETworkS (COMSNETS)	1	1	1	0	0
2024 16th International Conference on Computer and Automation Engineering (ICCAE)	1	1	1	0	0
2024 16th International Conference on Information Technology and Electrical Engineering (ICITEE)	1	1	1	0	0
2024 16th International Conference on Knowledge and System Engineering (KSE)	1	1	1	0	0
2024 16th Seminar on Power Electronics and Control (SEPOC)	1	1	1	0	0
2024 1st International Conference on Advanced Computing and Emerging Technologies (ACET)	1	1	1	0	0
2024 1st International Conference on Communications and Computer Science (InCCCS)	1	1	1	0	0
2024 1st International Conference on Innovative and Intelligent Information Technologies (IC3IT)	1	1	1	0	0
2024 20th IEEE International Colloquium on Signal Processing &amp;amp; Its Applications (CSPA)	2	1	2	0	0
2024 20th International Conference on Natural Computation, Fuzzy Systems and Knowledge Discovery (ICNC-FSKD)	1	1	1	0	0
2024 21st Annual IEEE International Conference on Sensing, Communication, and Networking (SECON)	1	1	1	0	0
2024 21st International Conference on Mechatronics - Mechatronika (ME)	1	1	1	0	0
2024 21st International Joint Conference on Computer Science and Software Engineering (JCSSE)	1	1	1	0	0
2024 22nd International Conference on Optical Communications and Networks (ICOCN)	1	1	1	0	0
2024 24th International Scientific Conference on Electric Power Engineering (EPE)	1	1	1	0	0
2024 25th International Symposium on Quality Electronic Design (ISQED)	1	1	1	0	0
2024 27th International Conference on Electrical Machines and Systems (ICEMS)	1	1	1	0	0
2024 27th International Symposium on Wireless Personal Multimedia Communications (WPMC)	2	1	2	0	0
2024 28th International Computer Science and Engineering Conference (ICSEC)	1	1	1	0	0
2024 28th International Conference Information Visualisation (IV)	1	1	1	0	0
2024 28th International Symposium on Distributed Simulation and Real Time Applications (DS-RT)	1	1	1	0	0
2024 2nd International Conference on Artificial Intelligence, Blockchain, and Internet of Things (AIBThings)	1	1	1	0	0
2024 2nd International Conference on Computing and Data Analytics (ICCDA)	1	1	1	0	0
2024 2nd International Conference on Disruptive Technologies (ICDT)	1	1	1	0	0
2024 2nd International Conference on Federated Learning Technologies and Applications (FLTA)	1	1	1	0	0
2024 2nd International Conference on Sustainable Computing and Smart Systems (ICSCSS)	1	1	1	0	0
2024 31st National and 9th International Iranian Conference on Biomedical Engineering (ICBME)	1	1	1	0	0
2024 33rd IEEE International Conference on Robot and Human Interactive Communication (ROMAN)	1	1	1	0	0
2024 33rd International Conference on Computer Communications and Networks (ICCCN)	1	1	1	0	0
2024 34th International Conference Radioelektronika (RADIOELEKTRONIKA)	1	1	1	0	0
2024 34th International Conference on Collaborative Advances in Software and COmputiNg (CASCON)	1	1	1	0	0
2024 36th Conference of Open Innovations Association (FRUCT)	1	1	1	0	0
2024 37th SIBGRAPI Conference on Graphics, Patterns and Images (SIBGRAPI)	1	1	1	0	0
2024 3rd International Conference on Artificial Intelligence and Autonomous Robot Systems (AIARS)	1	1	1	0	0
2024 3rd International Conference on Creative Communication and Innovative Technology (ICCIT)	1	1	1	0	0
2024 3rd International Conference on Embedded Systems and Artificial Intelligence (ESAI)	1	1	1	0	0
2024 47th MIPRO ICT and Electronics Convention (MIPRO)	1	1	1	0	0
2024 4th International Conference of Science and Information Technology in Smart Administration (ICSINTESA)	1	1	1	0	0
2024 4th International Conference on Electrical Engineering and Control Science (IC2ECS)	1	1	1	0	0
2024 4th International Conference on Electrical, Computer, Communications and Mechatronics Engineering (ICECCME)	1	1	1	0	0
2024 4th International Conference on Emerging Frontiers in Electrical and Electronic Technologies (ICEFEET)	1	1	1	0	0
2024 4th International Conference on Innovative Research in Applied Science, Engineering and Technology (IRASET)	1	1	1	0	0
2024 4th International Conference on Neural Networks, Information and Communication (NNICE)	1	1	1	0	0
2024 58th Annual Conference on Information Sciences and Systems (CISS)	1	1	1	0	0
2024 5th International Conference for Emerging Technology (INCET)	1	1	1	0	0
2024 5th International Conference in Electronic Engineering, Information Technology &amp;amp; Education (EEITE)	1	1	1	0	0
2024 5th International Conference on Artificial Intelligence and Data Sciences (AiDAS)	1	1	1	0	0
2024 5th International Conference on Communications, Information, Electronic and Energy Systems (CIEES)	1	1	1	0	0
2024 5th International Conference on Emerging Trends in Electrical, Electronic and Communications Engineering (ELECOM)	1	1	1	0	0
2024 5th International Conference on Innovative Computing (ICIC)	1	1	1	0	0
2024 5th International Conference on Mobile Computing and Sustainable Informatics (ICMCSI)	1	1	1	0	0
2024 5th International Conference on Recent Trends in Computer Science and Technology (ICRTCST)	1	1	1	0	0
2024 5th International Seminar on Artificial Intelligence, Networking and Information Technology (AINIT)	1	1	1	0	0
2024 6th International Conference on Computational Intelligence and Networks (CINE)	1	1	1	0	0
2024 6th International Conference on Control Systems, Mathematical Modeling, Automation and Energy Efficiency (SUMMA)	1	1	1	0	0
2024 6th International Conference on Electrical Engineering and Information &amp;amp; Communication Technology (ICEEICT)	1	1	1	0	0
2024 6th International Conference on Pattern Analysis and Intelligent Systems (PAIS)	1	1	1	0	0
2024 6th International Conference on Robotics, Intelligent Control and Artificial Intelligence (RICAI)	1	1	1	0	0
2024 6th International Symposium on Advanced Electrical and Communication Technologies (ISAECT)	1	1	1	0	0
2024 6th International Youth Conference on Radio Electronics, Electrical and Power Engineering (REEPE)	1	1	1	0	0
2024 7th International Conference on Information Technologies in Engineering Education (Inforino)	1	1	1	0	0
2024 7th International Conference on Pattern Recognition and Artificial Intelligence (PRAI)	1	1	1	0	0
2024 8th International Conference on Electrical, Mechanical and Computer Engineering (ICEMCE)	1	1	1	0	0
2024 8th International Symposium on Instrumentation Systems, Circuits and Transducers (INSCIT)	1	1	1	0	0
2024 8th Network Traffic Measurement and Analysis Conference (TMA)	1	1	1	0	0
2024 8th Scientific School Dynamics of Complex Networks and their Applications (DCNA)	1	1	1	0	0
2024 9th International Conference on Control and Robotics Engineering (ICCRE)	1	1	1	0	0
2024 9th International Conference on Intelligent Computing and Signal Processing (ICSP)	1	1	1	0	0
2024 9th International Conference on Smart and Sustainable Technologies (SpliTech)	1	1	1	0	0
2024 AEIT International Annual Conference (AEIT)	1	1	1	0	0
2024 AIAA DATC/IEEE 43rd Digital Avionics Systems Conference (DASC)	1	1	1	0	0
2024 Advances in Science and Engineering Technology International Conferences (ASET)	1	1	1	0	0
2024 Annual Reliability and Maintainability Symposium (RAMS)	1	1	1	0	0
2024 Artificial Intelligence for Business (AIxB)	1	1	1	0	0
2024 China Automation Congress (CAC)	1	1	1	0	0
2024 Conference on Lasers and Electro-Optics Pacific Rim (CLEO-PR)	1	1	1	0	0
2024 Design, Automation &amp;amp; Test in Europe Conference &amp;amp; Exhibition (DATE)	1	1	1	0	0
2024 Eighth International Conference on Parallel, Distributed and Grid Computing (PDGC)	1	1	1	0	0
2024 Electronics Goes Green 2024+ (EGG)	1	1	1	0	0
2024 Energy Conversion Congress &amp;amp; Expo Europe (ECCE Europe)	1	1	1	0	0
2024 Fifteenth International Conference on Ubiquitous and Future Networks (ICUFN)	1	1	1	0	0
2024 First International Conference on Innovations in Communications, Electrical and Computer Engineering (ICICEC)	1	1	1	0	0
2024 First International Conference on Pioneering Developments in Computer Science &amp;amp; Digital Technologies (IC2SDT)	1	1	1	0	0
2024 Forum on Specification &amp;amp; Design Languages (FDL)	1	1	1	0	0
2024 IEEE 11th International Conference on Data Science and Advanced Analytics (DSAA)	1	1	1	0	0
2024 IEEE 11th Power India International Conference (PIICON)	1	1	1	0	0
2024 IEEE 12th Conference on Systems, Process &amp;amp; Control (ICSPC)	1	1	1	0	0
2024 IEEE 14th International Workshop on Applied Measurements for Power Systems (AMPS)	1	1	1	0	0
2024 IEEE 14th Symposium on Large Data Analysis and Visualization (LDAV)	1	1	1	0	0
2024 IEEE 16th International Conference on Computational Intelligence and Communication Networks (CICN)	1	1	1	0	0
2024 IEEE 18th International Conference on Application of Information and Communication Technologies (AICT)	1	1	1	0	0
2024 IEEE 18th International Conference on Semantic Computing (ICSC)	1	1	1	0	0
2024 IEEE 19th Conference on Industrial Electronics and Applications (ICIEA)	1	1	1	0	0
2024 IEEE 20th International Conference on Intelligent Computer Communication and Processing (ICCP)	1	1	1	0	0
2024 IEEE 21st Consumer Communications &amp; Networking Conference (CCNC)	1	1	1	0	0
2024 IEEE 21st International Power Electronics and Motion Control Conference (PEMC)	1	1	1	0	0
2024 IEEE 24th International Conference on Bioinformatics and Bioengineering (BIBE)	1	1	1	0	0
2024 IEEE 24th International Symposium on Cluster, Cloud and Internet Computing (CCGrid)	1	1	1	0	0
2024 IEEE 27th International Conference on Intelligent Transportation Systems (ITSC)	1	1	1	0	0
2024 IEEE 2nd International Conference on Sensors, Electronics and Computer Engineering (ICSECE)	1	1	1	0	0
2024 IEEE 35th International Symposium on Software Reliability Engineering (ISSRE)	1	1	1	0	0
2024 IEEE 35th International Symposium on Software Reliability Engineering Workshops (ISSREW)	1	1	1	0	0
2024 IEEE 36th International Conference on Tools with Artificial Intelligence (ICTAI)	1	1	1	0	0
2024 IEEE 37th International Symposium on Computer-Based Medical Systems (CBMS)	1	1	1	0	0
2024 IEEE 3rd International Conference on Problems of Informatics, Electronics and Radio Engineering (PIERE)	1	1	1	0	0
2024 IEEE 40th International Conference on Data Engineering Workshops (ICDEW)	1	1	1	0	0
2024 IEEE 42nd Central America and Panama Convention (CONCAPAN XLII)	1	1	1	0	0
2024 IEEE 42nd International Conference on Computer Design (ICCD)	2	1	2	0	0
2024 IEEE 49th Conference on Local Computer Networks (LCN)	1	1	1	0	0
2024 IEEE 4th International Conference on Electronic Technology, Communication and Information (ICETCI)	1	1	1	0	0
2024 IEEE 4th International Conference on Sustainable Energy and Future Electric Transportation (SEFET)	1	1	1	0	0
2024 IEEE 4th International Maghreb Meeting of the Conference on Sciences and Techniques of Automatic Control and Computer Engineering (MI-STA)	1	1	1	0	0
2024 IEEE 5th International Symposium on the Internet of Sounds (IS2)	1	1	1	0	0
2024 IEEE 8th Conference on Energy Internet and Energy System Integration (EI2)	1	1	1	0	0
2024 IEEE 8th Forum on Research and Technologies for Society and Industry Innovation (RTSI)	1	1	1	0	0
2024 IEEE 8th International Conference on Information and Communication Technology (CICT)	1	1	1	0	0
2024 IEEE 9th European Symposium on Security and Privacy (EuroS&amp;amp;P)	1	1	1	0	0
2024 IEEE Conference on Games (CoG)	1	1	1	0	0
2024 IEEE Conference on Telepresence	1	1	1	0	0
2024 IEEE Conference on Virtual Reality and 3D User Interfaces Abstracts and Workshops (VRW)	1	1	1	0	0
2024 IEEE Electrical Energy Storage Application and Technologies Conference (EESAT)	1	1	1	0	0
2024 IEEE Green Technologies Conference (GreenTech)	1	1	1	0	0
2024 IEEE Integrated STEM Education Conference (ISEC)	1	1	1	0	0
2024 IEEE International Autumn Meeting on Power, Electronics and Computing (ROPEC)	1	1	1	0	0
2024 IEEE International Conference on Automation/XXVI Congress of the Chilean Association of Automatic Control (ICA-ACCA)	1	1	1	0	0
2024 IEEE International Conference on Autonomic Computing and Self-Organizing Systems (ACSOS)	1	1	1	0	0
2024 IEEE International Conference on Blockchain and Cryptocurrency (ICBC)	1	1	1	0	0
2024 IEEE International Conference on Computing, Applications and Systems (COMPAS)	1	1	1	0	0
2024 IEEE International Conference on Computing, Power and Communication Technologies (IC2PCT)	1	1	1	0	0
2024 IEEE International Conference on Consumer Electronics (ICCE)	1	1	1	0	0
2024 IEEE International Conference on Contemporary Computing and Communications (InC4)	1	1	1	0	0
2024 IEEE International Conference on Cyber Security and Resilience (CSR)	1	1	1	0	0
2024 IEEE International Conference on E-health Networking, Application &amp;amp; Services (HealthCom)	1	1	1	0	0
2024 IEEE International Conference on Electrical Systems for Aircraft, Railway, Ship Propulsion and Road Vehicles &amp;amp; International Transportation Electrification Conference (ESARS-ITEC)	1	1	1	0	0
2024 IEEE International Conference on Energy Internet (ICEI)	1	1	1	0	0
2024 IEEE International Conference on Engineering, Technology, and Innovation (ICE/ITMC)	1	1	1	0	0
2024 IEEE International Conference on Industry 4.0, Artificial Intelligence, and Communications Technology (IAICT)	1	1	1	0	0
2024 IEEE International Conference on Mechatronics and Automation (ICMA)	1	1	1	0	0
2024 IEEE International Conference on Mobility, Operations, Services and Technologies (MOST)	1	1	1	0	0
2024 IEEE International Conference on Pervasive Computing and Communications (PerCom)	1	1	1	0	0
2024 IEEE International Conference on Pervasive Computing and Communications Workshops and other Affiliated Events (PerCom Workshops)	1	1	1	0	0
2024 IEEE International Conference on Power, Electrical, Electronics and Industrial Applications (PEEIACON)	1	1	1	0	0
2024 IEEE International Conference on Robotics and Biomimetics (ROBIO)	1	1	1	0	0
2024 IEEE International Conference on Smart Computing (SMARTCOMP)	1	1	1	0	0
2024 IEEE International Conference on Smart Internet of Things (SmartIoT)	1	1	1	0	0
2024 IEEE International Conference on Smart Mobility (SM)	1	1	1	0	0
2024 IEEE International Conference on Source Code Analysis and Manipulation (SCAM)	1	1	1	0	0
2024 IEEE International Humanitarian Technologies Conference (IHTC)	1	1	1	0	0
2024 IEEE International Instrumentation and Measurement Technology Conference (I2MTC)	1	1	1	0	0
2024 IEEE International Joint Conference on Biometrics (IJCB)	1	1	1	0	0
2024 IEEE International Symposium on Circuits and Systems (ISCAS)	1	1	1	0	0
2024 IEEE International Symposium on Electromagnetic Compatibility, Signal &amp;amp; Power Integrity (EMC+SIPI)	1	1	1	0	0
2024 IEEE International Symposium on Information Theory (ISIT)	1	1	1	0	0
2024 IEEE International Symposium on Mixed and Augmented Reality Adjunct (ISMAR-Adjunct)	1	1	1	0	0
2024 IEEE International Symposium on Parallel and Distributed Processing with Applications (ISPA)	1	1	1	0	0
2024 IEEE International Symposium on Safety Security Rescue Robotics (SSRR)	1	1	1	0	0
2024 IEEE International Workshop on Metrology for Automotive (MetroAutomotive)	1	1	1	0	0
2024 IEEE International Workshop on Sport, Technology and Research (STAR)	1	1	1	0	0
2024 IEEE MTT-S International Microwave Biomedical Conference (IMBioC)	1	1	1	0	0
2024 IEEE Microwaves, Antennas, and Propagation Conference (MAPCON)	1	1	1	0	0
2024 IEEE Opportunity Research Scholars Symposium (ORSS)	1	1	1	0	0
2024 IEEE Pacific Rim Conference on Communications, Computers and Signal Processing (PACRIM)	1	1	1	0	0
2024 IEEE Radar Conference (RadarConf24)	1	1	1	0	0
2024 IEEE Smart World Congress (SWC)	1	1	1	0	0
2024 IEEE Southwest Symposium on Image Analysis and Interpretation (SSIAI)	1	1	1	0	0
2024 IEEE Spoken Language Technology Workshop (SLT)	1	1	1	0	0
2024 IEEE Texas Power and Energy Conference (TPEC)	1	1	1	0	0
2024 IEEE Transportation Electrification Conference and Expo (ITEC)	1	1	1	0	0
2024 IEEE Vehicle Power and Propulsion Conference (VPPC)	1	1	1	0	0
2024 IEEE Workshop on Uncertainty Visualization: Applications, Techniques, Software, and Decision Frameworks	1	1	1	0	0
2024 IEEE/ACIS 22nd International Conference on Software Engineering Research, Management and Applications (SERA)	1	1	1	0	0
2024 IEEE/ACIS 9th International Conference on Big Data, Cloud Computing, and Data Science (BCD)	1	1	1	0	0
2024 IEEE/ACM Ninth International Conference on Internet-of-Things Design and Implementation (IoTDI)	1	1	1	0	0
2024 IEEE/OES Autonomous Underwater Vehicles Symposium (AUV)	1	1	1	0	0
2024 IFIP Networking Conference (IFIP Networking)	1	1	1	0	0
2024 Intelligent Methods, Systems, and Applications (IMSA)	1	1	1	0	0
2024 International Conference on Advances in Computing, Communication, Electrical, and Smart Systems (iCACCESS)	1	1	1	0	0
2024 International Conference on Assured Autonomy (ICAA)	1	1	1	0	0
2024 International Conference on Computer and Applications (ICCA)	1	1	1	0	0
2024 International Conference on Computer, Information and Telecommunication Systems (CITS)	1	1	1	0	0
2024 International Conference on Computing and Data Science (ICCDS)	1	1	1	0	0
2024 International Conference on Computing, Networking and Communications (ICNC)	2	1	2	0	0
2024 International Conference on Content-Based Multimedia Indexing (CBMI)	1	1	1	0	0
2024 International Conference on Electrical Electronics and Computing Technologies (ICEECT)	1	1	1	0	0
2024 International Conference on Electrical Engineering and Computer Science (ICECOS)	1	1	1	0	0
2024 International Conference on Future Technologies for Smart Society (ICFTSS)	1	1	1	0	0
2024 International Conference on Information Networking (ICOIN)	1	1	1	0	0
2024 International Conference on Information Science and Communications Technologies (ICISCT)	1	1	1	0	0
2024 International Conference on Innovation and Intelligence for Informatics, Computing, and Technologies (3ICT)	1	1	1	0	0
2024 International Conference on Innovations and Challenges in Emerging Technologies (ICICET)	1	1	1	0	0
2024 International Conference on Integrated Circuits and Communication Systems (ICICACS)	1	1	1	0	0
2024 International Conference on Integrated Circuits, Communication, and Computing Systems (ICIC3S)	1	1	1	0	0
2024 International Conference on Intelligent &amp;amp; Innovative Practices in Engineering &amp;amp; Management (IIPEM)	1	1	1	0	0
2024 International Conference on Intelligent Cybernetics Technology &amp;amp; Applications (ICICyTA)	1	1	1	0	0
2024 International Conference on IoT, Communication and Automation Technology (ICICAT)	1	1	1	0	0
2024 International Conference on Machine Intelligence for GeoAnalytics and Remote Sensing (MIGARS)	1	1	1	0	0
2024 International Conference on Machine Learning and Cybernetics (ICMLC)	1	1	1	0	0
2024 International Conference on Military Communication and Information Systems (ICMCIS)	1	1	1	0	0
2024 International Conference on New Trends in Computational Intelligence (NTCI)	1	1	1	0	0
2024 International Conference on Next Generation Computing Applications (NextComp)	1	1	1	0	0
2024 International Conference on Smart Applications, Communications and Networking (SmartNets)	1	1	1	0	0
2024 International Conference on Smart Energy Systems and Technologies (SEST)	1	1	1	0	0
2024 International Symposium ELMAR	1	1	1	0	0
2024 International Symposium on Computer Architecture and High Performance Computing Workshops (SBAC-PADW)	1	1	1	0	0
2024 International Topical Meeting on Microwave Photonics (MWP)	1	1	1	0	0
2024 International Wireless Communications and Mobile Computing (IWCMC)	1	1	1	0	0
2024 International Workshop on Impedance Spectroscopy (IWIS)	2	1	2	0	0
2024 Joint 13th International Conference on Soft Computing and Intelligent Systems and 25th International Symposium on Advanced Intelligent Systems (SCIS&amp;amp;ISIS)	1	1	1	0	0
2024 Kleinheubach Conference	1	1	1	0	0
2024 Latin American Robotics Symposium (LARS)	2	1	2	0	0
2024 MIT Art, Design and Technology School of Computing International Conference (MITADTSoCiCon)	1	1	1	0	0
2024 New Trends in Signal Processing (NTSP)	1	1	1	0	0
2024 Ninth International Conference on Informatics and Computing (ICIC)	1	1	1	0	0
2024 Second International Conference on Advanced Computing &amp;amp; Communication Technologies (ICACCTech)	1	1	1	0	0
2024 Sensor Data Fusion: Trends, Solutions, Applications (SDF)	1	1	1	0	0
2024 Sixth International Conference on Intelligent Computing in Data Sciences (ICDS)	1	1	1	0	0
2024 Sixth International Conference on Next Generation Data-driven Networks (NGDN)	1	1	1	0	0
2024 Smart City Symposium Prague (SCSP)	1	1	1	0	0
2024 Symposium on Internet of Things (SIoT)	1	1	1	0	0
2024 Third International Conference on Electrical, Electronics, Information and Communication Technologies (ICEEICT)	1	1	1	0	0
2024 Third International Conference on Sustainable Mobility Applications, Renewables and Technology (SMART)	1	1	1	0	0
2024 Workshop on Communication Networks and Power Systems (WCNPS)	1	1	1	0	0
2024 Workshop on Visual Analytics in Healthcare (VAHC)	1	1	1	0	0
2025 10th Asia Conference on Power and Electrical Engineering (ACPEE)	1	1	1	0	0
2025 10th International Conference on Cloud Computing and Big Data Analytics (ICCCBDA)	1	1	1	0	0
2025 10th International Conference on Control and Robotics Engineering (ICCRE)	1	1	1	0	0
2025 10th International Conference on Energy Efficiency and Agricultural Engineering (EE&amp;amp;AE)	1	1	1	0	0
2025 10th International Conference on Smart and Sustainable Technologies (SpliTech)	1	1	1	0	0
2025 11th International Conference on ICT for Sustainability (ICT4S)	1	1	1	0	0
2025 11th International Conference on Web Research (ICWR)	1	1	1	0	0
2025 12th International Conference on Emerging Trends in Engineering &amp;amp; Technology - Signal and Information Processing (ICETET - SIP)	1	1	1	0	0
2025 13th International Conference on Awareness Science and Technology (iCAST)	1	1	1	0	0
2025 13th International Conference on Information and Education Technology (ICIET)	1	1	1	0	0
2025 13th International Electrical Engineering Congress (iEECON)	1	1	1	0	0
2025 13th International Workshop on Advanced Ground Penetrating Radar (IWAGPR)	1	1	1	0	0
2025 14th International Conference on Modern Circuits and Systems Technologies (MOCAST)	1	1	1	0	0
2025 14th Mediterranean Conference on Embedded Computing (MECO)	1	1	1	0	0
2025 16th International Conference on Information, Intelligence, Systems &amp;amp; Applications (IISA)	1	1	1	0	0
2025 17th International Conference on Advanced Computational Intelligence (ICACI)	1	1	1	0	0
2025 17th International Conference on Electronics, Computers and Artificial Intelligence (ECAI)	1	1	1	0	0
2025 19th Conference on Electrical Machines, Drives and Power Systems (ELMA)	1	1	1	0	0
2025 1st International Conference on AIML-Applications for Engineering &amp;amp; Technology (ICAET)	1	1	1	0	0
2025 22nd International Conference on Electrical Engineering, Computing Science and Automatic Control (CCE)	1	1	1	0	0
2025 23rd International Symposium on Modeling and Optimization in Mobile, Ad Hoc, and Wireless Networks (WiOpt)	1	1	1	0	0
2025 25th International Conference on Software Quality, Reliability and Security (QRS)	1	1	1	0	0
2025 26th International Carpathian Control Conference (ICCC)	1	1	1	0	0
2025 28th International Conference on Computer Supported Cooperative Work in Design (CSCWD)	1	1	1	0	0
2025 29th International Conference Information Visualisation (IV)	1	1	1	0	0
2025 2nd International Conference on Next-Generation Computing, IoT and Machine Learning (NCIM)	1	1	1	0	0
2025 2nd International Conference on Trends in Engineering Systems and Technologies (ICTEST)	1	1	1	0	0
2025 32nd International Conference on Geoinformatics	1	1	1	0	0
2025 33rd European Signal Processing Conference (EUSIPCO)	1	1	1	0	0
2025 37th International Conference on Microelectronics (ICM)	1	1	1	0	0
2025 38th SIBGRAPI Conference on Graphics, Patterns and Images (SIBGRAPI)	1	1	1	0	0
2025 3rd International Conference on Advancement in Computation &amp;amp; Computer Technologies (InCACCT)	1	1	1	0	0
2025 3rd International Conference on Integrated Circuits and Communication Systems (ICICACS)	1	1	1	0	0
2025 3rd International Conference on Inventive Computing and Informatics (ICICI)	1	1	1	0	0
2025 40th Youth Academic Annual Conference of Chinese Association of Automation (YAC)	1	1	1	0	0
2025 5th International Conference on Advanced Research in Computing (ICARC)	1	1	1	0	0
2025 5th International Conference on Neural Networks, Information and Communication Engineering (NNICE)	1	1	1	0	0
2025 5th International Conference on Pervasive Computing and Social Networking (ICPCSN)	1	1	1	0	0
2025 5th International Conference on Smart Grid Metrology (SMAGRIMET)	1	1	1	0	0
2025 60th International Universities Power Engineering Conference (UPEC)	1	1	1	0	0
2025 6th International Conference for Emerging Technology (INCET)	1	1	1	0	0
2025 6th International Conference on Computer Communication and Network Security (CCNS)	1	1	1	0	0
2025 6th International Conference on Control and Fault-Tolerant Systems (SysTol)	1	1	1	0	0
2025 6th International Conference on Intelligent Communication Technologies and Virtual Mobile Networks (ICICV)	1	1	1	0	0
2025 7th International Conference on Internet of Things, Automation and Artificial Intelligence (IoTAAI)	1	1	1	0	0
2025 7th International Conference on Pattern Analysis and Intelligent Systems (PAIS)	1	1	1	0	0
2025 8th International Conference on Advanced Algorithms and Control Engineering (ICAACE)	1	1	1	0	0
2025 8th International Conference on Electronics, Materials Engineering &amp;amp; Nano-Technology (IEMENTech)	1	1	1	0	0
2025 8th International Conference on Machine Learning and Natural Language Processing (MLNLP)	1	1	1	0	0
2025 9th International Conference on Computational System and Information Technology for Sustainable Solutions (CSITSS)	1	1	1	0	0
2025 9th International Symposium on Multidisciplinary Studies and Innovative Technologies (ISMSIT)	1	1	1	0	0
2025 American Control Conference (ACC)	1	1	1	0	0
2025 Annual Reliability and Maintainability Symposium (RAMS)	1	1	1	0	0
2025 Conference on Information Communications Technology and Society (ICTAS)	1	1	1	0	0
2025 Fourteenth International Conference on Image Processing, Theory, Tools &amp;amp; Applications (IPTA)	1	1	1	0	0
2025 IEEE 101st Vehicular Technology Conference (VTC2025-Spring)	1	1	1	0	0
2025 IEEE 11th International Conference on Big Data Computing Service and Machine Learning Applications (BigDataService)	1	1	1	0	0
2025 IEEE 13th International Conference on Healthcare Informatics (ICHI)	1	1	1	0	0
2025 IEEE 14th International Conference on Consumer Electronics - Berlin (ICCE-Berlin)	1	1	1	0	0
2025 IEEE 20th Conference on Industrial Electronics and Applications (ICIEA)	1	1	1	0	0
2025 IEEE 22nd International Multi-Conference on Systems, Signals &amp;amp; Devices (SSD)	1	1	1	0	0
2025 IEEE 22nd International Symposium on Biomedical Imaging (ISBI)	1	1	1	0	0
2025 IEEE 26th China Conference on System Simulation Technology and its Applications (CCSSTA)	1	1	1	0	0
2025 IEEE 28th International Symposium on Design and Diagnostics of Electronic Circuits and Systems (DDECS)	1	1	1	0	0
2025 IEEE 31st International Conference on Embedded and Real-Time Computing Systems and Applications (RTCSA)	1	1	1	0	0
2025 IEEE 31st International Symposium on Local and Metropolitan Area Networks (LANMAN)	1	1	1	0	0
2025 IEEE 38th International Symposium on Computer-Based Medical Systems (CBMS)	2	1	2	0	0
2025 IEEE 4th International Conference on Computing and Machine Intelligence (ICMI)	1	1	1	0	0
2025 IEEE 50th Conference on Local Computer Networks (LCN)	1	1	1	0	0
2025 IEEE 5th International Conference on Advanced Learning Technologies on Education &amp;amp; Research (ICALTER)	1	1	1	0	0
2025 IEEE 5th International Conference on Digital Twins and Parallel Intelligence (DTPI)	1	1	1	0	0
2025 IEEE 6th International Conference in Robotics and Manufacturing Automation (ROMA)	1	1	1	0	0
2025 IEEE 7th International Conference on Communications, Information System and Computer Engineering (CISCE)	1	1	1	0	0
2025 IEEE 8th International Conference on Electrical, Control and Computer Engineering (InECCE)	1	1	1	0	0
2025 IEEE 8th International Conference on Industrial Cyber-Physical Systems (ICPS)	1	1	1	0	0
2025 IEEE 8th International Electrical and Energy Conference (CIEEC)	1	1	1	0	0
2025 IEEE BioSensors Conference (BioSensors)	1	1	1	0	0
2025 IEEE Conference on Artificial Intelligence (CAI)	1	1	1	0	0
2025 IEEE Conference on Control Technology and Applications (CCTA)	1	1	1	0	0
2025 IEEE Conference on Software Testing, Verification and Validation (ICST)	2	1	2	0	0
2025 IEEE Conference on Virtual Reality and 3D User Interfaces Abstracts and Workshops (VRW)	1	1	1	0	0
2025 IEEE Congress on Evolutionary Computation (CEC)	1	1	1	0	0
2025 IEEE Electrical Energy Storage Applications and Technologies Conference (EESAT)	1	1	1	0	0
2025 IEEE Guwahati Subsection Conference (GCON)	1	1	1	0	0
2025 IEEE International Conference on Acoustics, Speech, and Signal Processing Workshops (ICASSPW)	3	1	3	0	0
2025 IEEE International Conference on Advanced Robotics (ICAR)	1	1	1	0	0
2025 IEEE International Conference on Artificial Intelligence and eXtended and Virtual Reality (AIxVR)	1	1	1	0	0
2025 IEEE International Conference on Artificial Intelligence for Learning and Optimization (ICoAILO)	1	1	1	0	0
2025 IEEE International Conference on Bioinformatics and Biomedicine (BIBM)	1	1	1	0	0
2025 IEEE International Conference on Blockchain and Cryptocurrency (ICBC)	1	1	1	0	0
2025 IEEE International Conference on Consumer Electronics (ICCE)	1	1	1	0	0
2025 IEEE International Conference on Data Mining (ICDM)	1	1	1	0	0
2025 IEEE International Conference on Electro Information Technology (eIT)	1	1	1	0	0
2025 IEEE International Conference on Information Reuse and Integration and Data Science (IRI)	1	1	1	0	0
2025 IEEE International Conference on Joint Cloud Computing (JCC)	1	1	1	0	0
2025 IEEE International Conference on LLM-Aided Design (ICLAD)	1	1	1	0	0
2025 IEEE International Conference on Machine Learning for Communication and Networking (ICMLCN)	1	1	1	0	0
2025 IEEE International Conference on Mechatronics (ICM)	1	1	1	0	0
2025 IEEE International Conference on Quantum Artificial Intelligence (QAI)	1	1	1	0	0
2025 IEEE International Conference on Quantum Software (QSW)	1	1	1	0	0
2025 IEEE International Conference on Robotics and Biomimetics (ROBIO)	1	1	1	0	0
2025 IEEE International Conference on Software Testing, Verification and Validation Workshops (ICSTW)	1	1	1	0	0
2025 IEEE International Conference on Systems, Man, and Cybernetics (SMC)	1	1	1	0	0
2025 IEEE International Electric Machines &amp;amp; Drives Conference (IEMDC)	1	1	1	0	0
2025 IEEE International Mediterranean Conference on Communications and Networking (MeditCom)	1	1	1	0	0
2025 IEEE International Symposium on Antennas and Propagation and North American Radio Science Meeting (AP-S/CNC-USNC-URSI)	1	1	1	0	0
2025 IEEE International Symposium on Broadband Multimedia Systems and Broadcasting (BMSB)	1	1	1	0	0
2025 IEEE International Symposium on Electromagnetic Compatibility, Signal &amp;amp; Power Integrity (EMC+SIPI)	1	1	1	0	0
2025 IEEE International Workshop on Metrology for Living Environment (MetroLivEnv)	1	1	1	0	0
2025 IEEE Opportunity Research Scholars Symposium (ORSS)	2	1	2	0	0
2025 IEEE PES Grid Edge Technologies Conference &amp;amp; Exposition (Grid Edge)	1	1	1	0	0
2025 IEEE PES Innovative Smart Grid Technologies Conference Europe (ISGT Europe)	2	1	2	0	0
2025 IEEE PES/IAS PowerAfrica	1	1	1	0	0
2025 IEEE SENSORS	1	1	1	0	0
2025 IEEE Symposia on Computational Intelligence for Energy, Transport and Environmental Sustainability (CIETES)	1	1	1	0	0
2025 IEEE Symposium on Computational Intelligence in Natural Language Processing and Social Media (CI-NLPSoMe)	1	1	1	0	0
2025 IEEE Underwater Technology (UT)	1	1	1	0	0
2025 IEEE Ural-Siberian Conference on Biomedical Engineering, Radioelectronics and Information Technology (USBEREIT)	1	1	1	0	0
2025 IEEE Visual Analytics Science and Technology Challenge (VAST Challenge)	1	1	1	0	0
2025 IEEE Visualization and Visual Analytics (VIS)	3	1	3	0	0
2025 IEEE Wireless Communications and Networking Conference (WCNC)	1	1	1	0	0
2025 IEEE Workshop on Power Electronics and Power Quality Applications (PEPQA)	1	1	1	0	0
2025 IEEE/ACIS 23rd International Conference on Software Engineering Research, Management and Applications (SERA)	1	1	1	0	0
2025 IEEE/ACM 20th Symposium on Software Engineering for Adaptive and Self-Managing Systems (SEAMS)	1	1	1	0	0
2025 IEEE/ACM 47th International Conference on Software Engineering (ICSE)	1	1	1	0	0
2025 IEEE/ACM 47th International Conference on Software Engineering: Companion Proceedings (ICSE-Companion)	1	1	1	0	0
2025 IEEE/ACM International Workshop on Large Language Models for Code (LLM4Code)	1	1	1	0	0
2025 IEEE/CVF Conference on Computer Vision and Pattern Recognition Workshops (CVPRW)	1	1	1	0	0
2025 IEEE/CVF International Conference on Computer Vision Workshops (ICCVW)	1	1	1	0	0
2025 IEEE/CVF Winter Conference on Applications of Computer Vision Workshops (WACVW)	1	1	1	0	0
2025 IEEE/ION Position, Location and Navigation Symposium (PLANS)	1	1	1	0	0
2025 IEEE/SICE International Symposium on System Integration (SII)	1	1	1	0	0
2025 Integrated Communications, Navigation and Surveillance Conference (ICNS)	1	1	1	0	0
2025 International Conference Automatics, Robotics and Artificial Intelligence (ICARAI)	1	1	1	0	0
2025 International Conference on Advancement in Data Science, E-learning and Information System (ICADEIS)	1	1	1	0	0
2025 International Conference on Artificial Intelligence and Technological Solutions (ICAITech)	1	1	1	0	0
2025 International Conference on Biomedical Engineering and Sustainable Healthcare (ICBMESH)	1	1	1	0	0
2025 International Conference on Clean Electrical Power (ICCEP)	1	1	1	0	0
2025 International Conference on Communication Technologies (ComTech)	1	1	1	0	0
2025 International Conference on Computer Sciences, Engineering, and Technology Innovation (ICoCSETI)	1	1	1	0	0
2025 International Conference on Computer Systems and Technologies (CompSysTech)	1	1	1	0	0
2025 International Conference on Data Science, Agents &amp;amp; Artificial Intelligence (ICDSAAI)	1	1	1	0	0
2025 International Conference on Electrical Automation and Artificial Intelligence (ICEAAI)	1	1	1	0	0
2025 International Conference on Emerging Technologies in Computing and Communication (ETCC)	1	1	1	0	0
2025 International Conference on Innovations in Intelligent Systems: Advancements in Computing, Communication, and Cybersecurity (ISAC3)	1	1	1	0	0
2025 International Conference on Intelligent Computing and Control Systems (ICICCS)	1	1	1	0	0
2025 International Conference on Intelligent Digitization of Systems and Services (IDSS)	1	1	1	0	0
2025 International Conference on Multimedia Analysis and Pattern Recognition (MAPR)	1	1	1	0	0
2025 International Conference on Quantum Communications, Networking, and Computing (QCNC)	1	1	1	0	0
2025 International Conference on Sampling Theory and Applications (SampTA)	1	1	1	0	0
2025 International Conference on Unmanned Aircraft Systems (ICUAS)	1	1	1	0	0
2025 International Conference on Wireless Communications Signal Processing and Networking (WiSPNET)	1	1	1	0	0
2025 International Joint Conference on Neural Networks (IJCNN)	1	1	1	0	0
2025 International Seminar on Intelligent Technology and Its Applications (ISITIA)	2	1	2	0	0
2025 International Symposium on Medical Robotics (ISMR)	1	1	1	0	0
2025 International Wireless Communications and Mobile Computing (IWCMC)	1	1	1	0	0
2025 MIPRO 48th ICT and Electronics Convention	1	1	1	0	0
2025 Progress in Applied Electrical Engineering (PAEE)	1	1	1	0	0
2025 SBMO/IEEE MTT-S International Microwave and Optoelectronics Conference (IMOC)	1	1	1	0	0
2025 Symposium on VLSI Technology and Circuits (VLSI Technology and Circuits)	1	1	1	0	0
2025 Tenth International Conference on Science Technology Engineering and Mathematics (ICONSTEM)	1	1	1	0	0
2025 United States National Committee of URSI National Radio Science Meeting (USNC-URSI NRSM)	1	1	1	0	0
2025 Winter Simulation Conference (WSC)	1	1	1	0	0
2025 XXVIII International Conference on Soft Computing and Measurements (SCM)	1	1	1	0	0
2026 IEEE Electrical Energy Storage Applications and Technologies Conference (EESAT)	1	1	1	0	0
2026 IEEE/ACM International Symposium on Code Generation and Optimization (CGO)	1	1	1	0	0
2026 IEEE/SICE International Symposium on System Integration (SII)	1	1	1	0	0
24TH TOPICAL CONFERENCE ON RADIO-FREQUENCY POWER IN PLASMAS,AIP Conference Proceedings	1	1	1	0	0
25th AIAA International Space Planes and Hypersonic Systems and Technologies Conference	1	1	1	0	0
25th International Academic Mindtrek conference	1	1	1	0	0
26th ACM Symposium on Virtual Reality Software and Technology	2	1	1	0	0
27th International Conference on Science, Technology and Innovation Indicators (STI 2023)	1	1	1	0	0
28th AIAA/CEAS Aeroacoustics 2022 Conference	2	1	1	0	0
2D and Quasi-2D Composite and Nanocomposite Materials	4	1	2	0	0
31ST INTERNATIONAL SYMPOSIUM ON RAREFIED GAS DYNAMICS: RGD31	1	1	1	0	0
31ST INTERNATIONAL SYMPOSIUM ON RAREFIED GAS DYNAMICS: RGD31,AIP Conference Proceedings	1	1	1	0	0
31st European Symposium on Computer Aided Process Engineering,Computer Aided Chemical Engineering	2	1	1	0	0
50th International Conference on Parallel Processing	2	1	1	0	0
50th International Conference on Parallel Processing Workshop	2	1	1	0	0
56th Annual IEEE/ACM International Symposium on Microarchitecture	1	1	1	0	0
6TH INTERNATIONAL CONFERENCE ON MATHEMATICAL APPLICATIONS IN ENGINEERING,AIP Conference Proceedings	1	1	1	0	0
7th International Conference on Sustainable Information Engineering and Technology 2022	1	1	1	0	0
7th International Workshop on Social Media World Sensors	2	1	1	0	0
7th edition of the Copernicus Ocean State Report (OSR7)	1	1	1	0	0
8th ACM IKDD CODS and 26th COMAD	1	1	1	0	0
9th International Conference on Digital Libraries for Musicology	2	1	1	0	0
9th edition of the Copernicus Ocean State Report (OSR9)	2	1	2	0	0
@GRH	1	1	1	0	0
A Complete Guide to Quality in Small-Scale Wine Making	1	1	1	0	0
A Free Press, If You Can Keep It,SpringerBriefs in Political Science	1	1	1	0	0
A Geoinformatics Approach to Water Erosion	2	1	1	0	0
AAAI Workshop on Artificial Intelligence with Biased or Scarce Data (AIBSD)	2	1	1	0	0
ACC JOURNAL	1	1	1	0	0
ACM Communications in Computer Algebra	2	1	1	0	0
ACM Journal of Experimental Algorithmics	2	1	1	0	0
ACM SIGAda Ada Letters	1	1	1	0	0
ACM SIGCAS/SIGCHI Conference on Computing and Sustainable Societies (COMPASS)	2	1	1	0	0
ACM SIGEnergy Energy Informatics Review	1	1	1	0	0
ACM SIGGRAPH Conference on Motion Interaction and Games	1	1	1	0	0
ACM SIGIR Conference on Human Information Interaction and Retrieval	2	1	1	0	0
ACM SIGOPS Operating Systems Review	2	1	1	0	0
ACM Transactions on Autonomous and Adaptive Systems	1	1	1	0	0
ACM Transactions on Database Systems	2	1	1	0	0
ACM Transactions on Internet of Things	2	1	1	0	0
ACM Transactions on Multimedia Computing, Communications, and Applications	1	1	1	0	0
ACM Transactions on Privacy and Security	1	1	1	0	0
ACM Transactions on Programming Languages and Systems	1	1	1	0	0
ACM Transactions on Quantum Computing	2	1	1	0	0
ACM Transactions on Recommender Systems	3	1	3	0	0
ACM Transactions on Reconfigurable Technology and Systems	1	1	1	0	0
ACM Transactions on Social Computing	1	1	1	0	0
ACM Transactions on the Web	1	1	1	0	0
ACS Agricultural Science &amp; Technology	1	1	1	0	0
ACS Applied Bio Materials	1	1	1	0	0
ACS Applied Engineering Materials	1	1	1	0	0
ACS Applied Optical Materials	1	1	1	0	0
ACS Biomaterials Science & Engineering	1	1	1	0	0
ACS Chemical Health &amp; Safety	1	1	1	0	0
ACS Chemical Neuroscience	3	1	3	0	0
ACS ES&T Engineering	1	1	1	0	0
ACS ES&T Water	1	1	1	0	0
ACS Engineering Au	1	1	1	0	0
ACS Food Science & Technology	1	1	1	0	0
ACS Food Science &amp; Technology	1	1	1	0	0
ACS Nanoscience Au	1	1	1	0	0
ACS Pharmacology &amp; Translational Science	1	1	1	0	0
ACS Physical Chemistry Au	1	1	1	0	0
ACS Symposium Series,Dynamic Flavor: Capturing Aroma Using Real-Time Mass Spectrometry	1	1	1	0	0
ACS Symposium Series,Machine Learning in Materials Informatics: Methods and Applications	1	1	1	0	0
ACS Symposium Series,Teaching Programming across the Chemistry Curriculum	1	1	1	0	0
ADBIS, TPDL and EDA 2020 Common Workshops and Doctoral Consortium,Communications in Computer and Information Science	2	1	1	0	0
AEM Education and Training	2	1	1	0	0
AEU - International Journal of Electronics and Communications	1	1	1	0	0
AI Chemistry	1	1	1	0	0
AI Communications	2	1	1	0	0
AI Perspectives	2	1	1	0	0
AI for Science	1	1	1	0	0
AI in Civil Engineering	2	1	1	0	0
AI in Disease Detection	1	1	1	0	0
AIAA Aviation 2019 Forum	2	1	1	0	0
AIAS 2024	1	1	1	0	0
AIDS Care	2	1	1	0	0
AIMS Geosciences	1	1	1	0	0
AIP Conference Proceedings,2024 2ND INTERNATIONAL CONFERENCE ON COMPUTER SCIENCE AND MECHATRONICS (ICCSM 2024)	1	1	1	0	0
AIP Conference Proceedings,2ND INTERNATIONAL CONFERENCE ON ADVANCED EARTH SCIENCE AND FOUNDATION ENGINEERING (ICASF 2023): Advanced Earth Science and Foundation Engineering	1	1	1	0	0
AIP Conference Proceedings,4TH INTERNATIONAL CONFERENCE ON ROBOTICS, INTELLIGENT AUTOMATION AND CONTROL TECHNOLOGIES (RIACT2023)	1	1	1	0	0
AIP Conference Proceedings,5TH INTERNATIONAL CONFERENCE ON MATHEMATICAL SCIENCES (ICMS5)	1	1	1	0	0
AIP Conference Proceedings,AL-KADHUM 2ND INTERNATIONAL CONFERENCE ON MODERN APPLICATIONS OF INFORMATION AND COMMUNICATION TECHNOLOGY	1	1	1	0	0
AIP Conference Proceedings,II INTERNATIONAL SCIENTIFIC AND PRACTICAL SYMPOSIUM “MATERIALS SCIENCE AND TECHNOLOGY” (MST-II-2022)	1	1	1	0	0
AIP Conference Proceedings,INTERNATIONAL CONFERENCE ON ELECTRONICS, ENGINEERING PHYSICS, AND EARTH SCIENCE	1	1	1	0	0
AIP Conference Proceedings,INTERNATIONAL CONFERENCE ON ENGINEERING AND COMPUTER SCIENCE (ICECS) 2022: The Use of Innovative Technology in Accelerating Problems Sustainable Development	1	1	1	0	0
AIP Conference Proceedings,INTERNATIONAL CONFERENCE ON NEWER ENGINEERING CONCEPTS AND TECHNOLOGY: ICONNECT-2024	1	1	1	0	0
AIP Conference Proceedings,MACHINE LEARNING AND INFORMATION PROCESSING: PROCEEDINGS OF ICMLIP 2023	1	1	1	0	0
AIP Conference Proceedings,MULTIMEDIA UNIVERSITY ENGINEERING CONFERENCE 2023 (MECON2023)	1	1	1	0	0
AIP Conference Proceedings,PROCEEDINGS OF THE 10TH INTERNATIONAL CONFERENCE ON SUSTAINABLE ENERGY ENGINEERING AND APPLICATION 2022 (ICSEEA2022)	1	1	1	0	0
AIP Conference Proceedings,PROCEEDINGS OF THE 21ST SOUTH-EAST ASIAN CONGRESS OF MEDICAL PHYSICS (SEACOMP) AND 6TH ANNUAL SCIENTIFIC MEETING ON MEDICAL PHYSICS AND BIOPHYSICS (PIT-FMB): Medical Physics for Sustainable Healthcare	1	1	1	0	0
AIP Conference Proceedings,PROCEEDINGS OF THE IV INTERNATIONAL CONFERENCE ON ADVANCES IN SCIENCE, ENGINEERING, AND DIGITAL EDUCATION: ASEDU-IV 2024	1	1	1	0	0
AIP Conference Proceedings,THE 6TH INTERNATIONAL CONFERENCE OF ICE-ELINVO 2023: Digital Solutions for Sustainable and Green Development	1	1	1	0	0
AIRO Springer Series,Beyond Frontiers of Operations Research: Emerging Technologies and Innovative Optimization Paradigms	1	1	1	0	0
AIxIA 2021 – Advances in Artificial Intelligence,Lecture Notes in Computer Science	2	1	1	0	0
AIxIA 2022 – Advances in Artificial Intelligence,Lecture Notes in Computer Science	1	1	1	0	0
AJPM Focus	2	1	1	0	0
AMB Express	1	1	1	0	0
APL Electronic Devices	1	1	1	0	0
APL Energy	1	1	1	0	0
APL Quantum	1	1	1	0	0
APMIS	1	1	1	0	0
ARENA2036,Advances in Automotive Production Technology – Digital Product Development and Manufacturing	1	1	1	0	0
ASAIO Journal	1	1	1	0	0
ASCEND 2020	2	1	1	0	0
ASCEND 2022	2	1	1	0	0
ASTIN Bulletin	2	1	1	0	0
ATS Scholar	1	1	1	0	0
AUC GEOGRAPHICA	1	1	1	0	0
AVS Quantum Science	1	1	1	0	0
Abacus	1	1	1	0	0
Abant Sosyal Bilimler Dergisi	1	1	1	0	0
Academia Biology	1	1	1	0	0
Academia Medicine	1	1	1	0	0
Academia Quantum	2	1	2	0	0
Academic Pathology	1	1	1	0	0
Academy of Management Annals	1	1	1	0	0
Academy of Management Journal	1	1	1	0	0
Accelerator Programming Using Directives,Lecture Notes in Computer Science	2	1	1	2	1
Accountability in Research	1	1	1	0	0
Accounting &amp; Finance	1	1	1	0	0
Accounting Forum	1	1	1	0	0
Accounting and Business Research	1	1	1	0	0
Acoustical Science and Technology	1	1	1	0	0
Acque Sotterranee - Italian Journal of Groundwater	1	1	1	0	0
Acta Agriculturae Scandinavica, Section A — Animal Science	1	1	1	0	0
Acta Agriculturae Scandinavica, Section B — Soil &amp; Plant Science	2	1	1	0	0
Acta Agronómica	1	1	1	0	0
Acta Amazonica	3	1	2	0	0
Acta Anaesthesiologica Belgica	1	1	1	0	0
Acta Applicandae Mathematicae	1	1	1	0	0
Acta Biochimica et Biophysica Sinica	1	1	1	0	0
Acta Biologica Slovenica	1	1	1	0	0
Acta Biotheoretica	1	1	1	0	0
Acta Botanica Brasilica	2	1	1	0	0
Acta Botanica Hungarica	1	1	1	0	0
Acta Botanica Mexicana	2	1	1	0	0
Acta Cytologica	2	1	1	0	0
Acta Diabetologica	1	1	1	0	0
Acta Geodaetica et Geophysica	2	1	2	0	0
Acta Histochemica	2	1	1	0	0
Acta Linguistica Academica	2	1	1	0	0
Acta Mechanica Solida Sinica	1	1	1	0	0
Acta Microbiologica Hellenica	1	1	1	0	0
Acta Musei Beskidensis	1	1	1	0	0
Acta Neurochirurgica	2	1	1	0	0
Acta Neurologica Scandinavica	2	1	1	0	0
Acta Oceanologica Sinica	2	1	1	0	0
Acta Oncologica	2	1	1	0	0
Acta Optica Sinica	1	1	1	0	0
Acta Ornithologica	1	1	1	0	0
Acta Oto-Laryngologica	1	1	1	0	0
Acta Paediatrica	4	1	3	0	0
Acta Palaeontologica Polonica	1	1	1	0	0
Acta Physica Polonica A	1	1	1	0	0
Acta Physiologiae Plantarum	1	1	1	0	0
Acta Politica	1	1	1	0	0
Acta Silvatica et Lignaria Hungarica	1	1	1	0	0
Acta Sociológica	1	1	1	0	0
Acta Universitatis Sapientiae, Economics and Business	2	1	1	0	0
Acta botanica Croatica	1	1	1	0	0
Acta hydrotechnica	1	1	1	0	0
Active Colloids	1	1	1	0	0
Actuators	1	1	1	0	0
Adaptive AI in Sensor Informatics	1	1	1	0	0
Adaptive Optics and Wavefront Control for Biological Systems VI	1	1	1	0	0
Addiction Neuroscience	1	1	1	0	0
Addiction Research &amp; Theory	2	1	1	0	0
Additive Manufacturing Letters	2	1	1	0	0
Additive and Advanced Manufacturing, Inverse Problem Methodologies and Machine Learning and Data Science, Volume 4,Conference Proceedings of the Society for Experimental Mechanics Series	1	1	1	0	0
Adjunct Proceedings of the 25th ACM International Conference on Intelligent Virtual Agents	1	1	1	0	0
Adjunct Proceedings of the 31st ACM Conference on User Modeling, Adaptation and Personalization	1	1	1	0	0
Adjunct Proceedings of the 32nd ACM Conference on User Modeling, Adaptation and Personalization	1	1	1	0	0
Adjunct Proceedings of the 34th Annual ACM Symposium on User Interface Software and Technology	1	1	1	0	0
Adjunct Proceedings of the 34th Conference on l'Interaction Humain-Machine	1	1	1	0	0
Adjunct Proceedings of the 36th Annual ACM Symposium on User Interface Software and Technology	1	1	1	0	0
Adjunct Publication of the 23rd International Conference on Mobile Human-Computer Interaction	2	1	1	0	0
Adjunct Publication of the 25th Conference on User Modeling, Adaptation and Personalization	2	1	1	0	0
Adjunct Publication of the 28th ACM Conference on User Modeling, Adaptation and Personalization	2	1	1	0	0
Administration &amp; Society	1	1	1	0	0
Administrative Sciences	2	1	1	0	0
Adolescent Research Review	2	1	1	0	0
Advanced Aircraft Flight Performance	1	1	1	0	0
Advanced Analytics and Learning on Temporal Data,Lecture Notes in Computer Science	1	1	1	0	0
Advanced Biology	1	1	1	0	0
Advanced Biomedical Engineering	1	1	1	0	0
Advanced Biomedical and Clinical Diagnostic and Surgical Guidance Systems XXI	1	1	1	0	0
Advanced Composite Materials	2	1	1	0	0
Advanced Computational Intelligence in Healthcare-7,Studies in Computational Intelligence	2	1	1	0	0
Advanced Concepts for Intelligent Vision Systems,Lecture Notes in Computer Science	2	1	1	0	0
Advanced Data Mining and Applications,Lecture Notes in Computer Science	2	1	1	0	0
Advanced Exercise and Health Science	1	1	1	0	0
Advanced Information Networking and Applications,Advances in Intelligent Systems and Computing	2	1	1	0	0
Advanced Intelligent Discovery	1	1	1	0	0
Advanced Machine Learning for Cyber-Attack Detection in IoT Networks	1	1	1	0	0
Advanced Manufacturing: Polymer &amp; Composites Science	1	1	1	0	0
Advanced Materials Research	1	1	1	0	0
Advanced NanoBiomed Research	2	1	1	0	0
Advanced Optical Technologies	2	1	1	0	0
Advanced Photonics Nexus	1	1	1	0	0
Advanced Photonics Research	1	1	1	0	0
Advanced Sciences and Technologies for Security Applications,Cyber-Security in Critical Infrastructures	2	1	1	0	0
Advanced Statistical Methods in Process Monitoring, Finance, and Environmental Science	1	1	1	0	0
Advanced Synthesis &amp; Catalysis	1	1	1	0	0
Advanced Technology for Smart Environment and Energy,Environmental Science and Engineering	1	1	1	0	0
Advanced Therapeutics	1	1	1	0	0
Advances In Robotics - 6th International Conference of The Robotics Society	1	1	1	0	0
Advances in (Im)politeness Studies,Exploring Korean Politeness Across Online and Offline Interactions	1	1	1	0	0
Advances in Agronomy	1	1	1	0	0
Advances in Ancient Greek Linguistics	1	1	1	0	0
Advances in Applied Mechanics,Error Control, Adaptive Discretizations, and Applications, Part 1	1	1	1	0	0
Advances in Applied Mechanics,Error Control, Adaptive Discretizations, and Applications, Part 2	1	1	1	0	0
Advances in Applied Probability	1	1	1	0	0
Advances in Archaeomaterials	1	1	1	0	0
Advances in Artificial Intelligence – IBERAMIA 2022,Lecture Notes in Computer Science	1	1	1	0	0
Advances in Astronomy	2	1	1	0	0
Advances in Biomarker Sciences and Technology	1	1	1	0	0
Advances in Biomedical Sciences, Engineering and Technology (ABSET) Conference	1	1	1	0	0
Advances in Bioscience and Biotechnology	1	1	1	0	0
Advances in Bridge Engineering	2	1	1	0	0
Advances in Business Information Systems and Analytics,Data Visualization Tools for Business Applications	1	1	1	0	0
Advances in Business Statistics, Methods and Data Collection	1	1	1	0	0
Advances in Business Strategy and Competitive Advantage,Unveiling Investor Biases That Shape Market Dynamics	1	1	1	0	0
Advances in Cancer Research,Cutting Edge Artificial Intelligence, Spatial Transcriptomics and Proteomics Approaches to Analyze Cancer	1	1	1	0	0
Advances in Cartography and GIScience,Lecture Notes in Geoinformation and Cartography	2	1	1	1	0.5
Advances in Chronic Kidney Disease	2	1	1	0	0
Advances in Civil and Industrial Engineering,Intelligent Engineering Applications and Applied Sciences for Sustainability	1	1	1	0	0
Advances in Climate Change Research	1	1	1	0	0
Advances in Clinical Chemistry	1	1	1	0	0
Advances in Cognitive Science and Communications,Cognitive Science and Technology	1	1	1	0	0
Advances in Complex Systems	1	1	1	0	0
Advances in Computational Intelligence and Robotics,AI Developments for Industrial Robotics and Intelligent Drones	1	1	1	0	0
Advances in Construction and Demolition Waste Recycling	1	1	1	0	0
Advances in Continuous and Discrete Models	2	1	1	0	0
Advances in Cyber-Physical Systems	1	1	1	0	0
Advances in Data Mining and Database Management,Applied Big Data Analytics and Its Role in COVID-19 Research	2	1	1	0	0
Advances in Data Mining and Database Management,New Opportunities for Sentiment Analysis and Information Processing	2	1	1	0	0
Advances in Data Science and Adaptive Analysis	2	1	1	0	0
Advances in Data and Information Sciences,Lecture Notes in Networks and Systems	1	1	1	0	0
Advances in Digital Marketing and eCommerce,Springer Proceedings in Business and Economics	2	1	1	0	0
Advances in Educational Technologies and Instructional Design,Impacts of AI on Students and Teachers in Education 5.0	1	1	1	0	0
Advances in Electronic Government, Digital Divide, and Regional Development,Citizen-Centric Artificial Intelligence for Smart Cities	1	1	1	0	0
Advances in Electronic Government, Digital Divide, and Regional Development,Recent Advances and Prospects in Urban E-Planning	1	1	1	0	0
Advances in Experimental Medicine and Biology,GeNeDis 2022	1	1	1	0	0
Advances in Experimental Medicine and Biology,Single-cell Sequencing and Methylation	2	1	1	0	0
Advances in Genomics	1	1	1	0	0
Advances in Geophysics, Tectonics and Petroleum Geosciences,Advances in Science, Technology &amp; Innovation	2	1	1	0	0
Advances in Healthcare Information Systems and Administration,Handbook of Research on Quality and Competitiveness in the Healthcare Services Sector	1	1	1	0	0
Advances in High Performance Computing,Studies in Computational Intelligence	2	1	1	0	0
Advances in Hydroinformatics,Springer Water	4	1	2	0	0
Advances in Industrial and Manufacturing Engineering	2	1	1	0	0
Advances in Infectious Diseases	1	1	1	0	0
Advances in Informatics and Computing in Civil and Construction Engineering	2	1	1	0	0
Advances in Information Quality and Management,Encyclopedia of Information Science and Technology, Sixth Edition	1	1	1	0	0
Advances in Information and Communication Technology,Lecture Notes in Networks and Systems	1	1	1	0	0
Advances in Insect Physiology,Environmental Threats to Pollinator Health and Fitness	1	1	1	0	0
Advances in Intelligent Data Analysis XXI,Lecture Notes in Computer Science	1	1	1	0	0
Advances in Intelligent Information Hiding and Multimedia Signal Processing,Smart Innovation, Systems and Technologies	2	1	1	0	0
Advances in Intelligent Manufacturing and Robotics,Lecture Notes in Networks and Systems	1	1	1	0	0
Advances in Intelligent Networking and Collaborative Systems,Lecture Notes in Networks and Systems	2	1	1	0	0
Advances in Intelligent Networking and Collaborative Systems,Lecture Notes on Data Engineering and Communications Technologies	1	1	1	0	0
Advances in Intelligent Systems and Computing,15th International Conference on Soft Computing Models in Industrial and Environmental Applications (SOCO 2020)	2	1	1	0	0
Advances in Intelligent Systems and Computing,Advances in Artificial Intelligence	2	1	1	0	0
Advances in Intelligent Systems and Computing,Advances in Computational Intelligence Systems	2	1	1	0	0
Advances in Intelligent Systems and Computing,Advances in Computer Vision	2	1	1	0	0
Advances in Intelligent Systems and Computing,Advances in Emerging Trends and Technologies	2	1	1	0	0
Advances in Intelligent Systems and Computing,Computational Intelligence Methods for Green Technology and Sustainable Development	2	1	1	0	0
Advances in Intelligent Systems and Computing,Innovations and Developments of Technologies in Medicine, Biology and Healthcare	2	1	1	0	0
Advances in Intelligent Systems and Computing,Intelligent Systems and Applications	2	1	1	0	0
Advances in Intelligent Systems and Computing,International Conference on Signal, Machines, Automation, and Algorithm	1	1	1	0	0
Advances in Intelligent Systems and Computing,New Trends in Disruptive Technologies, Tech Ethics, and Artificial Intelligence	1	1	1	0	0
Advances in Intelligent Systems and Computing,Soft Computing for Problem Solving	2	1	1	0	0
Advances in Intelligent Systems and Computing,The 11th International Conference on EUropean Transnational Educational (ICEUTE 2020)	2	1	1	0	0
Advances in Intelligent Systems and Computing,The 8th International Conference on Computer Engineering and Networks (CENet2018)	2	1	1	0	0
Advances in Intelligent Systems and Computing,Trends and Applications in Information Systems and Technologies	2	1	1	0	0
Advances in Life Course Research	1	1	1	0	0
Advances in Mechanical Engineering	1	1	1	0	0
Advances in Mechanics and Mathematics,Finite Element Approximation of Contact and Friction in Elasticity	2	1	2	0	0
Advances in Medical Sciences	1	1	1	0	0
Advances in Medical Technologies and Clinical Practice,Intelligent Systems and IoT Applications in Clinical Health	1	1	1	0	0
Advances in Meteorology	2	1	1	0	0
Advances in Multimedia	2	1	1	0	0
Advances in Neonatal Care	1	1	1	0	0
Advances in Neurodevelopmental Disorders	1	1	1	0	0
Advances in Nutrition	2	1	1	0	0
Advances in Optics and Photonics	2	1	1	2	1
Advances in Parallel &amp; Distributed Processing, and Applications,Transactions on Computational Science and Computational Intelligence	2	1	1	0	0
Advances in Physics: X	1	1	1	0	0
Advances in Protein Chemistry and Structural Biology,Protein Interaction Networks	2	1	1	0	0
Advances in Psychological Science	2	1	1	0	0
Advances in Radiation Oncology	1	1	1	0	0
Advances in Remote Sensing	1	1	1	0	0
Advances in Remote Sensing Technology and the Three Poles	1	1	1	0	0
Advances in Respiratory Medicine	1	1	1	0	0
Advances in Robotics - 5th International Conference of The Robotics Society	2	1	1	0	0
Advances in Science and Technology Research Journal	1	1	1	0	0
Advances in Sign Language Corpus Linguistics,Studies in Corpus Linguistics	1	1	1	0	0
Advances in Smart Communication Technology and Information Processing,Lecture Notes in Networks and Systems	2	1	1	0	0
Advances in Social Science, Education and Humanities Research,Proceedings of the International Conference on Advance Research in Social and Economic Science (ICARSE 2022)	1	1	1	0	0
Advances in Speech and Music Technology,Signals and Communication Technology	1	1	1	0	0
Advances in Sustainability Science and Technology,Smart and Sustainable Technology for Resilient Cities and Communities	2	1	1	0	0
Advances in Systems Analysis, Software Engineering, and High Performance Computing,Practical Applications of Data Processing, Algorithms, and Modeling	1	1	1	0	0
Advances in Unmanned Aerial Vehicles - Technology and Applications - Big Issues Solved with Drone Technology	1	1	1	0	0
Advances in Virology	1	1	1	0	0
Advances in Volcanology,Modern Volcano Monitoring	1	1	1	0	0
Advances in Web Technologies and Engineering,Perspectives on Social Welfare Applications’ Optimization and Enhanced Computer Applications	1	1	1	0	0
Advances in Wound Care	2	1	1	0	0
Advances on Intelligent Computing and Data Science,Lecture Notes on Data Engineering and Communications Technologies	1	1	1	0	0
Adversarial Machine Learning	1	1	1	0	0
Adversity and Resilience Science	1	1	1	0	0
Aerosol Research	1	1	1	0	0
Aesthetic Plastic Surgery	1	1	1	0	0
Aesthetic Surgery Journal	1	1	1	0	0
Aesthetic Surgery Journal Open Forum	1	1	1	0	0
Afet ve Risk Dergisi	2	1	1	0	0
African Geographical Review	1	1	1	0	0
African Journal of AIDS Research	1	1	1	0	0
African Journal of Agricultural Research	1	1	1	0	0
African Journal of Primary Health Care & Family Medicine	1	1	1	0	0
African Journal of Primary Health Care &amp; Family Medicine	1	1	1	0	0
African Journal of Psychological Assessment	1	1	1	0	0
African Journal of Range & Forage Science	2	1	2	0	0
African Journal of Wildlife Research	2	1	1	0	0
Ageing Research Reviews	1	1	1	0	0
Aging & Mental Health	1	1	1	1	1
Aging Research	1	1	1	0	0
Aging and disease	1	1	1	0	0
Agribusiness	1	1	1	0	0
Agricultural & Environmental Letters	1	1	1	0	0
Agricultural &amp; Environmental Letters	3	1	3	0	0
Agricultural Information Research	1	1	1	0	0
Agricultural Science and Practice	1	1	1	0	0
Agricultural Science and Technology	1	1	1	0	0
Agricultural and Resource Economics Review	1	1	1	0	0
Agriculture Automation and Control,Fundamentals of Agricultural and Field Robotics	2	1	1	0	0
Agriculture Communications	1	1	1	0	0
Agrociencia Uruguay	1	1	1	0	0
Agronomía Colombiana	1	1	1	0	0
Agrosystems, Geosciences & Environment	2	1	2	0	0
Agulhas Plateau Cretaceous Climate,Proceedings of the International Ocean Discovery Program	1	1	1	0	0
Air Medical Journal	1	1	1	0	0
Al-Kufa University Journal for Biology	1	1	1	0	0
AlfaPublicaciones	1	1	1	0	0
Algorithmic Aspects of Cloud Computing,Lecture Notes in Computer Science	2	1	1	0	0
Algorithms for Intelligent Systems,Proceedings of 2nd International Conference on Artificial Intelligence: Advances and Applications	2	1	1	0	0
Algorithms for Intelligent Systems,Proceedings of 3rd International Conference on Artificial Intelligence: Advances and Applications	1	1	1	0	0
Algorithms for Intelligent Systems,Proceedings of International Conference on Innovations in Information and Communication Technologies	2	1	1	0	0
Algorithms for Intelligent Systems,Proceedings of World Conference on Artificial Intelligence: Advances and Applications	1	1	1	0	0
Algorithms for Intelligent Systems,Proceedings of the Third International Conference on Computing, Communication, Security and Intelligent Systems	1	1	1	0	0
Algorithms for Intelligent Systems,Smart Data Intelligence	2	1	1	0	0
All Earth	1	1	1	0	0
Allergology International	1	1	1	0	0
Alphanumeric Journal	1	1	1	0	0
Alsic	1	1	1	0	0
Alternatives to Laboratory Animals	1	1	1	0	0
Alzheimer Disease &amp; Associated Disorders	1	1	1	0	0
Alzheimer's & Dementia	1	1	1	0	0
Alzheimer's & Dementia: Diagnosis, Assessment & Disease Monitoring	1	1	1	0	0
Alzheimer's &amp; Dementia: Translational Research &amp; Clinical Interventions	2	1	1	0	0
American Antiquity	2	1	1	0	0
American Business Review	1	1	1	0	0
American Economic Review	1	1	1	0	0
American Educational Research Journal	1	1	1	0	0
American Heart Journal	3	1	2	0	0
American Journal of Agricultural Economics	1	1	1	0	0
American Journal of Climate Change	1	1	1	0	0
American Journal of Gastroenterology	2	1	1	0	0
American Journal of Health-System Pharmacy	1	1	1	0	0
American Journal of Hematology	2	1	1	0	0
American Journal of Infection Control	2	1	2	0	0
American Journal of Medical Genetics Part A	2	1	2	0	0
American Journal of Medical Genetics Part B: Neuropsychiatric Genetics	1	1	1	0	0
American Journal of Medical Genetics Part C: Seminars in Medical Genetics	2	1	1	0	0
American Journal of Nephrology	1	1	1	0	0
American Journal of Obstetrics &amp; Gynecology MFM	1	1	1	0	0
American Journal of Physical Medicine &amp; Rehabilitation	1	1	1	0	0
American Journal of Physics	1	1	1	0	0
American Journal of Physiology-Regulatory, Integrative and Comparative Physiology	2	1	1	0	0
American Journal of Plant Sciences	1	1	1	0	0
American Journal of Preventive Cardiology	1	1	1	0	0
American Journal of Preventive Medicine	1	1	1	0	0
American Journal of Public Health	2	1	1	0	0
American Journal of Qualitative Research	1	1	1	0	0
American Journal of Science	1	1	1	0	0
American Journal of Surgical Pathology	2	1	1	0	0
American Journal of Veterinary Research	2	1	1	0	0
American Malacological Bulletin	1	1	1	0	0
American Mineralogist	1	1	1	0	0
American Mineralogist: Journal of Earth and Planetary Materials	1	1	1	1	1
American Speech: A Quarterly of Linguistic Usage	1	1	1	0	0
Amphibian Species in Environmental Risk Assessment Strategies	1	1	1	0	0
Amyloid	2	1	1	0	0
An Introduction to Audio Content Analysis	2	1	1	0	0
An Introduction to Data Analysis in R,Use R!	2	1	1	0	0
Anaesthesia Critical Care &amp; Pain Medicine	1	1	1	0	0
Anaesthesia and Intensive Care	3	1	2	0	0
Anais Estendidos do XX Simpósio Brasileiro de Sistemas de Informação (SBSI 2024)	1	1	1	0	0
Anais Estendidos do XXIV Simpósio Brasileiro de Computação Aplicada à Saúde (SBCAS 2024)	1	1	1	0	0
Anais Estendidos do XXIV Simpósio em Sistemas Computacionais de Alto Desempenho (SSCAD Estendido 2023)	1	1	1	0	0
Anais Estendidos do XXXIX Simpósio Brasileiro de Banco de Dados (SBBD Estendido 2024)	1	1	1	0	0
Anais da XX Escola Regional de Banco de Dados (ERBD 2025)	1	1	1	0	0
Anais da XXIV Escola Regional de Computação Bahia, Alagoas e Sergipe (ERBASE 2024)	1	1	1	0	0
Anais do IX Simpósio Brasileiro de Testes de Software Sistemático e Automatizado (SAST 2024)	1	1	1	0	0
Anais do LI Seminário Integrado de Software e Hardware (SEMISH 2024)	1	1	1	0	0
Anais do LII Seminário Integrado de Software e Hardware (SEMISH 2025)	1	1	1	0	0
Anais do VII Dataset Showcase Workshop (DSW 2025)	1	1	1	0	0
Anais do VIII Workshop de Computação Urbana (CoUrb 2024)	1	1	1	0	0
Anais do XIII Symposium on Knowledge Discovery, Mining and Learning (KDMiLe 2025)	1	1	1	0	0
Anais do XIV Brazilian Workshop on Social Network Analysis and Mining (BraSNAM 2025)	2	1	2	0	0
Anais do XIV Workshop-Escola de Sistemas de Agentes, seus Ambientes e Aplicações (WESAAC 2020)	1	1	1	0	0
Anais do XV Workshop de Computação Aplicada à Gestão do Meio Ambiente e Recursos Naturais (WCAMA 2024)	1	1	1	0	0
Anais do XVI Simpósio Brasileiro de Tecnologia da Informação e da Linguagem Humana (STIL 2025)	2	1	2	0	0
Anais do XVII Encontro Unificado de Computação do Piauí (ENUCOMPI 2025)	1	1	1	0	0
Analysis &amp; Sensing	1	1	1	0	0
Analysis and Application of Natural Language and Speech Processing,Signals and Communication Technology	1	1	1	0	0
Analysis and Applications	2	1	1	0	0
Analysis and Mathematical Physics	2	1	1	0	0
Analytical Biochemistry	1	1	1	0	0
Analytics Enabled Decision Making	1	1	1	0	0
Anatolian Journal of Medicine	1	1	1	0	0
Anatomia, Histologia, Embryologia	1	1	1	0	0
Anatomical Science International	1	1	1	0	0
Andrology	1	1	1	0	0
Anesthesia: Essays and Researches	2	1	1	0	0
Angiogenesis	1	1	1	0	0
Anglophonia	1	1	1	0	0
Animal - Open Space	1	1	1	0	0
Animal - Science proceedings	1	1	1	0	0
Animal Biodiversity and Conservation	2	1	1	0	0
Animal Bioscience	1	1	1	0	0
Animal Biotechnology	1	1	1	0	0
Animal Husbandry and Fodder Production	1	1	1	0	0
Animal Models in Medicine and Biology [Working Title]	1	1	1	0	0
Animal Reproduction Science	1	1	1	0	0
Animal Research and One Health	1	1	1	0	0
Ankara Universitesi Eczacilik Fakultesi Dergisi	1	1	1	0	0
Ankara Üniversitesi Beden Eğitimi ve Spor Yüksekokulu SPORMETRE Beden Eğitimi ve Spor Bilimleri Dergisi	1	1	1	0	0
Ankara Üniversitesi Türk İnkılap Tarihi Enstitüsü Atatürk Yolu Dergisi	2	1	1	0	0
Annalen der Physik	1	1	1	0	0
Annales Geophysicae	3	1	2	0	0
Annales Médico-psychologiques, revue psychiatrique	1	1	1	0	0
Annales Zoologici Fennici	1	1	1	0	0
Annales de la Société entomologique de France (N.S.)	1	1	1	0	0
Annali di Matematica Pura ed Applicata (1923 -)	2	1	1	0	0
Annals of Clinical Cardiology	1	1	1	0	0
Annals of Computer Science and Information Systems,Proceedings of the 17th Conference on Computer Science and Intelligence Systems	1	1	1	0	0
Annals of GIS	1	1	1	0	0
Annals of General Psychiatry	1	1	1	0	0
Annals of Hepatology	1	1	1	0	0
Annals of Human Genetics	1	1	1	0	0
Annals of Internal Medicine	1	1	1	0	0
Annals of LGBTQ Public and Population Health	2	1	1	0	0
Annals of Medicine	1	1	1	0	0
Annals of Medicine &amp; Surgery	1	1	1	0	0
Annals of Medicine and Surgery	1	1	1	0	0
Annals of Noninvasive Electrocardiology	1	1	1	0	0
Annals of Nuclear Medicine	1	1	1	0	0
Annals of Nutrition and Metabolism	2	1	2	0	0
Annals of Oncology	3	1	2	0	0
Annals of Otology, Rhinology & Laryngology	1	1	1	0	0
Annals of Otology, Rhinology &amp; Laryngology	1	1	1	0	0
Annals of Physical and Rehabilitation Medicine	1	1	1	0	0
Annals of Plastic Surgery	3	1	2	0	0
Annals of Surgery Open	2	1	1	0	0
Annals of Telecommunications	2	1	1	0	0
Annals of WULS, Forestry and Wood Technology	1	1	1	0	0
Annals of Work Exposures and Health	7	1	5	0	0
Annals of the Academy of Medicine, Singapore	1	1	1	0	0
Annals of the Child Neurology Society	1	1	1	0	0
Annals of the Entomological Society of America	4	1	3	0	0
Annals of the Institute of Statistical Mathematics	1	1	1	0	0
Annual Computer Security Applications Conference	2	1	1	0	0
Annual Conference of the PHM Society	1	1	1	0	0
Annual Reports in Medicinal Chemistry,Machine Learning in Drug Development: Part 2	1	1	1	0	0
Annual Review of Biophysics	1	1	1	0	0
Annual Review of Chemical and Biomolecular Engineering	2	1	1	0	0
Annual Review of Control, Robotics, and Autonomous Systems	2	1	1	0	0
Annual Review of Earth and Planetary Sciences	1	1	1	0	0
Annual Review of Ecology, Evolution, and Systematics	2	1	1	0	0
Annual Review of Genetics	2	1	1	0	0
Annual Review of Genomics and Human Genetics	1	1	1	0	0
Annual Review of Immunology	1	1	1	0	0
Annual Review of Materials Research	1	1	1	0	0
Annual Review of Microbiology	1	1	1	0	0
Annual Review of Nuclear and Particle Science	2	1	1	0	0
Annual Review of Nutrition	2	1	1	0	0
Annual Review of Organizational Psychology and Organizational Behavior	1	1	1	0	0
Annual Review of Pharmacology and Toxicology	2	1	1	0	0
Annual Review of Physical Chemistry	3	1	2	0	0
Annual Review of Plant Biology	2	1	1	0	0
Annual Review of Sociology	1	1	1	0	0
Annual Review of Vision Science	2	1	1	0	0
Anti-Cancer Agents in Medicinal Chemistry	1	1	1	0	0
Antimicrobial Stewardship & Healthcare Epidemiology	1	1	1	0	0
Antiquity	2	1	1	0	0
Antonie van Leeuwenhoek	2	1	1	0	0
Anxiety, Stress, & Coping	1	1	1	0	0
Application of Intelligent Systems in Multi-modal Information Analytics,Advances in Intelligent Systems and Computing	2	1	1	0	0
Applications of Computational Intelligence,Communications in Computer and Information Science	2	1	1	0	0
Applications of Computational Science in Artificial Intelligence,Advances in Computational Intelligence and Robotics	2	1	1	0	0
Applications of Space Techniques on the Natural Hazards in the MENA Region	2	1	1	0	0
Applied AI Letters	2	1	1	0	0
Applied Analysis of Composite Media	4	1	2	0	0
Applied Artificial Intelligence for Drug Discovery	1	1	1	0	0
Applied Bionics and Biomechanics	1	1	1	0	0
Applied Categorical Structures	1	1	1	0	0
Applied Clay Science	1	1	1	0	0
Applied Computational Intelligence and Soft Computing	1	1	1	0	0
Applied Computer Science	1	1	1	0	0
Applied Computer Systems	1	1	1	0	0
Applied Computing and Informatics	2	1	1	0	0
Applied Computing and Intelligence	2	1	1	0	0
Applied Condition Monitoring,Advances in Technical Diagnostics II	1	1	1	0	0
Applied Decision-Making,Studies in Systems, Decision and Control	2	1	1	0	0
Applied Developmental Science	1	1	1	0	0
Applied Geophysics	1	1	1	0	0
Applied Intelligence and Informatics,Communications in Computer and Information Science	1	1	1	0	0
Applied Materials Today	1	1	1	0	0
Applied Mathematics &amp; Optimization	1	1	1	0	0
Applied Measurement in Education	1	1	1	0	0
Applied Mobilities	1	1	1	0	0
Applied Multivariate Statistical Analysis	1	1	1	0	0
Applied Nanoscience	1	1	1	0	0
Applied Neuropsychology: Child	1	1	1	0	0
Applied Organometallic Chemistry	1	1	1	0	0
Applied Physics B	2	1	1	2	1
Applied Research	1	1	1	0	0
Applied Soft Computing and Communication Networks,Lecture Notes in Networks and Systems	2	1	1	0	0
Applied Spatiotemporal Data Analytics and Machine Learning [Working Title]	1	1	1	0	0
Applied Spectroscopy Practica	1	1	1	0	0
Applied Statistical Modelling for Ecologists	1	1	1	0	0
Applied and Numerical Harmonic Analysis,Explorations in the Mathematics of Data Science	1	1	1	0	0
Applying Drone Technologies and Robotics for Agricultural Sustainability,Advances in Environmental Engineering and Green Technologies	1	1	1	0	0
Applying Particle Swarm Optimization,International Series in Operations Research & Management Science	1	1	1	0	0
Approaches to Hungarian 18,Journal of Uralic Linguistics	1	1	1	0	0
Approche diachronique des sites de hauteur	1	1	1	0	0
Apuntes de Economía y Sociedad	1	1	1	0	0
Apuntes de economía y sociedad	1	1	1	0	0
Aquaculture Economics &amp; Management	1	1	1	0	0
Aquaculture Nutrition	2	1	2	0	0
Aquatic Insects	1	1	1	0	0
Arab Gulf Journal of Scientific Research	1	1	1	0	0
Arab Journal of Basic and Applied Sciences	2	1	1	0	0
Arabian Journal of Chemistry	1	1	1	0	0
Arachnology	1	1	1	0	0
Arboriculture &amp; Urban Forestry	2	1	2	0	0
Archaeologiai Értesítő	1	1	1	0	0
Archaeology in Oceania	3	1	2	0	0
Archiv der Pharmazie	1	1	1	0	0
Archive for Rational Mechanics and Analysis	2	1	1	0	0
Archives Animal Breeding	2	1	1	2	1
Archives of Agronomy and Soil Science	1	1	1	0	0
Archives of Craniofacial Surgery	1	1	1	0	0
Archives of Disease in Childhood	1	1	1	0	0
Archives of Disease in Childhood - Fetal and Neonatal Edition	1	1	1	0	0
Archives of Endocrinology and Metabolism	2	1	1	0	0
Archives of Gerontology and Geriatrics	2	1	1	0	0
Archives of Gerontology and Geriatrics Plus	1	1	1	0	0
Archives of Insect Biochemistry and Physiology	1	1	1	0	0
Archives of Oral Biology	1	1	1	0	0
Archives of Pathology &amp; Laboratory Medicine	2	1	2	0	0
Archives of Women's Mental Health	1	1	1	0	0
Archivos Latinoamericanos de Producción Animal	1	1	1	0	0
Archivos de Bronconeumología	1	1	1	0	0
Archnet-IJAR: International Journal of Architectural Research	1	1	1	0	0
ArchéoSciences	2	1	2	0	0
Argumentation	1	1	1	0	0
Arquivos Brasileiros de Cardiologia	1	1	1	0	0
Arthroplasty Today	2	1	1	0	0
Arthroscopy, Sports Medicine, and Rehabilitation	2	1	2	0	0
Arthroscopy: The Journal of Arthroscopic & Related Surgery	1	1	1	0	0
Artificial Intelligence Methods for Optimization of the Software Testing Process	2	1	1	0	0
Artificial Intelligence Research,Communications in Computer and Information Science	2	1	1	0	0
Artificial Intelligence and Fuzzy Logic System	2	1	1	0	0
Artificial Intelligence and Government	1	1	1	0	0
Artificial Intelligence and Machine Learning Powered Public Service Delivery in Estonia,Data Science, Machine Intelligence, and Law	1	1	1	0	0
Artificial Intelligence and Machine Learning in Sports Science	1	1	1	0	0
Artificial Intelligence and Multimodal Signal Processing in Human-Machine Interaction	1	1	1	0	0
Artificial Intelligence and Smart Environment,Lecture Notes in Networks and Systems	1	1	1	0	0
Artificial Intelligence for Engineering Design, Analysis and Manufacturing	1	1	1	0	0
Artificial Intelligence for Engineers	15	1	15	0	0
Artificial Intelligence in Drug Design,Methods in Molecular Biology	2	1	1	0	0
Artificial Intelligence in Education. Posters and Late Breaking Results, Workshops and Tutorials, Industry and Innovation Tracks, Practitioners’ and Doctoral Consortium,Lecture Notes in Computer Science	2	1	1	0	0
Artificial Intelligence in Manufacturing	1	1	1	0	0
Artificial Intelligence in Medicine: Knowledge Representation and Transparent and Explainable Systems,Lecture Notes in Computer Science	2	1	1	0	0
Artificial Intelligence in Neuroscience: Affective Analysis and Health Applications,Lecture Notes in Computer Science	2	1	1	0	0
Artificial Intelligence in Performance‐Driven Design	1	1	1	0	0
Artificial Intelligence to Solve Pervasive Internet of Things Issues	2	1	1	0	0
Artificial Intelligence, Soft Computing and Applications	1	1	1	0	0
Artificial Intelligence,Deep Learning - Recent Findings and Research	1	1	1	0	0
Artificial Intelligence-Enhanced Software and Systems Engineering,Boosting Software Development Using Machine Learning	1	1	1	0	0
Artificial Intelligence: Foundations, Theory, and Algorithms,Foundation Models for Natural Language Processing	1	1	1	0	0
Artificial Intelligence: Theory and Applications,Lecture Notes in Networks and Systems	1	1	1	0	0
Artificial Intelligence‐Enabled Blockchain Technology and Digital Twin for Smart Hospitals	1	1	1	0	0
Artificial Neural Networks and Machine Learning – ICANN 2018,Lecture Notes in Computer Science	2	1	1	0	0
Artificial Neural Networks and Machine Learning – ICANN 2019: Text and Time Series,Lecture Notes in Computer Science	2	1	1	0	0
Artnodes	2	1	1	0	0
Asia Communications and Photonics Conference/International Conference on Information Photonics and Optical Communications 2020 (ACP/IPOC)	2	1	1	0	0
Asia Pacific Business Review	1	1	1	0	0
Asia Pacific Education Review	2	1	1	0	0
Asia Pacific Journal of Education	1	1	1	0	0
Asia-Pacific Journal of Accounting &amp; Economics	1	1	1	0	0
Asia-Pacific Language Variation	1	1	1	0	0
Asia-Pacific Review	1	1	1	0	0
Asia-Pacific Science Education	1	1	1	0	0
Asian Journal for Mathematics Education	1	1	1	0	0
Asian Journal of Political Science	2	1	1	0	0
Asian Journal of Sport and Exercise Psychology	2	1	1	0	0
Asian Languages and Linguistics	1	1	1	0	0
Asian Politics &amp; Policy	1	1	1	0	0
Asian Spine Journal	2	1	1	0	0
Asian Survey	1	1	1	0	0
Asian-Pacific Journal of Second and Foreign Language Education	1	1	1	0	0
Asian/Pacific Island Nursing Journal	1	1	1	0	0
Assessing Writing	1	1	1	0	0
Assessment & Evaluation in Higher Education	1	1	1	0	0
Assessment in Education: Principles, Policy &amp; Practice	1	1	1	0	0
Assistive Technology	2	1	1	0	0
Association for Women in Mathematics Series,Research in Computational Topology 2	2	1	1	0	0
Astronomy &amp; Geophysics	1	1	1	0	0
Astrophysics and Space Science Library,Data-Intensive Radio Astronomy	1	1	1	0	0
Astrophysics and Space Science Proceedings,A Multipolar Universe?	1	1	1	0	0
Asynchronous Many-Task Systems and Applications,Lecture Notes in Computer Science	2	1	2	1	0.5
Atlantic Economic Journal	1	1	1	0	0
Atlantis Highlights in Computer Sciences,Proceedings of the 2023 4th International Conference on Artificial Intelligence and Education (ICAIE 2023)	1	1	1	0	0
Atmospheric Environment: X	1	1	1	0	0
Atmospheric and Climate Sciences	1	1	1	0	0
Attacks and Defenses for the Internet-of-Things,Lecture Notes in Computer Science	1	1	1	0	0
Audio Mostly 2024 - Explorations in Sonic Cultures	1	1	1	0	0
AudioMostly 2022	2	1	1	0	0
Augmentative and Alternative Communication	1	1	1	0	0
Augmented Cognition,Lecture Notes in Computer Science	1	1	1	0	0
Australasian Journal of Ultrasound in Medicine	2	1	2	0	0
Australian & New Zealand Journal of Statistics	1	1	1	1	1
Australian Accounting Review	2	1	1	0	0
Australian Archaeology	2	1	1	0	0
Australian Critical Care	1	1	1	0	0
Australian Forestry	1	1	1	0	0
Australian Health Review	1	1	1	0	0
Australian Journal of Linguistics	2	1	1	0	0
Australian Journal of Psychology	1	1	1	0	0
Australian Journal of Rural Health	1	1	1	0	0
Australian Psychologist	1	1	1	0	0
Australian Review of Applied Linguistics	1	1	1	0	0
Australian Systematic Botany	1	1	1	0	0
Australian Veterinary Journal	1	1	1	0	0
Autism &amp; Developmental Language Impairments	1	1	1	0	0
Autism in Adulthood	1	1	1	0	0
Automated Deduction – CADE 28,Lecture Notes in Computer Science	2	1	1	0	0
Automated Technology for Verification and Analysis,Lecture Notes in Computer Science	2	1	1	0	0
Automatic Control and Computer Sciences	1	1	1	0	0
Automatic Documentation and Mathematical Linguistics	1	1	1	0	0
Automatika	1	1	1	0	0
Autonomic Neuroscience	1	1	1	0	0
Autonomous Agents and Multi-Agent Systems	2	1	1	0	0
Autophagy Reports	1	1	1	0	0
Avaliação: Revista da Avaliação da Educação Superior (Campinas)	2	1	1	0	0
Avian Pathology	1	1	1	0	0
Aviation Psychology and Applied Human Factors	1	1	1	0	0
Azania: Archaeological Research in Africa	1	1	1	0	0
BCP Business &amp; Management	1	1	1	0	0
BHM Berg- und Hüttenmännische Monatshefte	1	1	1	0	0
BIOCELL	1	1	1	0	0
BIOspektrum	3	1	2	0	0
BIT Numerical Mathematics	1	1	1	1	1
BJUI Compass	1	1	1	0	0
BMC Artificial Intelligence	1	1	1	0	0
BMC Cardiovascular Disorders	1	1	1	0	0
BMC Chemistry	2	1	1	0	0
BMC Emergency Medicine	2	1	1	0	0
BMC Endocrine Disorders	1	1	1	0	0
BMC Gastroenterology	2	1	1	0	0
BMC Global and Public Health	1	1	1	0	0
BMC Pharmacology and Toxicology	4	1	2	0	0
BMC Systems Biology	2	1	1	0	0
BMC Urology	1	1	1	0	0
BMC Zoology	2	1	1	0	0
BME Frontiers	1	1	1	0	0
BMJ Evidence-Based Medicine	2	1	2	0	0
BMJ Health & Care Informatics	1	1	1	0	0
BMJ Health &amp; Care Informatics	2	1	2	0	0
BMJ Medicine	1	1	1	0	0
BMJ Neurology Open	2	1	1	0	0
BMJ Open Diabetes Research & Care	1	1	1	0	0
BMJ Open Diabetes Research &amp; Care	1	1	1	0	0
BMJ Open Science	2	1	1	0	0
BMJ Open Sport &amp; Exercise Medicine	1	1	1	0	0
BMJ Public Health	3	1	3	0	0
Balkan Journal of Electrical and Computer Engineering	1	1	1	0	0
Basic & Clinical Pharmacology & Toxicology	1	1	1	0	0
Basic &amp; Clinical Pharmacology &amp; Toxicology	1	1	1	0	0
Basic Research in Cardiology	1	1	1	0	0
Basic and Applied Herpetology	1	1	1	0	0
Batteries & Supercaps	1	1	1	0	0
Behavior and Social Issues	1	1	1	0	0
Behavioral Sciences & the Law	2	1	2	0	0
Behavioral Sciences &amp; the Law	2	1	2	0	0
Behavioral Sleep Medicine	1	1	1	0	0
Behaviormetrics: Quantitative Approaches to Human Behavior,An Introduction to Clustering with R	2	1	1	0	0
Behaviormetrika	1	1	1	0	0
Behaviour & Information Technology	1	1	1	0	0
Behaviour Change	2	1	1	0	0
Behavioural Neurology	1	1	1	0	0
Behavioural Public Policy	1	1	1	0	0
Behavioural and Cognitive Psychotherapy	1	1	1	0	0
Belgeo	2	1	1	0	0
BenchCouncil Transactions on Benchmarks, Standards and Evaluations	1	1	1	0	0
Beneficial Microbes	1	1	1	0	0
Beni-Suef University Journal of Basic and Applied Sciences	1	1	1	0	0
Beyond Databases, Architectures and Structures. Paving the Road to Smart Data Processing and Analysis,Communications in Computer and Information Science	2	1	1	0	0
Beyond Digital Representation,Digital Innovations in Architecture, Engineering and Construction	1	1	1	0	0
Big Data & Society	1	1	1	0	0
Big Data Analytics for Smart Urban Systems,Urban Sustainability	1	1	1	0	0
Big Data Application in Power Systems	1	1	1	0	0
Big Data and Information Analytics	1	1	1	0	0
Bildverarbeitung für die Medizin 2024,Informatik aktuell	1	1	1	0	0
Bilecik Şeyh Edebali Üniversitesi Fen Bilimleri Dergisi	1	1	1	0	0
Bilişim Teknolojileri Dergisi	2	1	1	0	0
Bio-inspired Information and Communication Technologies,Lecture Notes of the Institute for Computer Sciences, Social Informatics and Telecommunications Engineering	2	1	1	2	1
BioDesign Research	1	1	1	0	0
BioEnergy Research	1	1	1	0	0
BioMed Research International	2	1	1	0	0
BioScience Trends	1	1	1	0	0
BioSystems	1	1	1	0	0
BioTechniques	2	1	1	0	0
Biochemical Genetics	1	1	1	0	0
Biochemistry (Moscow)	2	1	2	0	0
Biochimica et Biophysica Acta (BBA) - General Subjects	1	1	1	0	0
Biochimica et Biophysica Acta (BBA) - Molecular Cell Research	1	1	1	0	0
Biochimica et Biophysica Acta (BBA) - Molecular and Cell Biology of Lipids	3	1	3	0	0
Biochimica et Biophysica Acta (BBA) - Proteins and Proteomics	1	1	1	0	0
Biocontrol Science and Technology	1	1	1	0	0
Biocybernetics and Biomedical Engineering	1	1	1	0	0
Biodiversity Islands: Strategies for Conservation in Human-Dominated Environments,Topics in Biodiversity and Conservation	2	1	1	0	0
Biodiversity Research and Conservation	1	1	1	0	0
Biodiversity of the Gulf of Guinea Oceanic Islands	2	1	1	0	0
Bioelectricity	2	1	1	0	0
Bioelectrochemistry	1	1	1	0	0
Bioelectronic Medicine	1	1	1	0	0
Bioengineering & Translational Medicine	1	1	1	1	1
Biofuels	1	1	1	0	0
Biofuels, Bioproducts and Biorefining	2	1	1	0	0
Bioinformatics in Veterinary Science	1	1	1	0	0
Bioinspiration & Biomimetics	1	1	1	1	1
Biointerphases	2	1	1	0	0
Biologia Futura	1	1	1	0	0
Biological Communications	2	1	1	0	0
Biological Procedures Online	1	1	1	0	0
Biological Research For Nursing	2	1	1	0	0
Biologically Inspired Series-Parallel Hybrid Robots	1	1	1	0	0
Biology and Fertility of Soils	5	1	3	0	0
Biology and Life Sciences Forum	1	1	1	0	0
Biology of Reproduction	1	1	1	0	0
Biomarker Insights	1	1	1	0	0
Biomarkers	1	1	1	0	0
Biomarkers in Medicine	2	1	1	0	0
Biomarkers in Neuropsychiatry	1	1	1	0	0
Biomarkers of the Tumor Microenvironment	4	1	2	0	0
Biomaterials, Bioengineering and Sustainability,Bioimaging Modalities in Bioengineering	1	1	1	0	0
Biomedical Engineering Education	2	1	1	0	0
Biomedical Image Registration,Lecture Notes in Computer Science	2	1	1	0	0
Biomedical Physics & Engineering Express	1	1	1	0	0
Biomedical and Other Applications of Soft Computing,Studies in Computational Intelligence	2	1	1	2	1
Biomeditsinskaya Khimiya	1	1	1	0	0
Biometrika	1	1	1	0	0
Biomimetic Intelligence and Robotics	1	1	1	0	0
Bioorganic &amp; Medicinal Chemistry	1	1	1	0	0
Biophotonics Congress 2021	2	1	1	0	0
Biophotonics Congress: Optics in the Life Sciences 2023 (OMA, NTM, BODA, OMP, BRAIN)	2	1	2	0	0
Biophysica	1	1	1	0	0
Biophysical Reviews	1	1	1	0	0
Biopolymers	1	1	1	0	0
Biosystems	1	1	1	0	0
Biosystems & Biorobotics,Wearable Robotics: Challenges and Trends	1	1	1	0	0
Biosystems &amp; Biorobotics,Converging Clinical and Engineering Research on Neurorehabilitation V	2	1	2	0	0
Biosystems &amp; Biorobotics,Wearable Robotics: Challenges and Trends	1	1	1	0	0
Biota Neotropica	2	1	2	0	0
Biotechnology & Biotechnological Equipment	1	1	1	0	0
Biotechnology &amp; Biotechnological Equipment	1	1	1	0	0
Biotechnology Advances	1	1	1	0	0
Biotechnology Letters	2	1	1	0	0
Biotechnology Notes	1	1	1	0	0
Biotechnology and Bioprocess Engineering	2	1	1	0	0
Biotechnology for Biofuels	2	1	1	0	0
Biotekhnologiya	2	1	1	0	0
Birth Defects Research	1	1	1	0	0
Blood Neoplasia	1	1	1	0	0
Blood Pressure	1	1	1	0	0
Blue-Green Systems	1	1	1	0	0
Boletín de Investigaciones y Cooperación	1	1	1	0	0
Bone & Joint Open	1	1	1	0	0
Bone Marrow Transplantation	1	1	1	0	0
Borderline Personality Disorder and Emotion Dysregulation	1	1	1	0	0
Borsa Istanbul Review	1	1	1	0	0
Botanica Serbica	1	1	1	0	0
Botanical Studies	1	1	1	0	0
Botany	1	1	1	0	0
Botany Letters	1	1	1	0	0
Brachytherapy	2	1	1	0	0
Brain Connectivity	1	1	1	0	0
Brain Imaging and Behavior	4	1	2	0	0
Brain Impairment	2	1	1	0	0
Brain Informatics,Lecture Notes in Computer Science	1	1	1	0	0
Brain Injury	2	1	1	0	0
Brain Mechanisms	1	1	1	0	0
Brain Multiphysics	2	1	1	0	0
Brain Pathology	1	1	1	0	0
Brain Research Bulletin	2	1	1	0	0
Brain-Apparatus Communication: A Journal of Bacomics	2	1	1	0	0
Brain-Computer Interfaces	1	1	1	0	0
Brainlesion: Glioma, Multiple Sclerosis, Stroke and Traumatic Brain Injuries,Lecture Notes in Computer Science	6	1	3	0	0
Brazilian Journal of Botany	5	1	3	0	0
Brazilian Journal of Medical and Biological Research	1	1	1	0	0
Brazilian Journal of Music Therapy	1	1	1	0	0
Brazilian Journal of Physical Therapy	1	1	1	0	0
Brazilian Journal of Physics	1	1	1	0	0
Brazilian Journal of Radiation Sciences	1	1	1	0	0
Breast Cancer	1	1	1	0	0
Breast Cancer Research and Treatment	3	1	2	0	0
Breastfeeding Medicine	2	1	1	0	0
Bringing Innovative Robotic Technologies from Research Labs to Industrial End-users,Springer Tracts in Advanced Robotics	2	1	1	0	0
British Journal of Educational Technology	1	1	1	0	0
British Journal of General Practice	2	1	1	0	0
British Journal of Health Psychology	1	1	1	0	0
British Journal of Management	1	1	1	0	0
British Journal of Nutrition	3	1	2	0	0
British Journal of Occupational Therapy	2	1	1	0	0
British Journal of Radiology	1	1	1	0	0
British Journal of Sports Medicine	1	1	1	0	0
Brittonia	1	1	1	0	0
Budownictwo i Architektura	2	1	1	0	0
Buildings and Cities	3	1	2	0	0
Bulletin of Earthquake Engineering	1	1	1	0	0
Bulletin of Engineering Geology and the Environment	1	1	1	0	0
Bulletin of Environmental Contamination and Toxicology	4	1	3	0	0
Bulletin of Experimental Biology and Medicine	1	1	1	0	0
Bulletin of Kemerovo State University	2	1	1	0	0
Bulletin of Latin American Research	1	1	1	0	0
Bulletin of Marine Science	1	1	1	0	0
Bulletin of Mineralogy, Petrology and Geochemistry	1	1	1	0	0
Bulletin of Russian State Medical University	1	1	1	0	0
Bulletin of Sociological Methodology/Bulletin de Méthodologie Sociologique	1	1	1	0	0
Bulletin of the Australian Mathematical Society	1	1	1	0	0
Bulletin of the European Association of Fish Pathologists	1	1	1	0	0
Bulletin of the Korean Chemical Society	1	1	1	0	0
Bulletin of the World Health Organization	2	1	1	0	0
Bulletin, Southern California Academy of Sciences	1	1	1	0	0
Burns &amp; Trauma	1	1	1	0	0
Business &amp; Information Systems Engineering	1	1	1	0	0
Business Process Management Workshops,Lecture Notes in Business Information Processing	4	1	2	0	0
Business Recovery in Emerging Markets,Palgrave Studies in Democracy, Innovation, and Entrepreneurship for Growth	2	1	1	0	0
Business Strategy &amp; Development	1	1	1	0	0
Business Systems Research Journal	1	1	1	0	0
Business and Politics	2	1	1	0	0
Business and Professional Communication Quarterly	1	1	1	0	0
CABI Agriculture and Bioscience	1	1	1	0	0
CABI One Health	2	1	1	0	0
CABI Reviews	1	1	1	0	0
CALICO Journal	1	1	1	0	0
CANADIAN PROSTHETICS &amp; ORTHOTICS JOURNAL	1	1	1	0	0
CARTILAGE	4	1	2	0	0
CCF Transactions on Pervasive Computing and Interaction	2	1	1	0	0
CHANCE	2	1	1	0	0
CHEST Pulmonary	1	1	1	0	0
CHI Conference on Human Factors in Computing Systems Extended Abstracts	2	1	1	0	0
CIGRE Green Books,Distributed Energy Resources in Active Distribution Networks	1	1	1	0	0
CIRP Annals	2	1	1	0	0
CLEAN – Soil, Air, Water	1	1	1	0	0
CNS Drugs	1	1	1	0	0
CNS Spectrums	2	1	1	0	0
COMECAP 2025	1	1	1	0	0
COMPUTE 2022	1	1	1	0	0
CONFERENCE 2022	1	1	1	0	0
CONTROLO 2022,Lecture Notes in Electrical Engineering	2	1	1	0	0
CONVR 2023 - Proceedings of the 23rd International Conference on  Construction Applications of Virtual Reality,Proceedings e report	4	1	4	0	0
COVID-19 and a World of Ad Hoc Geographies	2	1	1	0	0
CTU Journal of Innovation and Sustainable Development	1	1	1	0	0
CTU Journal of Science	1	1	1	0	0
Cadernos de Pesquisa	1	1	1	0	0
Cadernos de Saúde Pública	5	1	5	0	0
California Fish and Wildlife Journal	1	1	1	0	0
Cambridge Archaeological Journal	2	1	1	0	0
Cambridge Prisms: Extinction	1	1	1	0	0
Cambridge Prisms: Plastics	1	1	1	0	0
Cambridge Prisms: Water	1	1	1	1	1
Canadian Association of Radiologists Journal	1	1	1	0	0
Canadian Geographies / Géographies canadiennes	1	1	1	0	0
Canadian Journal of Anesthesia/Journal canadien d'anesthésie	1	1	1	0	0
Canadian Journal of Infectious Diseases and Medical Microbiology	2	1	1	0	0
Canadian Journal of Public Health	1	1	1	0	0
Canadian Journal of Remote Sensing	1	1	1	0	0
Canadian Pharmacists Journal / Revue des Pharmaciens du Canada	1	1	1	0	0
Cancer Biomarkers	2	1	1	0	0
Cancer Biotherapy and Radiopharmaceuticals	1	1	1	0	0
Cancer Cell International	2	1	2	0	0
Cancer Chemotherapy and Pharmacology	1	1	1	0	0
Cancer Epidemiology, Biomarkers &amp; Prevention	1	1	1	0	0
Cancer Gene Therapy	3	1	2	0	0
Cancer Genetics	1	1	1	0	0
Cancer Informatics	1	1	1	0	0
Cancer Management and Research	1	1	1	0	0
Cancer Research, Statistics, and Treatment	1	1	1	0	0
Cannabis Use, Neurobiology, Psychology, and Treatment	1	1	1	0	0
Cannabis and Cannabinoid Research	4	1	3	0	0
Cannabis and Khat in Drug Discovery	1	1	1	0	0
Carbon Balance and Management	1	1	1	0	0
Carbon Dioxide Sequestration in Cementitious Construction Materials	1	1	1	0	0
Carbon Neutrality	2	1	1	2	1
Carbon Trends	1	1	1	0	0
Cardiovascular Revascularization Medicine	1	1	1	0	0
Cardiovascular Therapy and Prevention	2	1	1	0	0
Case Studies in Applied Bayesian Data Science,Lecture Notes in Mathematics	2	1	1	0	0
Castanea	1	1	1	0	0
Catalysis Reviews	2	1	1	0	0
Catalysis in Industry	1	1	1	0	0
Catheterization and Cardiovascular Interventions	2	1	1	0	0
Cell Biochemistry and Function	4	1	2	0	0
Cell Discovery	4	1	2	0	0
Cell Proliferation	1	1	1	0	0
Cell Research	7	1	4	0	0
Cell Stress and Chaperones	1	1	1	0	0
Cell and Tissue Research	1	1	1	0	0
Cellular & Molecular Immunology	1	1	1	0	0
Cellular &amp; Molecular Biology Letters	1	1	1	0	0
Cellular Immunology	3	1	2	0	0
Cellular Oncology	1	1	1	0	0
Cellular Signalling	1	1	1	0	0
Cellular and Molecular Approaches in Fish Biology	2	1	1	0	0
Cellular and Molecular Bioengineering	1	1	1	0	0
Cereal Research Communications	1	1	1	0	0
Cerebral Circulation - Cognition and Behavior	1	1	1	0	0
Challenges and Advances in Computational Chemistry and Physics,Materials Informatics II	1	1	1	0	0
Change Detection and Image Time Series Analysis 2	2	1	1	0	0
Chatbot Research and Design,Lecture Notes in Computer Science	2	1	1	0	0
Chem &amp; Bio Engineering	1	1	1	0	0
Chemical &amp; Biomedical Imaging	1	1	1	0	0
Chemical Data Collections	2	1	1	0	0
Chemical Engineering &amp; Technology	2	1	1	0	0
Chemical Engineering Journal Advances	1	1	1	0	0
Chemical Engineering and Processing - Process Intensification	1	1	1	0	0
Chemical Papers	1	1	1	0	0
Chemical Signals in Vertebrates 15	1	1	1	0	0
Chemical Technologies in the Energy Transition	1	1	1	0	0
Chemical Theory and Multiscale Simulation in Biomolecules	1	1	1	0	0
Chemistry Africa	1	1	1	0	0
Chemistry Letters	1	1	1	0	0
Chemistry of Inorganic Materials	1	1	1	0	0
ChemistrySelect	2	1	1	0	0
Chemoecology	1	1	1	0	0
Chest	2	1	1	0	0
Child & Youth Care Forum	1	1	1	0	0
Child &amp; Youth Care Forum	1	1	1	0	0
Child Abuse & Neglect	1	1	1	0	0
Child Indicators Research	2	1	1	0	0
Child Maltreatment	2	1	1	0	0
Child Protection and Practice	2	1	2	0	0
Child and Adolescent Mental Health	1	1	1	0	0
Child: Care, Health and Development	1	1	1	0	0
Chinese Journal of Catalysis	1	1	1	0	0
Chinese Journal of Chemical Engineering	1	1	1	0	0
Chinese Journal of Integrative Medicine	1	1	1	0	0
Chinese Journal of Lasers	1	1	1	0	0
Chinese Journal of Mechanical Engineering: Additive Manufacturing Frontiers	1	1	1	0	0
Chinese Language and Discourse,Chinese Language and Discourse / An International and Interdisciplinary Journal,Chinese Language and Discourse. An International and Interdisciplinary Journal	2	1	1	0	0
Chinese Medicine	3	1	2	0	0
Chinese Physics Letters	1	1	1	0	0
Chinese Political Science Review	1	1	1	0	0
Chinese/English Journal of Educational Measurement and Evaluation	2	1	2	0	0
Chiropractic & Manual Therapies	3	1	3	0	0
Christian Higher Education	1	1	1	0	0
Chromosome Research	1	1	1	0	0
Ciencia &amp; Desarrollo	2	1	1	0	0
Ciencia, Docencia y Tecnología	2	1	1	0	0
Ciencia, Tecnologí­a y Salud	2	1	1	0	0
Circular Economy - Recent Advances, New Perspectives and Applications	2	1	1	0	0
Circulation: Cardiovascular Imaging	2	1	1	0	0
Circulation: Cardiovascular Interventions	2	1	1	0	0
Citizenship. Studien zur Politischen Bildung,Inclusive Citizenship	1	1	1	0	0
City, Culture and Society	1	1	1	0	0
Ciência &amp; Educação (Bauru)	1	1	1	0	0
Ciência Rural	1	1	1	0	0
Ciência e Agrotecnologia	1	1	1	0	0
Classic Texts in the Sciences,Bernhard Riemann — On the Hypotheses Which Lie at the Bases of Geometry	1	1	1	0	0
Clean Energy	1	1	1	0	0
Cleaner Energy Systems	1	1	1	0	0
Cleaner Waste Systems	2	1	1	0	0
Cleaner Water	1	1	1	0	0
Climate Change, Food Security, and Land Management	1	1	1	0	0
Climate Research	1	1	1	0	0
Climate and Development	1	1	1	0	0
Clinical Cardiology	3	1	3	0	0
Clinical Child Psychology and Psychiatry	1	1	1	0	0
Clinical Colorectal Cancer	2	1	1	2	1
Clinical Drug Investigation	2	1	1	0	0
Clinical Genetics	1	1	1	0	0
Clinical Genitourinary Cancer	1	1	1	0	0
Clinical Imaging	2	1	1	0	0
Clinical Implant Dentistry and Related Research	1	1	1	0	0
Clinical Journal of Sport Medicine	2	1	1	0	0
Clinical Kidney Journal	2	1	2	0	0
Clinical Neuropharmacology	2	1	1	0	0
Clinical Nuclear Medicine	1	1	1	0	0
Clinical Nutrition Open Science	1	1	1	0	0
Clinical Oral Implants Research	2	1	1	0	0
Clinical Oral Investigations	2	1	1	0	0
Clinical Orthopaedics & Related Research	1	1	1	0	0
Clinical Parkinsonism &amp; Related Disorders	1	1	1	0	0
Clinical Pathology	2	1	1	0	0
Clinical Pharmacokinetics	3	1	2	0	0
Clinical Physiology and Functional Imaging	1	1	1	0	0
Clinical Practice in Pediatric Psychology	1	1	1	0	0
Clinical Psychopharmacology and Neuroscience	1	1	1	0	0
Clinical Radiology	1	1	1	0	0
Clinical Research in Cardiology	2	1	2	0	0
Clinical Reviews in Allergy &amp; Immunology	1	1	1	0	0
Clinical Social Work Journal	1	1	1	0	0
Clinical Spine Surgery: A Spine Publication	1	1	1	0	0
Clinical and Experimental Medicine	1	1	1	0	0
Clinical and Experimental Pediatrics	1	1	1	0	0
Clinical and Experimental Vaccine Research	1	1	1	0	0
Clinical and Molecular Hepatology	1	1	1	0	0
Clinical and Translational Allergy	2	1	1	0	0
Clinical and Translational Discovery	2	1	1	0	0
Clinical and Translational Oncology	2	1	2	0	0
Clinical and Translational Radiation Oncology	1	1	1	0	0
Clinics and Practice	1	1	1	0	0
Clinics and Research in Hepatology and Gastroenterology	1	1	1	0	0
Clinics in Laboratory Medicine	1	1	1	0	0
Coastal Engineering Journal	1	1	1	0	0
Coastal Engineering Proceedings	1	1	1	0	0
Coatings	1	1	1	0	0
Cobot	1	1	1	0	0
Cochrane Evidence Synthesis and Methods	1	1	1	0	0
Cogent Business &amp; Management	2	1	2	0	0
Cogent Psychology	1	1	1	0	0
Cogent Social Sciences	1	1	1	0	0
Cognition and Exploratory Learning in the Digital Age,Smart Learning Environments in the Post Pandemic Era	1	1	1	0	0
Cognitive Informatics in Biomedicine and Healthcare,Intelligent Systems in Medicine and Health	2	1	1	0	0
Cognitive Linguistics	2	1	1	0	0
Cognitive Neuropsychiatry	1	1	1	0	0
Cognitive Processing	2	1	1	0	0
Cognitive and Behavioral Neurology	1	1	1	0	0
Coherent Electron Microscopy: Designing Faster and Brighter Electron Sources,Advances in Imaging and Electron Physics	2	1	2	0	0
Collabra: Psychology	2	1	1	0	0
Collective Intelligence	1	1	1	0	0
Colombia Internacional	1	1	1	0	0
Color Research &amp; Application	1	1	1	0	0
Communication Monographs	4	1	2	0	0
Communication Sciences &amp; Disorders	1	1	1	0	0
Communication Studies	2	1	1	0	0
Communication, Smart Technologies and Innovation for Society,Smart Innovation, Systems and Technologies	2	1	1	0	0
Communications in Computer and Information Science,AI Agent for Information Retrieval: Generating and Ranking	1	1	1	0	0
Communications in Computer and Information Science,AI Revolution: Research, Ethics and Society	1	1	1	0	0
Communications in Computer and Information Science,Advances in Bias and Fairness in Information Retrieval	3	1	2	0	0
Communications in Computer and Information Science,Advances in Computing	1	1	1	0	0
Communications in Computer and Information Science,Advances in Optimization and Applications	1	1	1	0	0
Communications in Computer and Information Science,Applied Computer Sciences in Engineering	2	1	1	0	0
Communications in Computer and Information Science,Applied Technologies	1	1	1	0	0
Communications in Computer and Information Science,Arabic Language Processing: From Theory to Practice	1	1	1	0	0
Communications in Computer and Information Science,Artificial Intelligence and Applications	1	1	1	0	0
Communications in Computer and Information Science,Artificial Intelligence and Natural Language	2	1	1	0	0
Communications in Computer and Information Science,Artificial Intelligence in Education. Posters and Late Breaking Results, Workshops and Tutorials, Industry and Innovation Tracks, Practitioners, Doctoral Consortium and Blue Sky	1	1	1	0	0
Communications in Computer and Information Science,Artificial Intelligence – COMIA 2025	1	1	1	0	0
Communications in Computer and Information Science,Artificial Intelligence. ECAI 2023 International Workshops	1	1	1	0	0
Communications in Computer and Information Science,Asia Pacific Advanced Network	1	1	1	0	0
Communications in Computer and Information Science,Cloud Computing, Big Data & Emerging Topics	1	1	1	0	0
Communications in Computer and Information Science,Cloud Computing, Big Data &amp; Emerging Topics	1	1	1	0	0
Communications in Computer and Information Science,Computer Science – CACIC 2021	2	1	1	0	0
Communications in Computer and Information Science,Computer Supported Education	2	1	1	0	0
Communications in Computer and Information Science,Computer Vision and Image Processing	2	1	1	0	0
Communications in Computer and Information Science,Computer Vision, Imaging and Computer Graphics Theory and Applications	8	1	6	0	0
Communications in Computer and Information Science,Computer-Aided Architectural Design. Design Imperatives: The Future is Now	1	1	1	0	0
Communications in Computer and Information Science,Cybersecurity	1	1	1	0	0
Communications in Computer and Information Science,Data Analytics and Management in Data Intensive Domains	2	1	1	0	0
Communications in Computer and Information Science,Data Management Technologies and Applications	1	1	1	0	0
Communications in Computer and Information Science,Data Science and Computational Intelligence	2	1	1	0	0
Communications in Computer and Information Science,Data Science and Machine Learning	1	1	1	0	0
Communications in Computer and Information Science,Database and Expert Systems Applications - DEXA 2025 Workshops	1	1	1	0	0
Communications in Computer and Information Science,Dependable Computing - EDCC 2020 Workshops	2	1	1	0	0
Communications in Computer and Information Science,Dependable Computing - EDCC 2021 Workshops	2	1	1	0	0
Communications in Computer and Information Science,Digital Transformation in Education and Artificial Intelligence Application	1	1	1	0	0
Communications in Computer and Information Science,Engineering Applications of Neural Networks	1	1	1	0	0
Communications in Computer and Information Science,Frontiers in Cyber Security	1	1	1	0	0
Communications in Computer and Information Science,Geometry and Vision	2	1	1	0	0
Communications in Computer and Information Science,HCI International 2020 - Posters	2	1	1	0	0
Communications in Computer and Information Science,HCI International 2023 Posters	1	1	1	0	0
Communications in Computer and Information Science,HCI International 2024 Posters	1	1	1	0	0
Communications in Computer and Information Science,Human Brain and Artificial Intelligence	1	1	1	0	0
Communications in Computer and Information Science,ICTERI 2021 Workshops	2	1	1	0	0
Communications in Computer and Information Science,Information Systems Security and Privacy	1	1	1	0	0
Communications in Computer and Information Science,Information and Communication Technologies	1	1	1	0	0
Communications in Computer and Information Science,Information and Communication Technologies for Ageing Well and e-Health	2	1	1	0	0
Communications in Computer and Information Science,Information and Communication Technology	1	1	1	0	0
Communications in Computer and Information Science,Information and Software Technologies	2	1	1	0	0
Communications in Computer and Information Science,Innovative Intelligent Industrial Production and Logistics	1	1	1	0	0
Communications in Computer and Information Science,Innovative Perspectives on Computational Intelligence and Data Science	1	1	1	0	0
Communications in Computer and Information Science,Intelligent Systems and Data Science	1	1	1	0	0
Communications in Computer and Information Science,Internet Computing and IoT and Embedded Systems, Cyber-physical Systems, and Applications	1	1	1	0	0
Communications in Computer and Information Science,Internet and Modern Society. Human-Computer Communication	1	1	1	0	0
Communications in Computer and Information Science,IoT Streams for Data-Driven Predictive Maintenance and IoT, Edge, and Mobile for Embedded Machine Learning	2	1	1	0	0
Communications in Computer and Information Science,Knowledge Management in Organizations	2	1	1	0	0
Communications in Computer and Information Science,Knowledge and Systems Sciences	1	1	1	0	0
Communications in Computer and Information Science,Machine Learning and Data Mining for Sports Analytics	1	1	1	0	0
Communications in Computer and Information Science,Machine Learning and Soft Computing	1	1	1	0	0
Communications in Computer and Information Science,Man-Machine Speech Communication	1	1	1	0	0
Communications in Computer and Information Science,Mathematical Modeling and Supercomputer Technologies	1	1	1	0	0
Communications in Computer and Information Science,Mathematical Optimization Theory and Operations Research: Recent Trends	2	1	1	0	0
Communications in Computer and Information Science,Methods and Applications for Modeling and Simulation of Complex Systems	2	1	1	0	0
Communications in Computer and Information Science,New Frontiers in Data Science	1	1	1	0	0
Communications in Computer and Information Science,New Trends in Databases and Information Systems	2	1	1	2	1
Communications in Computer and Information Science,Optimization and Learning	1	1	1	0	0
Communications in Computer and Information Science,Optimization, Learning Algorithms and Applications	1	1	1	0	0
Communications in Computer and Information Science,Parallel and Distributed Processing Techniques	1	1	1	0	0
Communications in Computer and Information Science,Recent Advances in Data Science	2	1	1	0	0
Communications in Computer and Information Science,Research in Computer Science	1	1	1	0	0
Communications in Computer and Information Science,Robotics, Computer Vision and Intelligent Systems	1	1	1	0	0
Communications in Computer and Information Science,SEET—Software Engineering for Emerging Technologies	1	1	1	0	0
Communications in Computer and Information Science,Scientific Computing and Bioinformatics and Computational Biology	1	1	1	0	0
Communications in Computer and Information Science,Smart Cities, Green Technologies, and Intelligent Transport Systems	2	1	1	0	0
Communications in Computer and Information Science,Soft Computing in Data Science	1	1	1	0	0
Communications in Computer and Information Science,Supercomputing	2	1	1	0	0
Communications in Computer and Information Science,Technology and Innovation in Learning, Teaching and Education	1	1	1	0	0
Communications in Computer and Information Science,The Recent Advances in Transdisciplinary Data Science	1	1	1	0	0
Communications in Computer and Information Science,Tools and Techniques for High Performance Computing	2	1	1	2	1
Communications in Soil Science and Plant Analysis	3	1	2	0	0
Communications in Transportation Research	1	1	1	0	0
Communications on Analysis and Computation	1	1	1	0	0
Community College Journal of Research and Practice	2	1	1	0	0
Community Dentistry and Oral Epidemiology	1	1	1	0	0
Compact Textbooks in Mathematics,Finite Element Approximation of Boundary Value Problems	3	1	3	0	0
Companion Proceedings of the 30th International Conference on Intelligent User Interfaces	1	1	1	0	0
Companion Proceedings of the 32nd ACM International Conference on the Foundations of Software Engineering	1	1	1	0	0
Companion Proceedings of the 7th International Conference on the Art, Science, and Engineering of Programming	1	1	1	0	0
Companion Proceedings of the Web Conference 2020	2	1	1	0	0
Companion of the 2020 ACM/IEEE International Conference on Human-Robot Interaction	2	1	1	0	0
Companion of the 2024 ACM/IEEE International Conference on Human-Robot Interaction	1	1	1	0	0
Companion of the 2025 International Conference on Management of Data	1	1	1	0	0
Comparative Biochemistry and Physiology Part B: Biochemistry and Molecular Biology	1	1	1	0	0
Comparative Biochemistry and Physiology Part C: Toxicology &amp; Pharmacology	1	1	1	0	0
Comparative Biochemistry and Physiology Part D: Genomics and Proteomics	3	1	2	0	0
Comparative Education Review	1	1	1	0	0
Comparative Genomics,Lecture Notes in Computer Science	2	1	1	0	0
Compendium of Plant Genomes,The Sweetpotato Genome	1	1	1	0	0
Complex Networks and Their Applications XI,Studies in Computational Intelligence	1	1	1	0	0
Composites Part C: Open Access	1	1	1	0	0
Compositionality	2	1	1	0	0
Comprehensive Inorganic Chemistry III	1	1	1	0	0
Comprehensive Pharmacology	1	1	1	0	0
Comprehensive Physiology	2	1	1	0	0
Comprehensive Psychoneuroendocrinology	1	1	1	0	0
Comprehensive Results in Social Psychology	4	1	2	0	0
Comptes Rendus Mécanique	2	1	1	0	0
Comptes Rendus. Biologies	1	1	1	0	0
Comptes Rendus. Géoscience	1	1	1	0	0
Computational Advances in Bio and Medical Sciences,Lecture Notes in Computer Science	2	1	1	0	0
Computational Biology	1	1	1	0	0
Computational Biomechanics for Medicine	3	1	2	0	0
Computational Collective Intelligence,Lecture Notes in Computer Science	2	1	1	0	0
Computational Condensed Matter	1	1	1	0	0
Computational Fluid Dynamics - Analysis, Simulations, and Applications	1	1	1	0	0
Computational Geometry	2	1	1	0	0
Computational Humanities Research	1	1	1	0	0
Computational Intelligence Methodologies Applied to Sustainable Development Goals,Studies in Computational Intelligence	2	1	1	0	0
Computational Intelligence Methods for Bioinformatics and Biostatistics,Lecture Notes in Computer Science	2	1	1	0	0
Computational Intelligence in Data Mining,Smart Innovation, Systems and Technologies	2	1	1	0	0
Computational Intelligence in Pattern Recognition,Advances in Intelligent Systems and Computing	2	1	1	0	0
Computational Intelligence in Pattern Recognition,Lecture Notes in Networks and Systems	1	1	1	0	0
Computational Intelligence in the Internet of Things,Advances in Computational Intelligence and Robotics	2	1	1	0	0
Computational Intelligence, Data Analytics and Applications,Lecture Notes in Networks and Systems	1	1	1	0	0
Computational Materials Today	1	1	1	0	0
Computational Mathematics and Mathematical Physics	2	1	2	0	0
Computational Methods and Data Engineering,Lecture Notes on Data Engineering and Communications Technologies	2	1	1	0	0
Computational Methods for Time-Series Analyses in Earth Sciences	1	1	1	0	0
Computational Methods for the Multiscale Modeling of Soft Matter	1	1	1	0	0
Computational Modeling of Infectious Disease	3	1	3	0	0
Computational Science and Its Applications – ICCSA 2020,Lecture Notes in Computer Science	2	1	1	0	0
Computational Thermal Sciences: An International Journal	1	1	1	0	0
Computational Urban Science	1	1	1	0	0
Computer	2	1	1	0	0
Computer Aided Chemical Engineering,27th European Symposium on Computer Aided Process Engineering	2	1	1	0	0
Computer Aided Chemical Engineering,30th European Symposium on Computer Aided Process Engineering	4	1	2	0	0
Computer Aided Systems Theory – EUROCAST 2019,Lecture Notes in Computer Science	2	1	1	0	0
Computer Aided Verification,Lecture Notes in Computer Science	1	1	1	0	0
Computer Algebra in Scientific Computing,Lecture Notes in Computer Science	1	1	1	0	0
Computer Analysis of Images and Patterns,Lecture Notes in Computer Science	2	1	1	0	0
Computer Animation and Virtual Worlds	1	1	1	0	0
Computer Assisted Language Learning	1	1	1	0	0
Computer Information Systems and Industrial Management,Lecture Notes in Computer Science	2	1	1	0	0
Computer Law &amp; Security Review	1	1	1	0	0
Computer Methods and Programs in Biomedicine Update	1	1	1	0	0
Computer Music Journal	1	1	1	0	0
Computer Science	1	1	1	0	0
Computer Science Education	1	1	1	0	0
Computer Science in Sport	2	1	2	0	0
Computer Security – ESORICS 2020,Lecture Notes in Computer Science	2	1	1	0	0
Computer Security – ESORICS 2022,Lecture Notes in Computer Science	2	1	1	0	0
Computer Security – ESORICS 2023,Lecture Notes in Computer Science	1	1	1	0	0
Computer Vision	8	1	4	0	0
Computer Vision – ACCV 2018,Lecture Notes in Computer Science	2	1	1	0	0
Computer Vision – ACCV 2022,Lecture Notes in Computer Science	1	1	1	0	0
Computer Vision – ECCV 2020 Workshops,Lecture Notes in Computer Science	2	1	1	0	0
Computer systems and network	2	1	2	0	0
Computer, Communication, and Signal Processing. AI, Knowledge Engineering and IoT for Smart Systems,IFIP Advances in Information and Communication Technology	1	1	1	0	0
Computer-Aided Antibody Design,Methods in Molecular Biology	2	1	1	0	0
Computers & Security	1	1	1	0	0
Computers &amp; Education: X Reality	1	1	1	0	0
Computer‐Supported Collaboration	1	1	1	0	0
Computing and Artificial Intelligence	1	1	1	0	0
Computing in Cardiology Conference (CinC),2018 Computing in Cardiology Conference (CinC)	2	1	2	0	0
Computing in Cardiology Conference (CinC),2019 Computing in Cardiology Conference (CinC)	3	1	3	0	0
Computing in Cardiology Conference (CinC),2020 Computing in Cardiology Conference (CinC)	4	1	4	0	0
Concepts in Magnetic Resonance Part A	1	1	1	0	0
Conference Proceedings of the Society for Experimental Mechanics Series,Dynamic Substructures, Vol. 4	5	1	5	0	0
Conference Proceedings of the Society for Experimental Mechanics Series,Dynamic Substructures, Volume 4	2	1	1	0	0
Conference Proceedings of the Society for Experimental Mechanics Series,Model Validation and Uncertainty Quantification, Volume 3	1	1	1	0	0
Conference on Systems Engineering Research Series,The Proceedings of the 2023 Conference on Systems Engineering Research	1	1	1	0	0
Congenital Anomalies	2	1	1	0	0
Congress on Research, Development, and Innovation in Renewable Energies,Green Energy and Technology	1	1	1	0	0
Connected e-Health,Studies in Computational Intelligence	2	1	1	0	0
Connections	2	1	1	0	0
Construction Research Congress 2024	1	1	1	0	0
Construction materials and products	1	1	1	0	0
Constructional Approaches to Language,Multimodal Communication from a Construction Grammar Perspective	1	1	1	0	0
Consumer Psychology Review	2	1	1	0	0
Contact Language Library	1	1	1	0	0
Contact Language Library,Our People’s Language	18	1	18	0	0
Contemporary Clinical Trials	1	1	1	0	0
Contemporary Clinical Trials Communications	1	1	1	0	0
Contemporary School Psychology	1	1	1	0	0
Continuity &amp; Resilience Review	1	1	1	0	0
Contraception	1	1	1	0	0
Contributions to Management Science,Mapping Digital Skills in Cultural and Creative Industries in Italy	1	1	1	0	0
Contributions to Statistics,Time Series Analysis and Forecasting	1	1	1	0	0
Contribuţii Botanice	1	1	1	0	0
Cooperation and Conflict	2	1	1	0	0
Coordination Chemistry Reviews	1	1	1	0	0
Cornea	1	1	1	0	0
Cornea Open	1	1	1	0	0
Corpora	1	1	1	0	0
Corporate Governance: An International Review	2	1	1	0	0
Corporate Governance: The International Journal of Business in Society	1	1	1	0	0
Corrosion Science	1	1	1	1	1
Corvinus Journal of Sociology and Social Policy	1	1	1	0	0
Cosmetics	1	1	1	0	0
Counselling Psychology Quarterly	1	1	1	0	0
Counselor Education and Supervision	2	1	1	0	0
Creative Education	2	1	1	0	0
Creative Education Studies	2	1	1	0	0
Creative Industries Journal	2	1	1	0	0
Creativity and Innovation Management	1	1	1	0	0
Creativity. Theories – Research - Applications	1	1	1	0	0
Credit and Capital Markets – Kredit und Kapital	2	1	2	0	0
Credit and Capital Markets – Kredit und Kapital: Volume 54, Issue 1,Credit and Capital Markets – Kredit und Kapital	1	1	1	0	0
Criminal Justice and Behavior	1	1	1	0	0
Criminologie	2	1	1	0	0
Criminology	1	1	1	0	0
Critical Care Science	1	1	1	0	0
Critical Care and Resuscitation	1	1	1	0	0
Critical Discourse Studies	2	1	1	0	0
Critical Infrastructure Protection XV,IFIP Advances in Information and Communication Technology	2	1	1	0	0
Critical Reviews in Biochemistry and Molecular Biology	2	1	1	0	0
Critical Reviews in Clinical Laboratory Sciences	1	1	1	0	0
Critical Reviews in Microbiology	1	1	1	0	0
Critical Studies in Media Communication	1	1	1	0	0
Critical Studies in Television: The International Journal of Television Studies	2	1	1	0	0
Croatian Journal of Fisheries	1	1	1	0	0
Croatian Medical Journal	1	1	1	0	0
Crop Design	1	1	1	0	0
Crops	2	1	1	0	0
Crystal Growth & Design	1	1	1	0	0
Crystal Research and Technology	2	1	1	0	0
Cuadernos de Economía	1	1	1	0	0
Cukurova Medical Journal	1	1	1	0	0
Cultura digital en contextos educativos: Experiencias y significados	1	1	1	0	0
Cultural-Historical Psychology,Культурно-историческая психология	1	1	1	0	0
Culturas Midiáticas	1	1	1	0	0
Culture and Organization	1	1	1	0	0
Culture of Sustainability and Discourses of Social Change,Journal of Language and Politics	1	1	1	0	0
Culture, Science, Education: Problems and Prospects: Proceedings of the XI International Scientific and Practical Conference (Nizhnevartovsk, 9-10 November 2023)	1	1	1	0	0
Cumhuriyet Science Journal	1	1	1	0	0
Curator: The Museum Journal	1	1	1	0	0
Current Agronomy	1	1	1	0	0
Current Bioinformatics	2	1	1	0	0
Current Cardiology Reports	2	1	1	0	0
Current Developments in Nutrition	2	1	2	0	0
Current Environmental Health Reports	1	1	1	0	0
Current Epidemiology Reports	2	1	1	2	1
Current Gene Therapy	1	1	1	0	0
Current Genomics	1	1	1	0	0
Current HIV Research	1	1	1	0	0
Current Issues in Linguistic Theory,Historical Linguistics 2019	1	1	1	0	0
Current Medical Research and Opinion	1	1	1	0	0
Current Molecular Medicine	2	1	1	0	0
Current Neuropharmacology	2	1	2	0	0
Current Opinion in Cell Biology	1	1	1	0	0
Current Opinion in Chemical Biology	1	1	1	0	0
Current Opinion in Endocrine and Metabolic Research	2	1	1	0	0
Current Opinion in Genetics & Development	1	1	1	0	0
Current Opinion in Genetics &amp; Development	1	1	1	0	0
Current Opinion in Lipidology	1	1	1	0	0
Current Opinion in Neurobiology	2	1	1	0	0
Current Opinion in Plant Biology	2	1	1	0	0
Current Opinion in Virology	2	1	1	0	0
Current Organic Chemistry	1	1	1	0	0
Current Pharmacology Reports	1	1	1	0	0
Current Plant Biology	1	1	1	0	0
Current Problems in Cardiology	1	1	1	0	0
Current Protocols in Human Genetics	2	1	1	0	0
Current Research in Biotechnology	2	1	1	0	0
Current Robotics Reports	2	1	1	0	0
Current Swedish Archaeology	1	1	1	0	0
Current Topics in Developmental Biology,Heart Development and Disease	1	1	1	0	0
Current Treatment Options in Cardiovascular Medicine	2	1	1	0	0
Current challenges in metaphor research,Metaphor and the Social World	1	1	1	0	0
Cyber Security Intelligence and Analytics,Lecture Notes on Data Engineering and Communications Technologies	2	1	1	0	0
Cybercrime in Context,Crime and Justice in Digital Society	2	1	1	0	0
Cyberpsychology, Behavior, and Social Networking	2	1	1	0	0
Cyberpsychology: Journal of Psychosocial Research on Cyberspace	1	1	1	0	0
Cybersecurity	1	1	1	0	0
Cybersecurity Challenges in the Age of AI, Space Communications and Cyborgs,Advanced Sciences and Technologies for Security Applications	1	1	1	0	0
Cybersecurity in Intelligent Networking Systems	1	1	1	0	0
Cybersecurity in Smart Homes	2	1	1	0	0
Cyborg and Bionic Systems	1	1	1	0	0
Cytokine	1	1	1	0	0
Cytometry Part B: Clinical Cytometry	4	1	4	0	0
Cytopathology	1	1	1	0	0
Círculo de Lingüística Aplicada a la Comunicación	1	1	1	0	0
DNA	1	1	1	0	0
Dairy	2	1	2	0	0
Das Gesundheitswesen	1	1	1	0	0
Data & Knowledge Engineering	1	1	1	0	0
Data Analysis and Optimization,Springer Optimization and Its Applications	1	1	1	0	0
Data Analysis with Machine Learning for Psychologists	2	1	1	0	0
Data Analytics and Artificial Intelligence	1	1	1	0	0
Data Analytics for Renewable Energy Integration. Technologies, Systems and Society,Lecture Notes in Computer Science	2	1	1	0	0
Data Assimilation for Atmospheric, Oceanic and Hydrologic Applications (Vol. IV)	2	1	1	0	0
Data Driven Analysis and Modeling of Turbulent Flows	1	1	1	0	0
Data Driven Approaches on Medical Imaging	1	1	1	0	0
Data Intelligence	1	1	1	0	0
Data Intelligence and Cognitive Informatics,Algorithms for Intelligent Systems	2	1	1	0	0
Data Management, Analytics and Innovation,Lecture Notes in Networks and Systems	1	1	1	0	0
Data Mining	1	1	1	0	0
Data Science and Engineering	2	1	1	0	0
Data Science for Economics and Finance	2	1	1	0	0
Data Science for Transportation	1	1	1	0	0
Data Technologies and Applications	2	1	1	0	0
Data and Process Visualisation for Graphic Communication	1	1	1	0	0
Data-Intensive Research,Data Science and Big Data Analytics	1	1	1	0	0
Day 1 Mon, August 16, 2021	2	1	1	0	0
Day 1 Mon, May 04, 2020	2	1	1	0	0
Day 1 Mon, May 06, 2024	1	1	1	0	0
Day 2 Tue, February 13, 2024	1	1	1	0	0
Day 2 Tue, February 22, 2022	2	1	1	0	0
Day 2 Tue, May 07, 2024	1	1	1	0	0
Day 2 Tue, November 10, 2020	2	1	1	0	0
Day 2 Tue, October 04, 2022	2	1	1	0	0
Day 2 Wed, September 22, 2021	2	1	1	0	0
Day 3 Thu, March 09, 2023	1	1	1	0	0
Day 3 Wed, February 14, 2024	1	1	1	0	0
Day 3 Wed, February 23, 2022	2	1	1	0	0
Day 4 Thu, May 07, 2020	2	1	1	0	0
Day 5 Fri, March 12, 2021	2	1	1	0	0
Decide Better	1	1	1	0	0
Decisions in Economics and Finance	2	1	1	0	0
Deep Learning for Robot Perception and Cognition	2	1	1	0	0
Deep Learning in Genetics and Genomics	1	1	1	0	0
Deep Learning in Personalized Healthcare and Decision Support	1	1	1	0	0
Defence Technology	1	1	1	0	0
Demografija	1	1	1	0	0
Denki Kagaku	1	1	1	0	0
Density Matrix Renormalization Group ( Dmrg) -Based Approaches in Computational Chemistry	2	1	1	0	0
Dental Journal	1	1	1	0	0
Dental Press Journal of Orthodontics	1	1	1	0	0
Dental Research Journal	1	1	1	0	0
Dependability	2	1	1	0	0
Dependence Modeling	2	1	1	0	0
Depression and Anxiety	1	1	1	0	0
Der Antrieb von morgen 2021	2	1	1	0	0
Der Schmerz	2	1	1	0	0
Dermatitis®	1	1	1	0	0
Design Studies	2	1	1	0	0
Design, User Experience, and Usability. Design for Contemporary Interactive Environments,Lecture Notes in Computer Science	2	1	1	0	0
Designing Interactive Systems Conference	1	1	1	0	0
Designs, Codes and Cryptography	1	1	1	0	0
Detection Methods in Precision Medicine	1	1	1	0	0
Detritus,Volume 16 - September 2021	2	1	1	0	0
Deutschland und Europa im Umbruch,Wahlen und politische Einstellungen	1	1	1	0	0
Development Policy Review	1	1	1	0	0
Developmental Dynamics	4	1	2	0	0
Developmental Medicine &amp; Child Neurology	1	1	1	0	0
Developmental Review	2	1	1	0	0
Developments in Information & Knowledge Management for Business Applications,Studies in Systems, Decision and Control	1	1	1	0	0
Diabetes &amp; Metabolism	1	1	1	0	0
Diabetes Technology & Therapeutics	1	1	1	0	0
Diabetes Therapy	2	1	1	0	0
Diabetic Medicine	1	1	1	0	0
Diabetology &amp; Metabolic Syndrome	2	1	1	0	0
Diachronica	2	1	2	0	0
Diagnostic and Prognostic Research	4	1	2	0	0
Diagnostica	1	1	1	0	0
Dibon Journal of Education	1	1	1	0	0
Die Landtagswahl 2018 in Bayern	1	1	1	0	0
Die Onkologie	1	1	1	0	0
Die zukünftigen Lehrerinnen und Lehrer	2	1	1	0	0
Diffusion Foundations	2	1	1	0	0
Digital Applications in Archaeology and Cultural Heritage	1	1	1	0	0
Digital Creativity	1	1	1	0	0
Digital Finance	1	1	1	0	0
Digital Heritage. Progress in Cultural Heritage: Documentation, Preservation, and Protection,Lecture Notes in Computer Science	2	1	1	0	0
Digital Human Modeling and Applications in Health, Safety, Ergonomics and Risk Management,Lecture Notes in Computer Science	1	1	1	0	0
Digital Human Modeling and Applications in Health, Safety, Ergonomics and Risk Management. AI, Product and Service,Lecture Notes in Computer Science	2	1	1	0	0
Digital Society	1	1	1	0	0
Digital Water	1	1	1	0	0
Digitale Wahlkämpfe	1	1	1	0	0
Digitalisierung und Innovation im Sport und in der Sportwissenschaft	1	1	1	0	0
Digitalization of Power Markets and Systems Using Energy Informatics	2	1	1	0	0
Disability and Health Journal	2	1	2	0	0
Disability and Rehabilitation	3	1	2	0	0
Disasters	1	1	1	0	0
Discourse &amp; Communication	2	1	1	0	0
Discourse &amp; Society	1	1	1	0	0
Discourse and Interaction	1	1	1	0	0
Discover Artificial Intelligence	2	1	2	0	0
Discover Cities	1	1	1	0	0
Discover Civil Engineering	1	1	1	0	0
Discover Electronics	1	1	1	0	0
Discover Food	3	1	3	0	0
Discover Forests	1	1	1	0	0
Discover Plants	1	1	1	0	0
Discover Soil	2	1	2	0	0
Discrete Applied Mathematics	1	1	1	0	0
Discrete Event Dynamic Systems	1	1	1	0	0
Discrete Mathematics	1	1	1	0	0
Discrete and Continuous Dynamical Systems - S	1	1	1	0	0
Disease Markers	2	1	1	0	0
Disease Models & Mechanisms	1	1	1	0	0
Disease and Therapeutics	1	1	1	0	0
Diseases of the Colon &amp; Rectum	2	1	1	0	0
Disinformation in Open Online Media,Lecture Notes in Computer Science	2	1	1	0	0
Distributed Applications and Interoperable Systems,Lecture Notes in Computer Science	2	1	1	0	0
Distributed Computing and Artificial Intelligence, Special Sessions I, 20th International Conference,Lecture Notes in Networks and Systems	1	1	1	0	0
Document Analysis Systems,Lecture Notes in Computer Science	2	1	1	2	1
Document Analysis and Recognition – ICDAR 2021 Workshops,Lecture Notes in Computer Science	2	1	1	0	0
Document Analysis and Recognition – ICDAR 2021,Lecture Notes in Computer Science	2	1	1	0	0
Documentos Ocasionales	1	1	1	0	0
Documents d'Anàlisi Geogràfica	1	1	1	0	0
Doklady Biochemistry and Biophysics	1	1	1	0	0
Doklady Mathematics	1	1	1	0	0
Drewno. Prace Naukowe, Doniesienia, Komunikaty = Wood. Research Papers, Reports, Announcements	1	1	1	0	0
Driving Scientific and Engineering Discoveries Through the Integration of Experiment, Big Data, and Modeling and Simulation,Communications in Computer and Information Science	2	1	1	0	0
Droplet	1	1	1	0	0
Drug Discovery and Evaluation: Safety and Pharmacokinetic Assays	2	1	2	0	0
Drug Metabolism and Disposition	2	1	2	0	0
Drug Resistance Updates	1	1	1	0	0
Drug Safety	1	1	1	0	0
Drug Science, Policy and Law	1	1	1	0	0
Drug development &amp; registration	1	1	1	0	0
Drugs &amp; Aging	1	1	1	0	0
Dynamics of Atmospheres and Oceans	1	1	1	0	0
EAI/Springer Innovations in Communication and Computing,Secure Edge and Fog Computing Enabled AI for IoT and Smart Cities	1	1	1	0	0
ECRS 2023	1	1	1	0	0
ECWS-3	1	1	1	1	1
ECWS-7 2023	1	1	1	0	0
ECWS-8	1	1	1	0	0
EDUCATION SCIENCES AND SOCIETY	1	1	1	0	0
EES Batteries	2	1	2	0	0
EES Catalysis	1	1	1	0	0
EFORT Open Reviews	2	1	1	0	0
ELOPE: English Language Overseas Perspectives and Enquiries	1	1	1	0	0
ENERGY &amp; ENVIRONMENTAL MATERIALS	1	1	1	0	0
EP Europace	2	1	1	0	0
EPJ Nuclear Sciences &amp; Technologies	1	1	1	0	0
EPJ Quantum Technology	1	1	1	0	0
EPL (Europhysics Letters)	2	1	1	0	0
EPMA Journal	1	1	1	0	0
ESMO Gastrointestinal Oncology	1	1	1	0	0
EURASIP Journal on Image and Video Processing	1	1	1	0	0
EURASIP Journal on Wireless Communications and Networking	5	1	3	0	0
EURO Journal on Computational Optimization	2	1	1	0	0
EURO Journal on Decision Processes	1	1	1	0	0
EVALITA Evaluation of NLP and Speech Tools for Italian - December 17th, 2020	2	1	1	0	0
EWaS5	2	1	1	0	0
EXPLORE (Newsletter for the Association of Applied Geochemists)	1	1	1	0	0
Early Childhood Education Journal	1	1	1	0	0
Early Childhood Research Quarterly	2	1	1	0	0
Early Education and Development	1	1	1	0	0
Early Human Development	1	1	1	0	0
Earth Observation in Urban Monitoring	1	1	1	0	0
Earth Sciences,Groundwater Frontiers - Techniques and Challenges	1	1	1	0	0
Earth and Space 2021	4	1	2	1	0.25
East European Journal of Psycholinguistics	1	1	1	0	0
Eco-Environment &amp; Health	1	1	1	0	0
EcoMat	1	1	1	0	0
Ecological Complexity	2	1	1	0	0
Ecological Management & Restoration	1	1	1	0	0
Ecology of Iranian Forests	1	1	1	0	0
Ecology of Marine Fish	1	1	1	0	0
Econometrica	1	1	1	0	0
Econometrics	2	1	1	0	0
Economia Politica	1	1	1	0	0
Economic Botany	1	1	1	0	0
Economic Record	2	1	1	0	0
Economic Research-Ekonomska Istraživanja	2	1	1	0	0
Economic Theory	1	1	1	0	0
Ecopsychology	2	1	1	0	0
Ecosistemas	1	1	1	0	0
Ecosystem Health and Sustainability	1	1	1	0	0
Edge Intelligence in Cyber-Physical  Systems	1	1	1	0	0
Educación Médica	1	1	1	0	0
Educare	1	1	1	0	0
Education Research International	2	1	1	0	0
Educational Evaluation and Policy Analysis	2	1	1	0	0
Educational Linguistics,Language Program Vitality in the United States	1	1	1	0	0
Educational Management Administration &amp; Leadership	3	1	3	0	0
Educational Methods and Psychometrics	1	1	1	0	0
Educational Research Review	1	1	1	0	0
Educational Technology Research and Development	2	1	1	0	0
Ege Journal of Fisheries and Aquatic Sciences	1	1	1	0	0
Egyptian Journal of Biological Pest Control	2	1	1	0	0
Egyptian Journal of Forensic Sciences	1	1	1	0	0
Egyptian Orthopaedic Journal	1	1	1	0	0
Einfache Datenauswertung mit R	8	1	4	0	0
Ekonomi İşletme ve Maliye Araştırmaları Dergisi	2	1	1	0	0
El profesional de la información	2	1	1	0	0
Election Law Journal: Rules, Politics, and Policy	1	1	1	0	0
Electric Power Components and Systems	2	1	1	0	0
Electrical Engineering	1	1	1	0	0
Electricity	1	1	1	0	0
Electrochemical Science Advances	2	1	1	0	0
Electrochemistry	2	1	1	0	0
Electrochemistry Communications	1	1	1	0	0
Electronic Journal of Biotechnology	2	1	1	0	0
Electronic Journal of Statistics	2	1	1	0	0
Electronic Participation,Lecture Notes in Computer Science	1	1	1	0	0
Electronic Voting,Lecture Notes in Computer Science	2	1	1	0	0
Elements	1	1	1	0	0
Elipsoida : Jurnal Geodesi dan Geomatika	1	1	1	0	0
Emergency Radiology	1	1	1	0	0
Emerging Frontiers in Nonlinear Science,Nonlinear Systems and Complexity	2	1	1	0	0
Emerging Media	1	1	1	0	0
Emerging Science Journal	1	1	1	0	0
Emerging Topics in Life Sciences	2	1	1	0	0
Emerging Trends in Cybersecurity Applications	4	1	2	0	0
Emerging Trends in Drugs, Addictions, and Health	1	1	1	0	0
Empirical Research in Vocational Education and Training	2	1	1	0	0
Enacting Cybernetics	1	1	1	0	0
Encyclopedia	1	1	1	0	0
Encyclopedia of Big Data Technologies	2	1	1	0	0
Encyclopedia of Cell Biology	1	1	1	0	0
Encyclopedia of Data Science and Machine Learning	1	1	1	0	0
Encyclopedia of Forensic Sciences, Third Edition	2	1	1	0	0
Encyclopedia of Geology	2	1	1	0	0
Encyclopedia of Optimization	1	1	1	0	0
Encyclopedia of Solid Earth Geophysics,Encyclopedia of Earth Sciences Series	4	1	2	1	0.25
Endocrine Practice	1	1	1	0	0
Endocrinology and Metabolism	1	1	1	0	0
Endocrinology, Diabetes & Metabolism	1	1	1	0	0
Endocrinología, Diabetes y Nutrición	1	1	1	0	0
Energy Engineering	1	1	1	0	0
Energy Exploration &amp; Exploitation	1	1	1	0	0
Energy Internet	1	1	1	0	0
Energy Nexus	1	1	1	0	0
Energy Smart Appliances	1	1	1	0	0
Energy Sources, Part A: Recovery, Utilization, and Environmental Effects	2	1	1	0	0
Energy Storage and Applications	1	1	1	0	0
Energy Systems	3	1	2	0	0
Energy Systems in Electrical Engineering,Intelligent Signal Processing and RF Energy Harvesting for State of art 5G and B5G Networks	1	1	1	0	0
Energy and Built Environment	1	1	1	0	0
Energy, Ecology and Environment	2	1	1	0	0
Energy, Environment, and Sustainability,Two-Phase Flow for Automotive and Power Generation Sectors	2	1	1	0	0
EngMedicine	1	1	1	0	0
Engineering Applications of Computational Fluid Mechanics	2	1	1	0	0
Engineering Computations	2	1	1	0	0
Engineering Failure Analysis	1	1	1	0	0
Engineering Science and Technology, an International Journal	1	1	1	0	0
Engineering in Agriculture, Environment and Food	1	1	1	0	0
Engineering in Life Sciences	2	1	1	0	0
Engineering, Construction and Architectural Management	1	1	1	0	0
Engineering, Technology & Applied Science Research	1	1	1	0	0
Engineering, Technology &amp; Applied Science Research	1	1	1	0	0
English Interlanguage Morphology	1	1	1	0	0
English World-Wide. A Journal of Varieties of English,English World-Wide / A Journal of Varieties of English,English World-Wide	1	1	1	0	0
English in Education	1	1	1	0	0
Enseñanza e Investigación en Psicología	1	1	1	0	0
Enseñanza y Comunicación de las Geociencias	1	1	1	0	0
Enterprise, Business-Process and Information Systems Modeling,Lecture Notes in Business Information Processing	1	1	1	0	0
Environment and Urbanization	1	1	1	0	0
Environmental &amp; Socio-economic Studies	1	1	1	0	0
Environmental Archaeology	1	1	1	0	0
Environmental Biology Research	2	1	2	0	0
Environmental Chemistry Letters	2	1	1	0	0
Environmental Conservation	2	1	1	0	0
Environmental Contamination Remediation and Management,Wetland Restoration for Endangered Species Recovery	1	1	1	0	0
Environmental Dynamics and Global Climate Change	1	1	1	0	0
Environmental Engineering Science	2	1	1	0	0
Environmental Epigenetics	12	1	7	0	0
Environmental Evidence	2	1	1	0	0
Environmental Health Insights	1	1	1	0	0
Environmental Modeling &amp; Assessment	1	1	1	0	0
Environmental Processes	1	1	1	0	0
Environmental Progress &amp; Sustainable Energy	1	1	1	0	0
Environmental Science & Policy	1	1	1	0	0
Environmental Science and Engineering,Pollution and Its Minimization	1	1	1	0	0
Environmental Science: Advances	3	1	2	0	0
Environmental Science: Processes & Impacts	1	1	1	0	0
Environmental Science: Water Research & Technology	1	1	1	0	0
Environmental Values	2	1	1	0	0
Environmental and Occupational Health Practice	1	1	1	0	0
Environmental and Resource Economics	1	1	1	0	0
Epidemiologia e Serviços de Saúde	2	1	2	0	0
Epidemiology and Psychiatric Sciences	2	1	2	0	0
Epidemiology and Vaccinal Prevention	2	1	1	0	0
Epidemiology of Cannabis	2	1	2	0	0
Epigenetics & Chromatin	1	1	1	0	0
Epigenetics Insights	1	1	1	0	0
Epilepsy Research	1	1	1	0	0
Equine Veterinary Education	1	1	1	0	0
Equity and Access in Algorithms, Mechanisms, and Optimization	2	1	1	0	0
Estuaries - Dynamic Ecosystems at the Land-Sea Interface [Working Title]	1	1	1	0	0
Estudios sobre el Mensaje Periodístico	1	1	1	0	0
Ethical and Philosophical Issues in Medical Imaging, Multimodal Learning and Fusion Across Scales for Clinical Decision Support, and Topological Data Analysis for Biomedical Imaging,Lecture Notes in Computer Science	1	1	1	0	0
Ethics, Policy &amp; Environment	1	1	1	0	0
Ethology Ecology & Evolution	1	1	1	0	0
Euro-Par 2021: Parallel Processing,Lecture Notes in Computer Science	2	1	1	0	0
Euro-Par 2022: Parallel Processing Workshops,Lecture Notes in Computer Science	2	1	2	1	0.5
Euro-Par 2022: Parallel Processing,Lecture Notes in Computer Science	2	1	1	0	0
Europace	1	1	1	0	0
Europawahlkampf 2019	2	1	1	0	0
European Addiction Research	1	1	1	0	0
European Child & Adolescent Psychiatry	1	1	1	0	0
European Conference on Visual Media Production	2	1	1	0	0
European Financial Management	2	1	1	0	0
European Food Research and Technology	2	1	1	0	0
European Heart Journal - Imaging Methods and Practice	1	1	1	0	0
European Heart Journal - Quality of Care and Clinical Outcomes	2	1	1	0	0
European Heart Journal Open	1	1	1	0	0
European Journal for Security Research	2	1	1	0	0
European Journal of Anaesthesiology	2	1	1	0	0
European Journal of Applied Linguistics	1	1	1	0	0
European Journal of Business and Management Research	1	1	1	0	0
European Journal of Clinical Microbiology & Infectious Diseases	1	1	1	0	0
European Journal of Clinical Nutrition	1	1	1	0	0
European Journal of Communication	2	1	1	0	0
European Journal of Control	1	1	1	0	0
European Journal of Dental Education	1	1	1	0	0
European Journal of Developmental Psychology	1	1	1	0	0
European Journal of Drug Metabolism and Pharmacokinetics	1	1	1	0	0
European Journal of Education	1	1	1	0	0
European Journal of Empirical Legal Studies	1	1	1	0	0
European Journal of Environmental and Civil Engineering	2	1	1	0	0
European Journal of Gastroenterology &amp; Hepatology	1	1	1	0	0
European Journal of Haematology	1	1	1	0	0
European Journal of Heart Failure	1	1	1	0	0
European Journal of Horticultural Science	1	1	1	0	0
European Journal of Information Systems	1	1	1	0	0
European Journal of Marketing	1	1	1	0	0
European Journal of Medicinal Chemistry	3	1	2	0	0
European Journal of Ophthalmology	1	1	1	0	0
European Journal of Orthodontics	2	1	1	0	0
European Journal of Population	1	1	1	0	0
European Journal of Protistology	1	1	1	0	0
European Journal of Psychology Open	2	1	2	0	0
European Journal of Psychology and Educational Research	1	1	1	0	0
European Journal of Teacher Education	1	1	1	0	0
European Journal of Theoretical and Applied Sciences	1	1	1	0	0
European Journal of Training and Development	2	1	1	0	0
European Journal of Translational and Clinical Medicine	1	1	1	0	0
European Journal of Trauma &amp; Dissociation	2	1	1	0	0
European Journal of Work and Organizational Psychology	1	1	1	0	0
European Journal on Criminal Policy and Research	2	1	1	0	0
European Navigation Conference 2025	1	1	1	0	0
European Neuropsychopharmacology	1	1	1	0	0
European Planning Studies	1	1	1	0	0
European Psychologist	1	1	1	0	0
European Respiratory Review	2	1	1	0	0
European Review of Aging and Physical Activity	2	1	2	0	0
European Review of Agricultural Economics	2	1	1	0	0
European Societies	2	1	1	0	0
European Symposium on Usable Security 2021	1	1	1	0	0
European Transport Research Review	1	1	1	0	0
European Union and its Neighbours in a Globalized World,Legal, Ethical and Medical Aspects of Triage	1	1	1	0	0
European Urology Open Science	1	1	1	0	0
Evaluation	2	1	1	0	0
Evidence-Based Practice in Child and Adolescent Mental Health	2	1	1	0	0
Evidence-Based Toxicology	3	1	3	0	0
EvoDevo	2	1	2	0	0
Evolution of Cenozoic Land Mammal Faunas and Ecosystems,Vertebrate Paleobiology and Paleoanthropology	1	1	1	0	0
Evolutionary Biology	2	1	1	0	0
Evolutionary Psychological Science	1	1	1	0	0
Evolutionary and Institutional Economics Review	2	1	1	0	0
Evolving Earth	1	1	1	0	0
Experimental & Molecular Medicine	1	1	1	0	0
Experimental Biology and Medicine	3	1	2	0	0
Experimental Cell Research	1	1	1	0	0
Experimental Dermatology	2	1	1	0	0
Experimental Economics	1	1	1	0	0
Experimental Gerontology	1	1	1	0	0
Experimental Hematology	2	1	1	0	0
Experimental Lung Research	2	1	1	0	0
Experimental Mathematics	1	1	1	0	0
Experimental Mechanics	2	1	1	0	0
Experimental Parasitology	1	1	1	0	0
Experimental Thermal and Fluid Science	1	1	1	1	1
Experimental and Molecular Pathology	2	1	1	0	0
Expert Review of Anti-infective Therapy	1	1	1	0	0
Expert Review of Molecular Diagnostics	1	1	1	0	0
Expert Review of Pharmacoeconomics &amp; Outcomes Research	1	1	1	0	0
Explainable AI in Healthcare Imaging for Medical Diagnoses	1	1	1	0	0
Explainable AI with Python	1	1	1	0	0
Explainable and Transparent AI and Multi-Agent Systems,Lecture Notes in Computer Science	4	1	2	0	0
Exploration Geophysics	5	1	4	0	0
Exploration of Immunology	2	1	1	0	0
Exploration of Medicine	1	1	1	0	0
Exploring Animal Behavior Through Sound: Volume 1	2	1	1	0	0
Exploring Remote Sensing - Methods and Applications	1	1	1	0	0
Exploring digitally-mediated communication with corpora	1	1	1	0	0
Extended Abstracts of the 2020 Annual Symposium on Computer-Human Interaction in Play	2	1	1	0	0
Extended Abstracts of the 2021 CHI Conference on Human Factors in Computing Systems	1	1	1	0	0
FACE	2	1	1	0	0
FASEB BioAdvances	1	1	1	0	0
FEMS Yeast Research	2	1	1	0	0
FIIB Business Review	1	1	1	0	0
FUTURES &amp; FORESIGHT SCIENCE	1	1	1	0	0
Facial Plastic Surgery	2	1	1	0	0
Familial Cancer	2	1	1	0	0
Family Medicine and Community Health	2	1	1	0	0
Family Practice	2	1	1	0	0
Family Relations	3	1	3	0	0
Fat Studies	1	1	1	0	0
Features, Transmission, Detection, and Case Studies in COVID-19	1	1	1	0	0
Fenerbahçe Üniversitesi Sağlık Bilimleri Dergisi	1	1	1	0	0
Fenerbahçe Üniversitesi Sosyal Bilimler Dergisi	1	1	1	0	0
Fibers	1	1	1	0	0
Fides, Ratio et Patria. Studia Toruńskie	1	1	1	0	0
Field Methods	1	1	1	0	0
Finance and Society	1	1	1	0	0
Financial Data Analytics,Contributions to Finance and Accounting	2	1	1	0	0
Financial Internet Quarterly	1	1	1	0	0
Financial Markets and Portfolio Management	1	1	1	0	0
Findings of the Association for Computational Linguistics: ACL 2023	1	1	1	0	0
Findings of the Association for Computational Linguistics: ACL 2025	1	1	1	0	0
Findings of the Association for Computational Linguistics: EMNLP 2024	1	1	1	0	0
Findings of the Association for Computational Linguistics: EMNLP 2025	1	1	1	0	0
Findings of the Association for Computational Linguistics: NAACL 2025	1	1	1	0	0
FirePhysChem	1	1	1	0	0
Fish Physiology and Biochemistry	1	1	1	0	0
Flexible Query Answering Systems,Lecture Notes in Computer Science	2	1	1	0	0
Flexible and Printed Electronics	1	1	1	0	0
Flow Batteries	1	1	1	0	0
Flow Cytometry Today	2	1	1	0	0
Fluctuation and Noise Letters	1	1	1	0	0
Fly	1	1	1	0	0
Folia Geobotanica	2	1	1	0	0
Folia Microbiologica	1	1	1	0	0
Folia Veterinaria	1	1	1	0	0
Food Biophysics	2	1	1	0	0
Food Chemistry: Molecular Sciences	1	1	1	0	0
Food Hydrocolloids	2	1	1	0	0
Food Policy	1	1	1	0	0
Food Reviews International	1	1	1	0	0
Food Science and Human Wellness	1	1	1	0	0
Food Science and Technology International	1	1	1	0	0
Food Security	2	1	1	0	0
Food Structure	1	1	1	0	0
Food and Bioproducts Processing	2	1	1	0	0
Food and Humanity	1	1	1	0	0
Food, Culture & Society	1	1	1	0	0
Food, Culture &amp; Society	1	1	1	0	0
Foodborne Pathogens and Disease	2	1	1	0	0
Foot &amp; Ankle International	1	1	1	0	0
Forces in Mechanics	1	1	1	0	0
Foreign Language Annals	1	1	1	0	0
Foreign Policy Analysis	1	1	1	0	0
Forensic Imaging	1	1	1	0	0
Forensic Science International: Reports	1	1	1	0	0
Forensic Sciences	1	1	1	0	0
Forest Service Research Data Archive	1	1	1	0	0
Forest Systems	1	1	1	0	0
Forestry	1	1	1	0	0
Forestry Research	1	1	1	0	0
Formal Methods and Software Engineering,Lecture Notes in Computer Science	2	1	1	0	0
Formality and Informality in Online Performances,Internet Pragmatics	1	1	1	0	0
Forschungsmethoden und Evaluation in den Sozial- und Humanwissenschaften	1	1	1	0	0
Fortellinger om bærekraftig utvikling	1	1	1	0	0
Forum for Development Studies	1	1	1	0	0
Forum for Information Retrieval Evaluation	2	1	1	0	0
Fostering Recovery Through Metaverse Business Modelling,Springer Proceedings in Business and Economics	1	1	1	0	0
Fottea	1	1	1	0	0
Foundations of Computing and Decision Sciences	1	1	1	0	0
Fourteenth ACM Conference on Recommender Systems	2	1	1	0	0
Fourth International Meeting for Applied Geoscience &amp; Energy	1	1	1	0	0
Fractals	2	1	1	0	0
French Politics	2	1	1	0	0
Freshwater Crayfish	1	1	1	0	0
Freshwater Mollusk Biology and Conservation	1	1	1	0	0
Friction	1	1	1	0	0
From Reactive Systems to Cyber-Physical Systems,Lecture Notes in Computer Science	2	1	1	0	0
Frontiers for Young Minds	1	1	1	0	0
Frontiers in Allergy	3	1	2	0	0
Frontiers in Amphibian and Reptile Science	1	1	1	0	0
Frontiers in Arachnid Science	1	1	1	0	0
Frontiers in Audiology and Otology	1	1	1	0	0
Frontiers in Bee Science	1	1	1	0	0
Frontiers in Blockchain	1	1	1	0	0
Frontiers in Child and Adolescent Psychiatry	1	1	1	0	0
Frontiers in Clinical Diabetes and Healthcare	2	1	1	0	0
Frontiers in Cognition	1	1	1	0	0
Frontiers in Control Engineering	2	1	1	0	0
Frontiers in Dental Medicine	1	1	1	0	0
Frontiers in Digital Humanities	2	1	1	0	0
Frontiers in Drug Discovery	1	1	1	0	0
Frontiers in Ecology and the Environment	1	1	1	0	0
Frontiers in Electronic Materials	1	1	1	0	0
Frontiers in Engineering and Built Environment	1	1	1	0	0
Frontiers in Environmental Archaeology	1	1	1	0	0
Frontiers in Environmental Chemistry	1	1	1	0	0
Frontiers in Environmental Health	1	1	1	0	0
Frontiers in Food Science and Technology	1	1	1	0	0
Frontiers in Freshwater Science	1	1	1	0	0
Frontiers in Fungal Biology	2	1	1	0	0
Frontiers in Mammal Science	1	1	1	0	0
Frontiers in Medical Technology	4	1	2	0	0
Frontiers in Metals and Alloys	1	1	1	0	0
Frontiers in Nephrology	1	1	1	0	0
Frontiers in Neural Circuits	5	1	3	0	0
Frontiers in Neuroanatomy	2	1	1	0	0
Frontiers in Radiology	1	1	1	0	0
Frontiers in Reproductive Health	2	1	1	0	0
Frontiers in Sleep	1	1	1	0	0
Frontiers in Synthetic Biology	1	1	1	0	0
Frontiers in Tropical Diseases	1	1	1	0	0
Frontiers in Virology	1	1	1	0	0
Frontiers of Computer Science	5	1	3	0	0
Frontiers of Environmental Science &amp; Engineering	3	1	2	0	0
Frontiers of Information Technology &amp; Electronic Engineering	1	1	1	0	0
Frontiers of Quality Electronic Design (QED)	1	1	1	0	0
Frontiers of Structural and Civil Engineering	2	1	2	0	0
Frontline Gastroenterology	2	1	1	0	0
Functional & Integrative Genomics	1	1	1	0	0
Functions of Language	1	1	1	0	0
Fundamental Approaches to Software Engineering,Lecture Notes in Computer Science	2	1	1	0	0
Fundamental Plasma Physics	1	1	1	0	0
Fundamental Research	1	1	1	0	0
Fundamental Toxicological Sciences	1	1	1	0	0
Fundamentals of Craniofacial Malformations	2	1	1	0	0
Fundamentals of Soil Behavior	1	1	1	0	0
Fungal Biology Reviews	2	1	1	0	0
Fungal Biology and Biotechnology	1	1	1	0	0
Fungal Diversity	2	1	1	0	0
Fusion Science and Technology	2	1	2	0	0
Future Healthcare Journal	1	1	1	0	0
Future Humanities	1	1	1	0	0
Future Medicinal Chemistry	1	1	1	0	0
Future Perspectives on Human-Computer Interaction Research	1	1	1	0	0
Future Studies Research Journal: Trends and Strategies	1	1	1	0	0
Future Virology	1	1	1	0	0
Future of Business and Finance,Transforming Japanese Business	2	1	1	0	0
Futures	1	1	1	0	0
Futuristic Trends in Networks and Computing Technologies,Lecture Notes in Electrical Engineering	2	1	1	0	0
Fuzzy Management Methods,Modeling and Simulating Complex Business Perceptions	2	1	1	0	0
G3&amp;#58; Genes|Genomes|Genetics	1	1	1	0	0
GAMM-Mitteilungen	1	1	1	0	0
GEN Biotechnology	2	1	1	0	0
GEOGRAPHY, ENVIRONMENT, SUSTAINABILITY	1	1	1	0	0
GIS v Sloveniji,Digitalne vezi	1	1	1	0	0
GLOBECOM 2022 - 2022 IEEE Global Communications Conference	1	1	1	0	0
GLOBECOM 2024 - 2024 IEEE Global Communications Conference	1	1	1	0	0
Gait & Posture	1	1	1	0	0
Gallia Préhistoire	2	1	2	0	0
Games and Culture	1	1	1	0	0
Gastric Cancer	1	1	1	0	0
Gastroenterology Insights	2	1	2	0	0
Gazi University Journal of Science Part A: Engineering and Innovation	1	1	1	0	0
Gender a výzkum / Gender and Research	1	1	1	0	0
Gene Therapy	1	1	1	0	0
General Hospital Psychiatry	3	1	2	0	0
General Reanimatology	2	1	1	0	0
Genes &amp; Diseases	3	1	2	0	0
Genes &amp; Immunity	1	1	1	0	0
Genetic and Evolutionary Computation,Genetic Programming Theory and Practice XVI	2	1	1	0	0
Genetic and Evolutionary Computation,Genetic Programming Theory and Practice XX	2	1	2	0	0
Genetics and Molecular Biology	2	1	1	0	0
Genetika,ABI Genetika	1	1	1	0	0
Genomic Surveillance and Pandemic Preparedness	1	1	1	0	0
Genomics &amp; Informatics	1	1	1	0	0
Genus	1	1	1	0	0
Geo-Congress 2024	1	1	1	0	0
GeoInformatica	2	1	1	0	0
Geoarchaeology	1	1	1	0	0
Geobios	1	1	1	0	0
Geodesy and Cartography	1	1	1	0	0
Geoenvironmental Disaster Reduction,Advances in Debris-flow Science and Practice	1	1	1	0	0
Geografia Ensino &amp; Pesquisa	1	1	1	0	0
Geographia Opportuno Tempore	1	1	1	0	0
Geographic Information Systems - Data Science Approach	1	1	1	0	0
Geographical Modeling	2	1	1	0	0
Geographical Research	1	1	1	0	0
Geographical Review	1	1	1	0	0
Geographies	1	1	1	0	0
Geological Journal	2	1	1	0	0
Geological Magazine	1	1	1	0	0
Geology, Ecology, and Landscapes	1	1	1	0	0
Geomatica	1	1	1	0	0
Geomatics for Green and Digital Transition,Communications in Computer and Information Science	2	1	1	0	0
Geomechanics and Geoengineering	1	1	1	0	0
Geopedology	1	1	1	0	0
Geoscience Communication	1	1	1	0	0
Geoscience Frontiers	1	1	1	0	0
Geostandards and Geoanalytical Research	1	1	1	0	0
Geosynthetics International	1	1	1	0	0
Geosystems and Geoenvironment	2	1	1	0	0
Geriatric Nursing	1	1	1	0	0
German Politics	3	1	2	0	0
Gestion et management public	1	1	1	0	0
Gesture	1	1	1	0	0
Gestão & Produção	1	1	1	0	0
Gestão &amp; Produção	1	1	1	0	0
Gezinstherapie Wereldwijd	1	1	1	0	0
Glacies	1	1	1	0	0
Gladius	2	1	1	0	0
Glasnik Srpskog geografskog drustva,Bulletin of the Serbian Geographical Society	1	1	1	0	0
Glass Structures &amp; Engineering	2	1	2	0	0
Glia	7	1	5	0	0
Global Challenges	1	1	1	0	0
Global Environmental Politics	2	1	1	0	0
Global Epidemiology	2	1	1	0	0
Global Food Security	2	1	1	0	0
Global Health: Science and Practice	2	1	1	0	0
Global Journal of Flexible Systems Management	1	1	1	0	0
Global Media and China	1	1	1	0	0
Global Policy	1	1	1	0	0
Global Surgical Education - Journal of the Association for Surgical Education	1	1	1	0	0
Global Sustainability	1	1	1	0	0
Globale Ziele für nachhaltige Entwicklung,SDG 13: Maßnahmen zum Klimaschutz	1	1	1	0	0
Globalizations	2	1	1	0	0
Glomerular Diseases	1	1	1	0	0
Glossa: a journal of general linguistics,Volume 6	2	1	2	0	0
Glossa: a journal of general linguistics,Volume 7	2	1	1	0	0
Glossa: a journal of general linguistics,Volume 9	1	1	1	0	0
Glycobiology	1	1	1	0	0
Glycoconjugate Journal	1	1	1	0	0
Gondwana Research	1	1	1	0	0
Google Earth Engine and Artificial Intelligence for Earth Observation	1	1	1	0	0
Gouvernement et action publique	1	1	1	0	0
Governing Misinformation in Everyday Knowledge Commons	1	1	1	0	0
Government Information Quarterly	2	1	1	0	0
Graduate Texts in Physics,Computational Methods in Physics	1	1	1	0	0
Grain Economy of Russia	1	1	1	0	0
Grana	2	1	1	0	0
Granular Matter	13	1	10	1	0.0769
Graphical Models	2	1	1	0	0
Graphics and Visual Computing	2	1	1	0	0
Grass and Forage Science	1	1	1	0	0
Grassland Research	1	1	1	0	0
Gravitation and Cosmology	1	1	1	0	0
Gravitational and Space Research	1	1	1	0	0
Green Analytical Chemistry	1	1	1	0	0
Green Energy and Technology,Powerfuels	1	1	1	0	0
Green Energy and Technology,Recent Developments in Power and Propulsion Applications	1	1	1	0	0
Green Industrial Applications of Artificial Intelligence and Internet of Things	1	1	1	0	0
Green Technologies and Sustainability	1	1	1	0	0
Groundwater Monitoring &amp; Remediation	1	1	1	0	0
Growth and Change	1	1	1	0	0
Guide to Plant Single-Cell Technology	2	1	2	0	0
Gulhane Medical Journal	1	1	1	0	0
Gut Microbiome	1	1	1	0	0
Géocarrefour	2	1	1	0	0
Géotechnique Letters	2	1	2	0	0
Gümüşhane Üniversitesi Fen Bilimleri Enstitüsü Dergisi	1	1	1	0	0
Güvenlik Stratejileri Dergisi	1	1	1	0	0
HANDBOOK OF HUMAN FACTORS AND ERGONOMICS	1	1	1	0	0
HERD: Health Environments Research &amp; Design Journal	1	1	1	0	0
HIV Medicine	1	1	1	0	0
HRU International Journal of Dentistry and Oral Research	1	1	1	0	0
HSJ	1	1	1	0	0
Haematologica	2	1	1	0	0
Hamiltonian Monte Carlo Methods in Machine Learning	2	1	2	0	0
Handbook of Archaeological Sciences	1	1	1	0	0
Handbook of Artificial Intelligence Techniques in Photovoltaic Systems	2	1	1	0	0
Handbook of Assessment in Mindfulness Research	3	1	2	0	0
Handbook of Diffusion MR Tractography	1	1	1	0	0
Handbook of Epidemiology	1	1	1	0	0
Handbook of Exoplanets	1	1	1	0	0
Handbook of Formal Optimization	1	1	1	0	0
Handbook of Human Computer Interaction	1	1	1	0	0
Handbook of Human Factors and Ergonomics	1	1	1	0	0
Handbook of Mathematical Models and Algorithms in Computer Vision and Imaging	3	1	2	0	0
Handbook of Mobility Data Mining	1	1	1	0	0
Handbook of Open, Distance and Digital Education	3	1	2	0	0
Handbook of Operant Behavioral Economics	1	1	1	0	0
Handbook of Quantum Gravity	2	1	2	0	0
Handbook of Research on AI and Knowledge Engineering for Real-Time Business Intelligence,Advances in Computational Intelligence and Robotics	1	1	1	0	0
Handbook of Research on Deep Learning Innovations and Trends,Advances in Computational Intelligence and Robotics	2	1	1	0	0
Handbook of Research on Digital Violence and Discrimination Studies,Advances in Human and Social Aspects of Technology	2	1	1	0	0
Handbook of Research on Exploring Gender Equity, Diversity, and Inclusion Through an Intersectional Lens,Advances in Religious and Cultural Studies	1	1	1	0	0
Handbook of Research on Intrusion Detection Systems,Advances in Information Security, Privacy, and Ethics	2	1	1	0	0
Handbook of Smart Energy Systems	2	1	2	0	0
Handbook of Translational Transcriptomics	1	1	1	0	0
Handbook of X-ray and Gamma-ray Astrophysics	2	1	2	0	0
Handbook on Natural Language Processing for Requirements Engineering	1	1	1	0	0
Hands-on Pattern Mining	1	1	1	0	0
Harran Üniversitesi Mühendislik Dergisi	2	1	1	0	0
Head and Neck Pathology	1	1	1	0	0
Health & Place	1	1	1	0	0
Health Affairs Scholar	1	1	1	0	0
Health Economics Review	1	1	1	0	0
Health Education Journal	2	1	1	0	0
Health Expectations	1	1	1	0	0
Health Informatics,Artificial Intelligence and Machine Learning in Health Care and Medical Sciences	1	1	1	0	0
Health Informatics,Clinical Research Informatics	1	1	1	0	0
Health Information &amp; Libraries Journal	1	1	1	0	0
Health Information Management Journal	1	1	1	0	0
Health Information Science,Lecture Notes in Computer Science	2	1	1	0	0
Health Policy and Planning	2	1	1	0	0
Health Promotion Journal of Australia	1	1	1	0	0
Health Research Policy and Systems	1	1	1	0	0
Health Services Insights	2	1	2	0	0
Health Services Research	1	1	1	0	0
Healthcare Technology Letters	2	1	1	0	0
Heart	1	1	1	0	0
Heart Failure Reviews	2	1	2	0	0
Heart, Lung and Circulation	1	1	1	0	0
Heat Transfer	1	1	1	0	0
Helicobacter	1	1	1	0	0
Helvetica Chimica Acta	1	1	1	0	0
Hematological Oncology	1	1	1	0	0
Hematology	1	1	1	0	0
Hemodialysis International	3	1	2	0	0
Herald of the Economic Sciences of Ukraine	1	1	1	0	0
Hereditas	1	1	1	0	0
Hernia	1	1	1	0	0
Herpetologica	1	1	1	0	0
Herpetozoa	1	1	1	0	0
High Ability Studies	1	1	1	0	0
High Altitude Medicine & Biology	1	1	1	0	0
High Altitude Medicine &amp; Biology	1	1	1	0	0
High Entropy Alloys &amp; Materials	1	1	1	0	0
High Performance Computing in Science and Engineering '22	1	1	1	0	0
High Pressure Research	1	1	1	0	0
High Temperature	1	1	1	0	0
Higher Education Research & Development	1	1	1	0	0
Higher Education Research &amp; Development	1	1	1	0	0
Higher Education Research and Science Studies,Qualitätsmessung als Prisma	1	1	1	0	0
Higher Education, Skills and Work-Based Learning	1	1	1	0	0
Highlights of Sustainability	2	1	1	0	0
Hispanic Health Care International	1	1	1	0	0
Hitit Sosyal Bilimler Dergisi	1	1	1	0	0
Hormone Research in Paediatrics	1	1	1	0	0
Horticulture, Environment, and Biotechnology	2	1	2	0	0
Housing Policy Debate	2	1	1	0	0
Human Aspects of Information Security and Assurance,IFIP Advances in Information and Communication Technology	2	1	1	0	0
Human Behavior and Emerging Technologies	1	1	1	0	0
Human Biology and Public Health	1	1	1	0	0
Human Centred Intelligent Systems,Smart Innovation, Systems and Technologies	2	1	1	0	0
Human Ecology	2	1	2	0	0
Human Fertility	1	1	1	0	0
Human Performance	2	1	1	0	0
Human Reproduction Open	1	1	1	0	0
Human Resource Development Quarterly	2	1	1	0	0
Human and Ecological Risk Assessment: An International Journal	1	1	1	0	0
Human-Centered Artificial Intelligence	2	1	1	0	0
Human-Computer Interaction. Perspectives on Design,Lecture Notes in Computer Science	2	1	1	0	0
Human-Computer Interaction. Technological Innovation,Lecture Notes in Computer Science	2	1	1	0	0
Human-Intelligent Systems Integration	1	1	1	0	0
Human-Machine Interface for Intelligent Vehicles	1	1	1	0	0
Human-animal interaction bulletin	2	1	1	0	0
Human-centric Computing and Information Sciences	2	1	1	0	0
Hungarian Geographical Bulletin	1	1	1	0	0
Hybrid Advances	1	1	1	0	0
Hydrobiological Journal	2	1	2	0	0
Hydrobiology	1	1	1	0	0
Hydrogen	1	1	1	0	0
Hydrology, hydrochemistry and hydroecology	2	1	1	0	0
Hydroécologie Appliquée	2	1	1	0	0
Hygiene	1	1	1	0	0
Hygiene and Environmental Health Advances	2	1	1	0	0
Hyperspectral Image Analysis,Advances in Computer Vision and Pattern Recognition	2	1	1	0	0
Hypertension in Pregnancy	2	1	1	0	0
IAES International Journal of Artificial Intelligence (IJ-AI)	1	1	1	0	0
IBRO Neuroscience Reports	3	1	2	0	0
ICC 2020 - 2020 IEEE International Conference on Communications (ICC)	2	1	1	0	0
ICC 2021 - IEEE International Conference on Communications	2	1	1	0	0
ICC 2023 - IEEE International Conference on Communications	1	1	1	0	0
ICT with Intelligent Applications,Lecture Notes in Networks and Systems	1	1	1	0	0
IDCases	1	1	1	0	0
IECME 2025	1	1	1	0	0
IECON 2020 The 46th Annual Conference of the IEEE Industrial Electronics Society	2	1	1	0	0
IEEE Aerospace and Electronic Systems Magazine	1	1	1	1	1
IEEE Canadian Journal of Electrical and Computer Engineering	2	1	1	0	0
IEEE Communications Surveys &amp; Tutorials	1	1	1	0	0
IEEE Computational Intelligence Magazine	2	1	2	0	0
IEEE Design &amp; Test	2	1	1	0	0
IEEE EUROCON 2021 - 19th International Conference on Smart Technologies	2	1	1	0	0
IEEE EUROCON 2023 - 20th International Conference on Smart Technologies	1	1	1	0	0
IEEE EUROCON 2025 - 21st International Conference on Smart Technologies	1	1	1	0	0
IEEE INFOCOM 2020 - IEEE Conference on Computer Communications	2	1	1	0	0
IEEE INFOCOM 2022 - IEEE Conference on Computer Communications	2	1	1	0	0
IEEE INFOCOM 2023 - IEEE Conference on Computer Communications	2	1	2	0	0
IEEE Instrumentation &amp; Measurement Magazine	2	1	1	0	0
IEEE Journal of Electromagnetics, RF and Microwaves in Medicine and Biology	2	1	1	0	0
IEEE Journal of Radio Frequency Identification	1	1	1	0	0
IEEE Journal of Selected Topics in Quantum Electronics	2	1	1	0	0
IEEE Journal of Translational Engineering in Health and Medicine	1	1	1	0	0
IEEE Journal of the Electron Devices Society	1	1	1	0	0
IEEE Journal on Multiscale and Multiphysics Computational Techniques	2	1	1	2	1
IEEE Magnetics Letters	2	1	1	0	0
IEEE Micro	1	1	1	0	0
IEEE Microwave Magazine	2	1	1	0	0
IEEE Microwave and Wireless Components Letters	1	1	1	1	1
IEEE Networking Letters	2	1	1	0	0
IEEE Open Journal of Circuits and Systems	1	1	1	0	0
IEEE Open Journal of Vehicular Technology	1	1	1	0	0
IEEE Photonics Technology Letters	1	1	1	0	0
IEEE Solid-State Circuits Magazine	1	1	1	0	0
IEEE Systems Journal	1	1	1	1	1
IEEE Transactions on Automatic Control	2	1	1	0	0
IEEE Transactions on Circuits and Systems for Artificial Intelligence	1	1	1	0	0
IEEE Transactions on Cognitive Communications and Networking	1	1	1	0	0
IEEE Transactions on Consumer Electronics	1	1	1	0	0
IEEE Transactions on Cybernetics	1	1	1	0	0
IEEE Transactions on Dependable and Secure Computing	1	1	1	0	0
IEEE Transactions on Device and Materials Reliability	1	1	1	0	0
IEEE Transactions on Education	1	1	1	0	0
IEEE Transactions on Energy Markets, Policy and Regulation	1	1	1	0	0
IEEE Transactions on Machine Learning in Communications and Networking	1	1	1	0	0
IEEE Transactions on Magnetics	2	1	1	0	0
IEEE Transactions on Molecular, Biological and Multi-Scale Communications	2	1	1	2	1
IEEE Transactions on Power Electronics	1	1	1	0	0
IEEE Transactions on Terahertz Science and Technology	2	1	1	2	1
IEEE Transactions on Transportation Electrification	1	1	1	0	0
IEEE Transactions on Ultrasonics, Ferroelectrics, and Frequency Control	2	1	1	2	1
IEEE Transactions on Vehicular Technology	5	1	3	0	0
IEEE Transactions on Wireless Communications	2	1	1	0	0
IEEE/CAA Journal of Automatica Sinica	1	1	1	0	0
IEEE/WIC/ACM International Conference on Web Intelligence on   - WI '19	1	1	1	0	0
IEEJ Transactions on Electronics, Information and Systems	4	1	2	0	0
IEICE Communications Express	1	1	1	0	0
IET Biometrics	2	1	1	0	0
IET Blockchain	1	1	1	0	0
IET Collaborative Intelligent Manufacturing	1	1	1	0	0
IET Communications	1	1	1	0	0
IET Computer Vision	1	1	1	0	0
IET Intelligent Transport Systems	1	1	1	0	0
IET Smart Grid	2	1	1	0	0
IFAC Journal of Systems and Control	1	1	1	0	0
IFIP Advances in Information and Communication Technology,Artificial Intelligence Applications and Innovations. AIAI 2024 IFIP WG 12.5 International Workshops	1	1	1	0	0
IFIP Advances in Information and Communication Technology,Artificial Intelligence for Knowledge Management, Energy and Sustainability	1	1	1	0	0
IFIP Advances in Information and Communication Technology,ICT Systems Security and Privacy Protection	2	1	2	0	0
IFIP Advances in Information and Communication Technology,Information Technology in Disaster Risk Reduction	1	1	1	0	0
IFMBE Proceedings,10th International Conference on the Development of Biomedical Engineering in Vietnam	1	1	1	0	0
IFMBE Proceedings,Advances in Bioengineering and Clinical Engineering	1	1	1	0	0
IFMBE Proceedings,Emerging Science and Technology for Human Well-Being	1	1	1	0	0
IFMBE Proceedings,XLVIII Mexican Conference on Biomedical Engineering	1	1	1	0	0
IISE Transactions on Healthcare Systems Engineering	2	1	1	0	0
IISE Transactions on Occupational Ergonomics and Human Factors	1	1	1	0	0
IMA Journal of Applied Mathematics	1	1	1	0	0
INCOSE International Symposium	1	1	1	0	0
INFOR: Information Systems and Operational Research	2	1	1	0	0
INQUIRY: The Journal of Health Care Organization, Provision, and Financing	1	1	1	0	0
INTERNATIONAL CONFERENCE OF COMPUTATIONAL METHODS IN SCIENCES AND ENGINEERING ICCMSE 2021,AIP Conference Proceedings	1	1	1	0	0
INTERNATIONAL CONFERENCE ON TRENDS IN CHEMICAL ENGINEERING 2021 (ICoTRiCE2021),AIP Conference Proceedings	2	1	1	0	0
IOP SciNotes	2	1	1	2	1
IRBM	1	1	1	0	0
ISA Transactions	1	1	1	0	0
ISAV'20 In Situ Infrastructures for Enabling Extreme-Scale Analysis and Visualization	2	1	1	0	0
ISIJ International	1	1	1	0	0
ISPRS Annals of the Photogrammetry, Remote Sensing and Spatial Information Sciences	1	1	1	0	0
ITISE 2024	1	1	1	0	0
ITL - International Journal of Applied Linguistics	1	1	1	0	0
IUBMB Life	1	1	1	0	0
Iberoamerican Business Journal	1	1	1	0	0
Ichthyology &amp; Herpetology	2	1	1	0	0
Im Zeichen der Kontrastivität	1	1	1	0	0
Image Analysis and Processing – ICIAP 2023,Lecture Notes in Computer Science	1	1	1	0	0
Image Sensors - Digital Imaging Systems and Applications	1	1	1	0	0
Image and Video Technology,Lecture Notes in Computer Science	1	1	1	0	0
Imaging Systems for GI Endoscopy, and Graphs in Biomedical Image Analysis,Lecture Notes in Computer Science	1	1	1	0	0
Imaging and Applied Optics Congress 2022 (3D, AOA, COSI, ISA, pcAOP)	2	1	1	0	0
ImmunoTargets and Therapy	1	1	1	0	0
Immunogenetics	1	1	1	0	0
Immunopharmacology and Immunotoxicology	1	1	1	0	0
Implementation Science	1	1	1	0	0
In Silico Pharmacology	1	1	1	0	0
In Vitro Cellular &amp; Developmental Biology - Plant	1	1	1	0	0
In the Minds of Judges	1	1	1	0	0
India HCI 2021	2	1	1	0	0
Indian Geotechnical Journal	1	1	1	0	0
Indian Journal of Artificial Intelligence and Neural Networking	1	1	1	0	0
Indian Journal of Community Medicine	2	1	1	0	0
Indian Journal of Dermatology	1	1	1	0	0
Indian Journal of Entomology	4	1	4	0	0
Indian Journal of Hematology and Blood Transfusion	1	1	1	0	0
Indian Journal of Medical Microbiology	1	1	1	0	0
Indian Journal of Microbiology Research	1	1	1	0	0
Indian Journal of Nuclear Medicine	1	1	1	0	0
Indian Journal of Pediatrics	2	1	1	0	0
Indian Journal of Tuberculosis	1	1	1	0	0
Indian Phytopathology	2	1	1	0	0
Indoor and Built Environment	1	1	1	0	0
Industrial Management &amp; Data Systems	1	1	1	0	0
Industrial Marketing Management	2	1	1	0	0
Industrial and Domestic Waste Management	1	1	1	0	0
Infant Mental Health Journal: Infancy and Early Childhood	1	1	1	0	0
Infection Ecology &amp; Epidemiology	1	1	1	0	0
Infection Prevention in Practice	2	1	2	0	0
Infection and Drug Resistance	2	1	1	0	0
Infectious Disease Modelling	1	1	1	0	0
Infectious Diseases Now	1	1	1	0	0
Infectious Diseases in Clinical Practice	1	1	1	0	0
Inflammation	2	1	1	0	0
Inflammation and Regeneration	1	1	1	0	0
Inflammatory Bowel Diseases	1	1	1	0	0
Inflammopharmacology	1	1	1	0	0
InfoMat	2	1	1	0	0
Infodemic Disorder	1	1	1	0	0
Informatics in Control, Automation and Robotics,Lecture Notes in Electrical Engineering	2	1	1	0	0
Informatik aktuell,Bildverarbeitung für die Medizin 2023	1	1	1	0	0
Information &amp; Management	2	1	1	0	0
Information Geography	1	1	1	0	0
Information Geometry	1	1	1	0	0
Information Integration and Web Intelligence,Lecture Notes in Computer Science	2	1	1	0	0
Information Management and Big Data,Communications in Computer and Information Science	2	1	1	0	0
Information Systems Engineering and Management,Adversarial Deep Generative Techniques for Early Diagnosis of Neurological Conditions and Mental Health Practises	1	1	1	0	0
Information Systems Engineering and Management,International Conference on Technology Advances for Green Solutions and Sustainable Development	1	1	1	0	0
Information Systems Engineering and Management,Proceedings of 5th International Conference on Artificial Intelligence and Smart Energy	1	1	1	0	0
Information Systems and Neuroscience,Lecture Notes in Information Systems and Organisation	1	1	1	0	0
Information Systems,Lecture Notes in Business Information Processing	2	1	1	0	0
Information Technology & Tourism	1	1	1	0	0
Information Technology for Management: Current Research and Future Directions,Lecture Notes in Business Information Processing	2	1	1	0	0
Information and Communication Technologies in Tourism 2021	2	1	1	0	0
Information and Inference: A Journal of the IMA	2	1	2	0	0
Infrared Physics &amp; Technology	1	1	1	0	0
Ingeniería e Investigación	1	1	1	0	0
Innate Immunity	1	1	1	0	0
Innovación y Software	1	1	1	0	0
Innovar	1	1	1	0	0
Innovation	1	1	1	0	0
Innovation and Development	2	1	1	0	0
Innovation in Construction	2	1	1	0	0
Innovations in Education and Teaching International	2	1	1	0	0
Innovations in Land, Water and Energy for Vietnam’s Sustainable Development,UNIPA Springer Series	2	1	1	0	0
Innovations in Landscape Research,Trees in South African Agriculture	1	1	1	0	0
Innovations in Sustainable Technologies and Computing,Proceedings of 4th International Conference on ICT for Digital, Smart, and Sustainable Development	1	1	1	0	0
Innovations in Sustainable Technologies and Computing,Recent Advancements in Artificial Intelligence	1	1	1	0	0
Innovative Approaches to Technology-Enhanced Learning for the Workplace and Higher Education,Lecture Notes in Networks and Systems	1	1	1	0	0
Innovative Mobile and Internet Services in Ubiquitous Computing,Lecture Notes in Networks and Systems	2	1	1	0	0
Innovative Surgical Sciences	1	1	1	0	0
Innovative Treatment Strategies for Clinical Electrophysiology,Lecture Notes in Bioengineering	1	1	1	0	0
Insect Biochemistry and Molecular Biology	1	1	1	0	0
Insect Molecular Biology	1	1	1	0	0
Insect Systematics and Diversity	9	1	6	0	0
Integrated Computer-Aided Engineering	1	1	1	0	0
Integrated Population Models	2	1	1	0	0
Integrated Series in Information Systems,EURO Working Group on DSS	2	1	1	0	0
Integrated Systems: Data Driven Engineering	1	1	1	0	0
Integrating Metaheuristics in Computer Vision for Real‐World Optimization Problems	1	1	1	0	0
Integration and Bridging of Multiscale Bioengineering Designs and Tissue Biomechanics	1	1	1	0	0
Integration of Constraint Programming, Artificial Intelligence, and Operations Research,Lecture Notes in Computer Science	3	1	2	0	0
Integration of Education	1	1	1	0	0
Integrative Biology	1	1	1	0	0
Intelligent Computers, Algorithms, and Applications,Communications in Computer and Information Science	1	1	1	0	0
Intelligent Computing	1	1	1	0	0
Intelligent Computing Theories and Application,Lecture Notes in Computer Science	4	1	2	0	0
Intelligent Computing and Networking,Lecture Notes in Networks and Systems	1	1	1	0	0
Intelligent Computing for Interactive System Design	2	1	1	0	0
Intelligent Data Engineering and Automated Learning – IDEAL 2018,Lecture Notes in Computer Science	2	1	1	0	0
Intelligent Data Engineering and Automated Learning – IDEAL 2019,Lecture Notes in Computer Science	2	1	1	0	0
Intelligent Data Engineering and Automated Learning – IDEAL 2021,Lecture Notes in Computer Science	2	1	1	0	0
Intelligent Decision Technologies	2	1	1	0	0
Intelligent Environments	1	1	1	0	0
Intelligent Human Computer Interaction,Lecture Notes in Computer Science	2	1	1	0	0
Intelligent Marine Technology and Systems	1	1	1	0	0
Intelligent Medicine	1	1	1	0	0
Intelligent Oncology	1	1	1	0	0
Intelligent Robotics and Applications,Lecture Notes in Computer Science	2	1	1	0	0
Intelligent Sustainable Systems,Lecture Notes in Networks and Systems	1	1	1	0	0
Intelligent Systems Reference Library,Advances in Intelligent Disease Diagnosis and Treatment	1	1	1	0	0
Intelligent Systems with Applications	1	1	1	0	0
Intelligent Systems,Lecture Notes in Networks and Systems	2	1	1	0	0
Intelligent Tutoring Systems,Lecture Notes in Computer Science	2	1	1	0	0
Intelligente und nachhaltige Technologie für widerstandsfähige Städte und Gemeinden	1	1	1	0	0
Intelligenza Artificiale	2	1	1	0	0
Interacting with Computers	1	1	1	0	0
Interaction Design and Architecture(s)	1	1	1	0	0
Interaction Studies,Socially Acceptable Robot Behavior,Interaction Studies. Social Behaviour and Communication in Biological and Artificial Systems,Interaction Studies / Social Behaviour and Communication in Biological and Artificial Systems	1	1	1	0	0
Interaktive Datenvisualisierung in Wissenschaft und Unternehmenspraxis	2	1	1	0	0
Interdisciplinary Medicine	1	1	1	0	0
Interdisciplinary Perspectives on Infectious Diseases	1	1	1	0	0
Interdisciplinary Science Reviews	2	1	1	0	0
Interest Groups &amp; Advocacy	1	1	1	0	0
Intermetallics	2	1	1	0	0
Internal Medicine	1	1	1	0	0
Internal and Emergency Medicine	2	1	1	0	0
International Agrophysics	1	1	1	0	0
International Biodeterioration &amp; Biodegradation	2	1	1	0	0
International Breastfeeding Journal	1	1	1	0	0
International Conference on Human-Agent Interaction	1	1	1	0	0
International Conference on Information Systems Development,Proceedings of the 32nd International Conference on Information Systems Development	1	1	1	0	0
International Conference on Managing Business Through Web Analytics	1	1	1	0	0
International Conference on Multimodel Interaction	1	1	1	0	0
International Conference on Transportation and Development 2022	2	1	1	0	0
International Conference on Transportation and Development 2024	1	1	1	0	0
International Dental Journal	1	1	1	0	0
International Encyclopedia of Statistical Science	1	1	1	0	0
International Entrepreneurship and Management Journal	1	1	1	0	0
International Environmental Agreements: Politics, Law and Economics	2	1	1	0	0
International Geology Review	1	1	1	0	0
International Immunology	1	1	1	0	0
International Journal Of Public Opinion Research	1	1	1	0	0
International Journal for Quality in Health Care	1	1	1	0	0
International Journal for the Semiotics of Law - Revue internationale de Sémiotique juridique	2	1	2	0	0
International Journal of 3D Printing Technologies and Digital Industry	1	1	1	0	0
International Journal of Acarology	2	1	1	0	0
International Journal of Accounting Information Systems	2	1	1	0	0
International Journal of Advanced Engineering and Nano Technology	1	1	1	0	0
International Journal of Advanced Robotic Systems	1	1	1	0	0
International Journal of Advances in Engineering Sciences and Applied Mathematics	2	1	1	0	0
International Journal of Advertising	1	1	1	0	0
International Journal of Aeroacoustics	2	1	1	0	0
International Journal of Agriculture, Environment and Food Sciences	1	1	1	0	0
International Journal of Agronomy	1	1	1	0	0
International Journal of Ambient Energy	2	1	1	0	0
International Journal of Angiology	1	1	1	0	0
International Journal of Applied Engineering and Management Letters	1	1	1	0	0
International Journal of Applied Glass Science	2	1	1	0	0
International Journal of Applied Metaheuristic Computing	2	1	1	0	0
International Journal of Applied Research in Bioinformatics	2	1	1	0	0
International Journal of Biosciences (IJB)	1	1	1	0	0
International Journal of Business Communication	1	1	1	0	0
International Journal of Cardiology Congenital Heart Disease	4	1	4	0	0
International Journal of Cardiovascular Sciences	1	1	1	0	0
International Journal of Chemical Reactor Engineering	1	1	1	0	0
International Journal of Cognitive Research in Science, Engineering and Education (IJCRSEE)	1	1	1	0	0
International Journal of Communication and Information Technology	1	1	1	0	0
International Journal of Computational Methods	1	1	1	0	0
International Journal of Computer Integrated Manufacturing	2	1	1	0	0
International Journal of Computer-Supported Collaborative Learning	1	1	1	0	0
International Journal of Computers and Applications	1	1	1	0	0
International Journal of Conservation Science	1	1	1	0	0
International Journal of Construction Education and Research	1	1	1	0	0
International Journal of Construction Management	1	1	1	0	0
International Journal of Contemporary Hospitality Management	2	1	1	0	0
International Journal of Corpus Linguistics,Language and Covid-19	2	1	1	0	0
International Journal of Cosmetic Science	1	1	1	0	0
International Journal of Crashworthiness	1	1	1	0	0
International Journal of Cross Cultural Management	1	1	1	0	0
International Journal of Cultural Policy	1	1	1	0	0
International Journal of Culture, Tourism and Hospitality Research	2	1	1	0	0
International Journal of Damage Mechanics	1	1	1	0	0
International Journal of Data Science in the Mathematical Sciences	1	1	1	0	0
International Journal of Database Management Systems	1	1	1	0	0
International Journal of Dentistry	1	1	1	0	0
International Journal of Dermatology	1	1	1	0	0
International Journal of Developmental Disabilities	1	1	1	0	0
International Journal of Developmental Science	1	1	1	0	0
International Journal of Diabetes and Technology	1	1	1	0	0
International Journal of Diabetes in Developing Countries	1	1	1	0	0
International Journal of Dynamics and Control	1	1	1	0	0
International Journal of E-Planning Research	1	1	1	0	0
International Journal of Educational Development	2	1	1	0	0
International Journal of Educational Methodology	1	1	1	0	0
International Journal of Educational Research	1	1	1	0	0
International Journal of Electrical and Electronics Research	2	1	1	0	0
International Journal of Electronic Commerce	1	1	1	0	0
International Journal of Electronic Government Research	2	1	1	0	0
International Journal of Emergency Medicine	1	1	1	0	0
International Journal of Energy Sector Management	1	1	1	0	0
International Journal of Engineering and Advanced Technology	2	1	1	0	0
International Journal of Engineering and Geosciences	2	1	2	0	0
International Journal of Engineering and Technology Innovation	1	1	1	0	0
International Journal of Environment and Geoinformatics	2	1	1	0	0
International Journal of Environmental Analytical Chemistry	2	1	1	0	0
International Journal of Environmental Research	2	1	2	0	0
International Journal of Excellence in Smart Learning	1	1	1	0	0
International Journal of Experimental Research and Review	1	1	1	0	0
International Journal of Extreme Manufacturing	1	1	1	0	0
International Journal of Family &amp; Community Medicine	1	1	1	0	0
International Journal of Finance &amp; Economics	1	1	1	0	0
International Journal of Food Science &amp; Technology	2	1	1	0	0
International Journal of Food Sciences and Nutrition	1	1	1	0	0
International Journal of Forensic Mental Health	2	1	1	0	0
International Journal of Forestry Research	1	1	1	0	0
International Journal of Fuzzy Systems	2	1	1	0	0
International Journal of Game-Based Learning	2	1	1	0	0
International Journal of Geometric Methods in Modern Physics	1	1	1	0	0
International Journal of Geosciences	1	1	1	0	0
International Journal of Geosynthetics and Ground Engineering	2	1	1	0	0
International Journal of Geotechnical Engineering	1	1	1	0	0
International Journal of Global Business and Competitiveness	1	1	1	0	0
International Journal of Hypertension	2	1	1	0	0
International Journal of Imaging Systems and Technology	2	1	1	0	0
International Journal of Immunogenetics	1	1	1	0	0
International Journal of Impact Engineering	3	1	2	0	0
International Journal of Inclusive Education	1	1	1	0	0
International Journal of Information Technology and Web Engineering	2	1	1	0	0
International Journal of Information and Education Technology	2	1	1	0	0
International Journal of Innovation	1	1	1	0	0
International Journal of Innovative Research and Scientific Studies	1	1	1	0	0
International Journal of Innovative Science and Research Technology	2	1	2	0	0
International Journal of Intelligent Information Technologies	1	1	1	0	0
International Journal of Intelligent Robotics and Applications	2	1	1	0	0
International Journal of Intelligent Unmanned Systems	1	1	1	0	0
International Journal of Inventive Engineering and Sciences	1	1	1	0	0
International Journal of Knowledge-Based Organizations	2	1	1	0	0
International Journal of Laboratory Hematology	4	1	3	0	0
International Journal of Latest Technology in Engineering Management &amp; Applied Science	1	1	1	0	0
International Journal of Law, Crime and Justice	2	1	1	0	0
International Journal of Learner Corpus Research	2	1	1	0	0
International Journal of Listening	4	1	2	0	0
International Journal of Logistics Research and Applications	1	1	1	0	0
International Journal of Machine Tools and Manufacture	1	1	1	0	0
International Journal of Management and Accounting	2	1	1	0	0
International Journal of Management, Technology, and Social Sciences	1	1	1	0	0
International Journal of Managerial Finance	2	1	1	0	0
International Journal of Managing Projects in Business	2	1	1	0	0
International Journal of Manpower	2	1	1	0	0
International Journal of Market Research	2	1	1	0	0
International Journal of Material Forming	1	1	1	0	0
International Journal of Mechanics and Materials in Design	1	1	1	0	0
International Journal of Mining Science and Technology	1	1	1	0	0
International Journal of Mining, Reclamation and Environment	1	1	1	0	0
International Journal of Modeling, Simulation, and Scientific Computing	1	1	1	0	0
International Journal of Modern Physics C	2	1	1	0	0
International Journal of Multimedia Information Retrieval	1	1	1	0	0
International Journal of Networking and Computing	1	1	1	0	0
International Journal of Neural Systems	2	1	1	0	0
International Journal of Neuropsychopharmacology	1	1	1	0	0
International Journal of Non-Linear Mechanics	1	1	1	0	0
International Journal of Nursing Studies Advances	2	1	2	0	0
International Journal of Occupational Safety and Ergonomics	1	1	1	0	0
International Journal of Offender Therapy and Comparative Criminology	1	1	1	0	0
International Journal of Older People Nursing	1	1	1	0	0
International Journal of Oral and Maxillofacial Surgery	1	1	1	0	0
International Journal of Osteoarchaeology	1	1	1	0	0
International Journal of Parallel Programming	2	1	1	0	0
International Journal of Physics Research and Applications	1	1	1	0	0
International Journal of Plant Biology	1	1	1	0	0
International Journal of Precision Engineering and Manufacturing	1	1	1	0	0
International Journal of Production Economics	2	1	1	0	0
International Journal of Production Research	3	1	2	0	0
International Journal of Public Administration	2	1	2	0	0
International Journal of Pure and Applied Sciences	2	1	1	0	0
International Journal of Qualitative Methods	1	1	1	0	0
International Journal of Quality and Service Sciences	2	1	1	0	0
International Journal of Quantum Information	2	1	1	0	0
International Journal of Radiation Biology	5	1	3	0	0
International Journal of Rail Transportation	2	1	1	0	0
International Journal of Research & Method in Education	1	1	1	0	0
International Journal of Risk & Safety in Medicine	2	1	2	0	0
International Journal of Risk &amp; Safety in Medicine	2	1	2	0	0
International Journal of School &amp; Educational Psychology	1	1	1	0	0
International Journal of Science Education, Part B	2	1	1	0	0
International Journal of Science and Mathematics Education	2	1	2	0	0
International Journal of Scientific Research in Computer Science, Engineering and Information Technology	1	1	1	0	0
International Journal of Scientific Research in Science and Technology	1	1	1	0	0
International Journal of Scientific Research in Science, Engineering and Technology	1	1	1	0	0
International Journal of Semantic Computing	1	1	1	0	0
International Journal of Social Psychology: Revista de Psicología Social	1	1	1	0	0
International Journal of Sociology	2	1	1	0	0
International Journal of Software Engineering and Knowledge Engineering	2	1	1	0	0
International Journal of Speech-Language Pathology	1	1	1	0	0
International Journal of Sport Communication	1	1	1	0	0
International Journal of Sports Physical Therapy	1	1	1	0	0
International Journal of Sports Science & Coaching	1	1	1	0	0
International Journal of Statistics in Medical Research	1	1	1	0	0
International Journal of Surgical Pathology	1	1	1	0	0
International Journal of Sustainable Energy	1	1	1	0	0
International Journal of Testing	1	1	1	0	0
International Journal of Theoretical Physics	1	1	1	0	0
International Journal of Training and Development	2	1	1	0	0
International Journal of Uncertainty, Fuzziness and Knowledge-Based Systems	1	1	1	0	0
International Journal of Urban Sciences	2	1	1	0	0
International Journal of Vegetable Science	1	1	1	0	0
International Journal of Veterinary Medicine	1	1	1	0	0
International Journal of Web-Based Learning and Teaching Technologies	1	1	1	0	0
International Journal of Workplace Health Management	1	1	1	0	0
International Peacekeeping	1	1	1	0	0
International Perspectives in Geography,Relational Geographies of Islands in the Indo-Pacific	1	1	1	0	0
International Petroleum Technology Conference	1	1	1	0	0
International Review for Spatial Planning and Sustainable Development	1	1	1	0	0
International Review of Administrative Sciences	4	1	3	0	0
International Review of Cell and Molecular Biology	1	1	1	0	0
International Review of Economics	1	1	1	0	0
International Review of Hydrobiology	1	1	1	0	0
International Review of Law, Computers &amp; Technology	1	1	1	0	0
International Review of Psychiatry	1	1	1	0	0
International Review of Social Psychology	2	1	1	0	0
International Review of Sociology	2	1	1	0	0
International Review of Sport and Exercise Psychology	1	1	1	0	0
International Review of Victimology	1	1	1	0	0
International Series in Advanced Management Studies,Marketing and Dysfunctional Consumer Behaviour	1	1	1	0	0
International Series in Operations Research &amp; Management Science,Applying Particle Swarm Optimization	1	1	1	0	0
International Series in Operations Research &amp; Management Science,Cyberdefense	1	1	1	0	0
International Series in Operations Research &amp; Management Science,Outsourcing	1	1	1	0	0
International Sociology	2	1	1	0	0
International Sport Coaching Journal	1	1	1	0	0
International Studies Quarterly	5	1	3	2	0.4
International Studies Review	2	1	1	0	0
International Sustainable Energy Conference - Proceedings	1	1	1	0	0
International Symposium on Affective Science and Engineering	1	1	1	0	0
International Transactions in Operational Research	1	1	1	0	0
International Turfgrass Society Research Journal	3	1	2	0	0
International Urogynecology Journal	1	1	1	0	0
International Wood Products Journal	1	1	1	0	0
International Workshop on Gravity, Electrical &amp; Magnetic Methods and Their Applications, Shenzhen, China, May 19–22, 2024	1	1	1	0	0
International Workshop on OpenCL	1	1	1	0	0
Internet Pragmatics	1	1	1	0	0
Internet Research	1	1	1	0	0
Internet of Things,IoT Edge Intelligence	1	1	1	0	0
Internet of Things. IoT through a Multi-disciplinary Perspective,IFIP Advances in Information and Communication Technology	2	1	1	0	0
Internet of Vehicles. Technologies and Services Toward Smart Cities,Lecture Notes in Computer Science	2	1	1	0	0
Interpretability for Industry 4.0 : Statistical and Machine Learning Approaches	2	1	1	0	0
Interpretable and Annotation-Efficient Learning for Medical Image Computing,Lecture Notes in Computer Science	2	1	1	0	0
Interpreting. International Journal of Research and Practice in Interpreting,Interpreting / International Journal of Research and Practice in Interpreting,Interpreting	1	1	1	0	0
Interventional Neuroradiology	1	1	1	0	0
Introduction to Gravitational Lensing,Lecture Notes in Physics	4	1	2	0	0
Introduzione al lensing gravitazionale	2	1	2	0	0
Invasive Alien Species	2	1	1	0	0
Inventive Computation and Information Technologies,Lecture Notes in Networks and Systems	2	1	1	0	0
Inverse Problems and Imaging	1	1	1	0	0
Inverse Problems in Science and Engineering	2	1	1	0	0
Invertebrate Biology	1	1	1	0	0
Invertebrate Reproduction &amp; Development	1	1	1	0	0
Investigational New Drugs	1	1	1	0	0
In‐Situ Transmission Electron Microscopy Experiments	1	1	1	0	0
IoC - Internet of Construction	1	1	1	0	0
IoT	2	1	1	0	0
IoT Sensor-Based Activity Recognition,Intelligent Systems Reference Library	2	1	1	0	0
Iranian Journal of Science and Technology, Transactions of Electrical Engineering	1	1	1	0	0
Iranian Journal of Science and Technology, Transactions of Mechanical Engineering	1	1	1	0	0
Irish Journal of Agricultural and Food Research	2	1	1	0	0
Irish Journal of Medical Science (1971 -)	1	1	1	0	0
Irish Veterinary Journal	1	1	1	0	0
Irrigation and Drainage	1	1	1	0	0
Isokinetics and Exercise Science	2	1	1	0	0
Isotopes in Environmental and Health Studies	1	1	1	0	0
Italian Journal of Pediatrics	2	1	2	0	0
Italian Statistical Society Series on Advances in Statistics,Methodological and Applied Statistics and Demography II	1	1	1	0	0
Italian Statistical Society Series on Advances in Statistics,Methodological and Applied Statistics and Demography IV	1	1	1	0	0
Italian Statistical Society Series on Advances in Statistics,Statistics for Innovation IV	1	1	1	0	0
Izmeritel`naya Tekhnika	2	1	1	0	0
Izvestiya Rossiiskoi Akademii Nauk Seriya Geograficheskaya	1	1	1	0	0
Izvestiya, Physics of the Solid Earth	1	1	1	0	0
JAACAP Open	1	1	1	0	0
JACEP Open	1	1	1	0	0
JAMA Oncology	2	1	2	0	0
JAMA Ophthalmology	1	1	1	0	0
JAMA Otolaryngology–Head &amp; Neck Surgery	2	1	1	0	0
JAMA Pediatrics	1	1	1	0	0
JAMA Psychiatry	1	1	1	0	0
JAMA Surgery	1	1	1	0	0
JAP Academy Journal	1	1	1	0	0
JBJS Open Access	1	1	1	0	0
JBMR Plus	2	1	1	0	0
JCO Global Oncology	2	1	1	0	0
JCO Oncology Advances	1	1	1	0	0
JEADV Clinical Practice	1	1	1	0	0
JHLT Open	2	1	2	0	0
JID Innovations	1	1	1	0	0
JMIR Biomedical Engineering	1	1	1	0	0
JMIR Dermatology	1	1	1	0	0
JMIR Diabetes	2	1	1	0	0
JMIR Perioperative Medicine	1	1	1	0	0
JMIR Serious Games	2	1	1	0	0
JMIR XR and Spatial Computing	1	1	1	0	0
JOR SPINE	1	1	1	0	0
JOURNAL OF ENGINEERING SCIENCE	1	1	1	0	0
JOURNAL OF INTERNATIONAL STUDIES	1	1	1	0	0
JPO Journal of Prosthetics and Orthotics	2	1	1	1	0.5
JPRAS Open	1	1	1	0	0
JSAMS Plus	1	1	1	0	0
JSES International	1	1	1	0	0
JSES Reviews, Reports, and Techniques	2	1	1	0	0
JU Open Plus	1	1	1	0	0
JURNAL MEDIA INFORMATIKA BUDIDARMA	1	1	1	0	0
JUSTC	1	1	1	0	0
JVS-Vascular Insights	1	1	1	0	0
JVS-Vascular Science	1	1	1	0	0
Jahrbuch Musikpsychologie	1	1	1	0	0
Japan Journal of Industrial and Applied Mathematics	1	1	1	0	0
Japanese Geotechnical Society Special Publication	1	1	1	0	0
Japanese Journal of Animal Psychology	2	1	1	0	0
Japanese Journal of Infectious Diseases	1	1	1	0	0
Japanese Journal of JSCE	2	1	2	0	0
Japanese Journal of Political Science	1	1	1	0	0
Japanese Journal of Statistics and Data Science	1	1	1	0	0
Jasper's Basic Mechanisms of the Epilepsies	1	1	1	0	0
Javnost - The Public	2	1	1	0	0
Jews and Muslims in German Print Media	1	1	1	0	0
Jornadas de Automática	1	1	1	0	0
Journal Infectology	1	1	1	0	0
Journal de Mathématiques Pures et Appliquées	1	1	1	0	0
Journal for STEM Education Research	3	1	2	0	0
Journal for the Study of Education and Development	2	1	1	0	0
Journal of  Health Systems and Policies	1	1	1	0	0
Journal of Accounting Literature	1	1	1	0	0
Journal of Adolescent Research	2	1	1	0	0
Journal of Adolescent and Young Adult Oncology	1	1	1	0	0
Journal of Advanced Academics	1	1	1	0	0
Journal of Advanced Manufacturing and Processing	2	1	1	0	0
Journal of Advanced Simulation in Science and Engineering	2	1	1	0	0
Journal of Affective Disorders Reports	1	1	1	0	0
Journal of Aggression, Maltreatment & Trauma	1	1	1	0	0
Journal of Aging and Health	4	1	2	0	0
Journal of Aging and Physical Activity	2	1	1	0	0
Journal of Agribusiness in Developing and Emerging Economies	2	1	1	0	0
Journal of Agricultural &amp; Food Industrial Organization	1	1	1	0	0
Journal of Agricultural Meteorology	1	1	1	0	0
Journal of Agromedicine	1	1	1	0	0
Journal of Agronomy and Crop Science	4	1	2	0	0
Journal of Air Transportation	1	1	1	0	0
Journal of Algorithms &amp; Computational Technology	1	1	1	0	0
Journal of Anaesthesiology Clinical Pharmacology	1	1	1	0	0
Journal of Analytical Science and Technology	2	1	2	0	0
Journal of Analytical Toxicology	4	1	2	0	0
Journal of Anesthesia	1	1	1	0	0
Journal of Animal Physiology and Animal Nutrition	1	1	1	0	0
Journal of Anthropological Research	1	1	1	0	0
Journal of Applied Aquaculture	1	1	1	0	0
Journal of Applied Biobehavioral Research	2	1	1	0	0
Journal of Applied Biomechanics	4	1	4	0	0
Journal of Applied Engineering Science	1	1	1	0	0
Journal of Applied Genetics	1	1	1	0	0
Journal of Applied Ichthyology	1	1	1	0	0
Journal of Applied Mechanics	1	1	1	0	0
Journal of Applied Probability	1	1	1	1	1
Journal of Applied Research in Higher Education	1	1	1	0	0
Journal of Applied Research in Intellectual Disabilities	2	1	1	0	0
Journal of Applied Research on Medicinal and Aromatic Plants	2	1	1	0	0
Journal of Applied Sport and Exercise Psychology	1	1	1	0	0
Journal of Architectural Engineering	1	1	1	0	0
Journal of Asia-Pacific Entomology	1	1	1	0	0
Journal of Asian Earth Sciences	1	1	1	0	0
Journal of Asthma and Allergy	1	1	1	0	0
Journal of Astronomical Instrumentation	2	1	1	0	0
Journal of Atmospheric and Oceanic Technology	2	1	1	2	1
Journal of Automation and Intelligence	1	1	1	0	0
Journal of Basic Microbiology	1	1	1	0	0
Journal of Basic and Applied Genetics	2	1	1	0	0
Journal of Behavioral Addictions	2	1	1	0	0
Journal of Behavioral Data Science	1	1	1	0	0
Journal of Bio-X Research	2	1	1	0	0
Journal of Biological Control	1	1	1	0	0
Journal of Biological Dynamics	1	1	1	0	0
Journal of Biological Physics	2	1	1	2	1
Journal of Biological Research-Thessaloniki	2	1	1	0	0
Journal of Biological Systems	1	1	1	0	0
Journal of Biomedical Materials Research Part A	1	1	1	0	0
Journal of Biomolecular NMR	2	1	1	0	0
Journal of Biosciences	1	1	1	0	0
Journal of Biotechnology	1	1	1	0	0
Journal of Black Psychology	1	1	1	0	0
Journal of Bodywork and Movement Therapies	1	1	1	0	0
Journal of Bone Oncology	1	1	1	0	0
Journal of Bone and Mineral Research	1	1	1	0	0
Journal of Brand Management	1	1	1	0	0
Journal of Business & Industrial Marketing	1	1	1	0	0
Journal of Business &amp; Industrial Marketing	1	1	1	0	0
Journal of Business Ethics	1	1	1	0	0
Journal of Business Venturing	1	1	1	0	0
Journal of Business Venturing Insights	1	1	1	0	0
Journal of Capital Markets Studies	2	1	1	0	0
Journal of Cardiac Surgery	2	1	1	0	0
Journal of Cardiopulmonary Rehabilitation and Prevention	1	1	1	0	0
Journal of Cardiovascular Computed Tomography	1	1	1	0	0
Journal of Cardiovascular Electrophysiology	1	1	1	0	0
Journal of Cardiovascular Nursing	1	1	1	0	0
Journal of Cardiovascular Pharmacology	1	1	1	0	0
Journal of Career Assessment	1	1	1	0	0
Journal of Cartilage &amp; Joint Preservation	2	1	2	0	0
Journal of Cataract and Refractive Surgery	1	1	1	0	0
Journal of Central Banking Theory and Practice	1	1	1	0	0
Journal of Chemical & Engineering Data	2	1	2	2	1
Journal of Chemistry	1	1	1	0	0
Journal of Child &amp; Adolescent Trauma	1	1	1	0	0
Journal of Child Neurology	1	1	1	0	0
Journal of Children's Orthopaedics	1	1	1	0	0
Journal of Chinese Political Science	4	1	4	0	0
Journal of Chromatography B	1	1	1	0	0
Journal of Civil Engineering Education	1	1	1	0	0
Journal of Clinical Biochemistry and Nutrition	1	1	1	0	0
Journal of Clinical Child & Adolescent Psychology	1	1	1	0	0
Journal of Clinical Lipidology	1	1	1	0	0
Journal of Clinical Personalized Medicine	1	1	1	0	0
Journal of Clinical Sleep Medicine	1	1	1	0	0
Journal of Clinical and Basic Research	1	1	1	0	0
Journal of College Science Teaching	1	1	1	0	0
Journal of Combinatorial Optimization	1	1	1	0	0
Journal of Communications Technology and Electronics	1	1	1	0	0
Journal of Communications, Media And Society (JOCMAS)	1	1	1	0	0
Journal of Community Health	2	1	1	0	0
Journal of Comparative Neurology	1	1	1	0	0
Journal of Comparative Physiology B	1	1	1	0	0
Journal of Complexity	1	1	1	0	0
Journal of Computational Biophysics and Chemistry	1	1	1	0	0
Journal of Computational Mathematics and Data Science	2	1	1	0	0
Journal of Computational Methods in Sciences and Engineering	1	1	1	0	0
Journal of Computational and Theoretical Transport	1	1	1	0	0
Journal of Computer Aided Chemistry	2	1	1	0	0
Journal of Computer Information Systems	1	1	1	0	0
Journal of Computer Science and Technology	1	1	1	0	0
Journal of Computer and Education Research	1	1	1	0	0
Journal of Computer-Aided Design &amp; Computer Graphics	1	1	1	0	0
Journal of Computer-Assisted Linguistic Research	2	1	1	0	0
Journal of Computing in Civil Engineering	2	1	1	0	0
Journal of Constructional Steel Research	1	1	1	0	0
Journal of Consumer Marketing	1	1	1	0	0
Journal of Consumer Protection and Food Safety	1	1	1	0	0
Journal of Contemporary Ethnography	1	1	1	0	0
Journal of Contemporary Medicine	2	1	1	0	0
Journal of Contingencies and Crisis Management	1	1	1	0	0
Journal of Control, Automation and Electrical Systems	1	1	1	0	0
Journal of Controlled Release	1	1	1	0	0
Journal of Cotton Research	1	1	1	0	0
Journal of Counseling &amp; Development	2	1	2	0	0
Journal of Crime and Justice	1	1	1	0	0
Journal of Criminal Justice Education	3	1	2	0	0
Journal of Crop Improvement	2	1	1	0	0
Journal of Crystal Growth	1	1	1	0	0
Journal of Cultural Economics	1	1	1	0	0
Journal of Cultural Heritage Management and Sustainable Development	2	1	1	0	0
Journal of Cultural Interaction in East Asia	1	1	1	0	0
Journal of Curriculum Studies	2	1	1	0	0
Journal of Curriculum and Evaluation	1	1	1	0	0
Journal of Customer Behaviour	2	1	1	0	0
Journal of Cutaneous Oncology	13	1	13	0	0
Journal of Cyber Security Technology	1	1	1	0	0
Journal of Cystic Fibrosis	2	1	2	0	0
Journal of Dairy Research	2	1	1	0	0
Journal of Data Mining &amp; Digital Humanities	1	1	1	0	0
Journal of Data and Information Quality	2	1	1	0	0
Journal of Dental Education	1	1	1	0	0
Journal of Dental Sciences	1	1	1	0	0
Journal of Development Economics	1	1	1	0	0
Journal of Diabetes Investigation	1	1	1	0	0
Journal of Diabetes Research	2	1	1	0	0
Journal of Diabetes and its Complications	1	1	1	0	0
Journal of Digital Contents Society	2	1	2	0	0
Journal of Digital Economy	2	1	1	0	0
Journal of Digital Learning in Teacher Education	1	1	1	0	0
Journal of Earthquake Engineering	1	1	1	0	0
Journal of East Asian Studies	2	1	1	0	0
Journal of Ecohydraulics	2	1	1	2	1
Journal of Econometrics	1	1	1	0	0
Journal of Economics &amp; Management Strategy	1	1	1	0	0
Journal of Ecotourism	1	1	1	0	0
Journal of Education	1	1	1	0	0
Journal of Education Technology	1	1	1	0	0
Journal of Education and Health Promotion	2	1	1	0	0
Journal of Education for Sustainable Development	2	1	1	0	0
Journal of Educational Change	2	1	1	0	0
Journal of Educational Computing Research	1	1	1	0	0
Journal of Educational Measurement	1	1	1	0	0
Journal of Educational Technology Systems	2	1	2	0	0
Journal of Electric Propulsion	1	1	1	0	0
Journal of Electrical Engineering &amp; Technology	1	1	1	0	0
Journal of Electrical and Computer Engineering	1	1	1	0	0
Journal of Electroanalytical Chemistry	2	1	1	0	0
Journal of Electrocardiology	10	1	5	4	0.4
Journal of Electronic Business &amp; Digital Economics	1	1	1	0	0
Journal of Electronic Imaging	2	1	1	0	0
Journal of Electronic Packaging	1	1	1	0	0
Journal of Emergency Nursing	1	1	1	0	0
Journal of Emerging Investigators	1	1	1	0	0
Journal of Emerging Technologies in Accounting	1	1	1	0	0
Journal of Empirical Research on Human Research Ethics	1	1	1	0	0
Journal of Endometriosis and Pelvic Pain Disorders	1	1	1	0	0
Journal of Endourology	1	1	1	0	0
Journal of Energy Resources Technology, Part A: Sustainable and Renewable Energy	1	1	1	0	0
Journal of Energy Systems	2	1	1	0	0
Journal of Engineering Research and Sciences	1	1	1	0	0
Journal of Engineering and Applied Science	1	1	1	0	0
Journal of English for Academic Purposes	2	1	2	0	0
Journal of Entomological Science	1	1	1	0	0
Journal of Environmental Economics and Management	1	1	1	0	0
Journal of Environmental Protection	1	1	1	0	0
Journal of Environmental and Engineering Geophysics	1	1	1	0	0
Journal of Equine Rehabilitation	1	1	1	0	0
Journal of Ethnobiology and Ethnomedicine	1	1	1	0	0
Journal of Ethnopharmacology	2	1	1	0	0
Journal of European Integration	2	1	1	0	0
Journal of Evolutionary Economics	1	1	1	0	0
Journal of Exercise Science &amp; Fitness	1	1	1	0	0
Journal of Experimental & Clinical Cancer Research	1	1	1	0	0
Journal of Experimental Criminology	3	1	2	0	0
Journal of Experimental Psychopathology	1	1	1	0	0
Journal of Experimental and Theoretical Physics	1	1	1	0	0
Journal of Extracellular Biology	1	1	1	0	0
Journal of Eye Movement Research	1	1	1	0	0
Journal of Field Ornithology	2	1	1	0	0
Journal of Financial Economics	2	1	1	0	0
Journal of Financial Services Marketing	1	1	1	0	0
Journal of Food Composition and Analysis	3	1	3	0	0
Journal of Food Processing and Preservation	2	1	1	0	0
Journal of Forensic Nursing	2	1	1	0	0
Journal of Forest Research	1	1	1	0	0
Journal of Formative Design in Learning	1	1	1	0	0
Journal of French Language Studies	1	1	1	0	0
Journal of Fusion Energy	1	1	1	0	0
Journal of Futures Markets	1	1	1	0	0
Journal of Gastric Cancer	2	1	1	0	0
Journal of Gastrointestinal Surgery	2	1	1	0	0
Journal of Gender Studies	1	1	1	0	0
Journal of General Physiology	1	1	1	0	0
Journal of General Plant Pathology	1	1	1	0	0
Journal of Geodesy	1	1	1	0	0
Journal of Geographical Sciences	1	1	1	0	0
Journal of Geomatics Science and Technology	1	1	1	0	0
Journal of Geometric Mechanics	2	1	1	0	0
Journal of Geoscience and Environment Protection	1	1	1	0	0
Journal of Geotechnical and Geoenvironmental Engineering	1	1	1	0	0
Journal of Geriatric Psychiatry and Neurology	1	1	1	0	0
Journal of Gerontological Social Work	1	1	1	0	0
Journal of Ginseng Research	2	1	1	0	0
Journal of Global Entrepreneurship Research	1	1	1	0	0
Journal of Global Information Management	1	1	1	0	0
Journal of Global Marketing	1	1	1	0	0
Journal of Global Security Studies	2	1	1	0	0
Journal of Government and Economics	1	1	1	0	0
Journal of Graduate Medical Education	1	1	1	0	0
Journal of Green Energy Research and Innovation	1	1	1	0	0
Journal of Groundwater Hydrology	1	1	1	0	0
Journal of Gynecology Obstetrics and Human Reproduction	1	1	1	0	0
Journal of Health Sciences and Medicine	2	1	1	0	0
Journal of Health and Biomedical Informatics	1	1	1	0	0
Journal of Health and Pollution	2	1	1	0	0
Journal of Health and Rehabilitation Sciences	1	1	1	0	0
Journal of Healthcare Engineering	2	1	1	0	0
Journal of Healthcare Informatics Research	2	1	2	0	0
Journal of Hepato-Biliary-Pancreatic Sciences	1	1	1	0	0
Journal of Hepatocellular Carcinoma	1	1	1	0	0
Journal of Herpetology	1	1	1	0	0
Journal of Heuristics	1	1	1	0	0
Journal of Hispanic Higher Education	2	1	1	0	0
Journal of Histochemistry &amp; Cytochemistry	1	1	1	0	0
Journal of Historical Linguistics	2	1	1	0	0
Journal of Horticultural Sciences	1	1	1	0	0
Journal of Hospital Medicine	2	1	2	0	0
Journal of Hospitality &amp; Tourism Education	1	1	1	0	0
Journal of Hospitality &amp; Tourism Research	1	1	1	0	0
Journal of Hospitality and Tourism Insights	2	1	1	0	0
Journal of Housing Economics	1	1	1	0	0
Journal of Human Behavior in the Social Environment	1	1	1	0	0
Journal of Human Kinetics	3	1	2	0	0
Journal of Human Lactation	1	1	1	0	0
Journal of Human Rights	2	1	1	0	0
Journal of Hunger &amp; Environmental Nutrition	5	1	3	0	0
Journal of Huntington's Disease	2	1	1	0	0
Journal of Hymenoptera Research	2	1	2	0	0
Journal of ISAKOS	1	1	1	0	0
Journal of Image and Graphics	1	1	1	0	0
Journal of Immersion and Content-Based Language Education	1	1	1	0	0
Journal of Immigrant &amp; Refugee Studies	2	1	1	0	0
Journal of Immigrant and Minority Health	2	1	1	0	0
Journal of Immunology Research	2	1	1	0	0
Journal of Immunotherapy	1	1	1	0	0
Journal of Indian Academy of Forensic Medicine	1	1	1	0	0
Journal of Industrial Information Integration	1	1	1	0	0
Journal of Industrial and Engineering Chemistry	1	1	1	0	0
Journal of Infection and Chemotherapy	2	1	1	0	0
Journal of Inflammation	1	1	1	0	0
Journal of Information Technology in Construction	4	1	2	0	0
Journal of Information Technology, Cybersecurity, and Artificial Intelligence	1	1	1	0	0
Journal of Infrastructure Preservation and Resilience	1	1	1	0	0
Journal of Innate Immunity	1	1	1	0	0
Journal of Insect Biodiversity and Systematics	1	1	1	0	0
Journal of Instrument Engineering	1	1	1	0	0
Journal of Intellectual Capital	2	1	1	0	0
Journal of Intellectual Disabilities	2	1	2	0	0
Journal of Intelligent & Robotic Systems	1	1	1	0	0
Journal of Intelligent Material Systems and Structures	2	1	1	2	1
Journal of Intensive Care Medicine	2	1	1	0	0
Journal of Interactive Marketing	2	1	1	0	0
Journal of Intercultural Management	2	1	1	0	0
Journal of Intergenerational Relationships	1	1	1	0	0
Journal of Internal Medicine	2	1	1	0	0
Journal of International Business Studies	2	1	1	0	0
Journal of International Migration and Integration	1	1	1	0	0
Journal of International Money and Finance	2	1	1	0	0
Journal of Internet Services and Applications	1	1	1	1	1
Journal of Interprofessional Care	1	1	1	0	0
Journal of Inverse and Ill-posed Problems	1	1	1	0	0
Journal of Island and Coastal Archaeology	1	1	1	0	0
Journal of JSCE	1	1	1	0	0
Journal of Japan Society for Fuzzy Theory and Intelligent Informatics	3	1	2	0	0
Journal of Japan Society of Civil Engineers, Ser. A1 (Structural Engineering &amp; Earthquake Engineering (SE/EE))	2	1	1	0	0
Journal of Japan Society of Civil Engineers, Ser. A2 (Applied Mechanics (AM))	2	1	1	0	0
Journal of Japan Society of Civil Engineers, Ser. B1 (Hydraulic Engineering)	1	1	1	0	0
Journal of Japan Society of Civil Engineers, Ser. D3 (Infrastructure Planning and Management)	2	1	1	0	0
Journal of Kidney Care	1	1	1	0	0
Journal of King Saud University - Science	1	1	1	0	0
Journal of Knowledge Management	1	1	1	0	0
Journal of Korean Medical Science	1	1	1	0	0
Journal of Korean Medicine Rehabilitation	2	1	1	0	0
Journal of Korean Society of Coastal and Ocean Engineers	2	1	1	0	0
Journal of Land Use Science	2	1	1	0	0
Journal of Language and Discrimination	1	1	1	0	0
Journal of Language and Education	1	1	1	0	0
Journal of Language and Politics	1	1	1	0	0
Journal of Language and Pop Culture	1	1	1	0	0
Journal of Language, Identity &amp; Education	1	1	1	0	0
Journal of Latinos and Education	1	1	1	0	0
Journal of Legal Affairs and Dispute Resolution in Engineering and Construction	2	1	1	0	0
Journal of Legal Analysis	1	1	1	0	0
Journal of Literacy Research	1	1	1	0	0
Journal of Logic and Computation	2	1	1	0	0
Journal of Logical and Algebraic Methods in Programming	1	1	1	0	0
Journal of Low Frequency Noise, Vibration and Active Control	2	1	1	0	0
Journal of MOVE and Therapeutic Science	1	1	1	0	0
Journal of Macroeconomics	1	1	1	0	0
Journal of Management Analytics	1	1	1	0	0
Journal of Marketing Research	2	1	1	0	0
Journal of Marketing Theory and Practice	1	1	1	0	0
Journal of Marketing for Higher Education	1	1	1	0	0
Journal of Material Cycles and Waste Management	1	1	1	0	0
Journal of Materials in Civil Engineering	2	1	1	0	0
Journal of Materiomics	1	1	1	0	0
Journal of Mathematical Physics	2	1	1	0	0
Journal of Mathematics and Music	2	1	1	2	1
Journal of Mathematics and the Arts	1	1	1	0	0
Journal of Mechanics in Medicine and Biology	1	1	1	0	0
Journal of Mechanisms and Robotics	2	1	1	0	0
Journal of Media Psychology	2	1	1	0	0
Journal of Medical Devices	1	1	1	0	0
Journal of Medical Engineering &amp; Technology	1	1	1	0	0
Journal of Medical Genetics	2	1	1	0	0
Journal of Medical Imaging and Radiation Sciences	1	1	1	0	0
Journal of Medical Microbiology	2	1	1	0	0
Journal of Medical Screening	1	1	1	0	0
Journal of Medical Toxicology	1	1	1	0	0
Journal of Medical and Biological Engineering	2	1	1	0	0
Journal of Medicine and Life	1	1	1	0	0
Journal of Mental Health Counseling	1	1	1	0	0
Journal of Microbiology &amp; Biology Education	1	1	1	0	0
Journal of Microelectromechanical Systems	2	1	1	0	0
Journal of Micropalaeontology	1	1	1	0	0
Journal of Midwifery &amp; Women's Health	1	1	1	0	0
Journal of Migration and Health	1	1	1	0	0
Journal of Military Science and Technology	1	1	1	0	0
Journal of Military Social Work and Behavioral Health Services	1	1	1	0	0
Journal of Minimally Invasive Gynecology	2	1	1	0	0
Journal of Minimally Invasive Surgery	1	1	1	0	0
Journal of Modelling in Management	1	1	1	0	0
Journal of Molecular Medicine	1	1	1	0	0
Journal of Molecular and Cellular Cardiology Plus	1	1	1	0	0
Journal of Monolingual and Bilingual Speech	1	1	1	0	0
Journal of Multidisciplinary Cases	1	1	1	0	0
Journal of Multidisciplinary Dental Research	1	1	1	0	0
Journal of Multidisciplinary Healthcare	1	1	1	0	0
Journal of Multiscale Modelling	1	1	1	0	0
Journal of Natural Pesticide Research	1	1	1	0	0
Journal of Nematology	1	1	1	0	0
Journal of Neonatal-Perinatal Medicine	1	1	1	0	0
Journal of Network and Systems Management	1	1	1	0	0
Journal of NeuroVirology	1	1	1	0	0
Journal of Neurogenetics	2	1	1	0	0
Journal of Neuroimmune Pharmacology	2	1	1	0	0
Journal of Neuroimmunology	4	1	3	0	0
Journal of Neuropathology &amp; Experimental Neurology	2	1	2	0	0
Journal of Neurosurgery: Pediatrics	2	1	1	0	0
Journal of New Approaches in Educational Research	1	1	1	0	0
Journal of Non-Newtonian Fluid Mechanics	3	1	2	0	0
Journal of Nonlinear Mathematical Physics	1	1	1	0	0
Journal of Nonlinear Science	1	1	1	0	0
Journal of Nuclear Engineering	1	1	1	0	0
Journal of Nuclear Science and Technology	2	1	1	0	0
Journal of Nursing Care Quality	1	1	1	0	0
Journal of Nursing Scholarship	2	1	1	0	0
Journal of Nutrition Education and Behavior	2	1	2	0	0
Journal of Obstetrics and Gynaecology Research	1	1	1	0	0
Journal of Occupational Medicine and Toxicology	1	1	1	0	0
Journal of Occupational Safety and Health	1	1	1	0	0
Journal of Occupational and Environmental Hygiene	5	1	4	0	0
Journal of Occupational and Organizational Psychology	1	1	1	0	0
Journal of Ocean Engineering and Science	1	1	1	0	0
Journal of Oceanological Research	1	1	1	0	0
Journal of Oceanology and Limnology	1	1	1	0	0
Journal of Ocular Pharmacology and Therapeutics	1	1	1	0	0
Journal of Official Statistics	2	1	1	0	0
Journal of Offshore Mechanics and Arctic Engineering	1	1	1	0	0
Journal of Oncology Pharmacy Practice	1	1	1	0	0
Journal of Open Innovation: Technology, Market, and Complexity	2	1	1	0	0
Journal of Optical Communications	2	1	1	0	0
Journal of Optics	2	1	1	0	0
Journal of Oral Pathology & Medicine	1	1	1	0	0
Journal of Orthoptera Research	1	1	1	0	0
Journal of Osteopathic Medicine	2	1	2	0	0
Journal of Otolaryngology - Head &amp; Neck Surgery	1	1	1	0	0
Journal of Ovarian Research	2	1	1	0	0
Journal of Pain &amp; Palliative Care Pharmacotherapy	1	1	1	0	0
Journal of Parenteral and Enteral Nutrition	1	1	1	0	0
Journal of Parkinson's Disease	2	1	1	0	0
Journal of Pathology and Translational Medicine	1	1	1	0	0
Journal of Patient Experience	1	1	1	0	0
Journal of Peace Research	2	1	2	0	0
Journal of Peacebuilding &amp; Development	1	1	1	0	0
Journal of Pediatric Endocrinology and Metabolism	1	1	1	0	0
Journal of Pediatric Gastroenterology &amp; Nutrition	3	1	2	0	0
Journal of Pediatric Gastroenterology and Nutrition	1	1	1	0	0
Journal of Pediatric Health Care	1	1	1	0	0
Journal of Pediatric Intensive Care	2	1	1	0	0
Journal of Pediatric Nursing	1	1	1	0	0
Journal of Pediatric Oncology Nursing	2	1	1	0	0
Journal of Pediatric Ophthalmology &amp; Strabismus	1	1	1	0	0
Journal of Pediatric Orthopaedics	1	1	1	0	0
Journal of Pediatric Pulmonology	1	1	1	0	0
Journal of Pediatric Surgery Open	1	1	1	0	0
Journal of Performance of Constructed Facilities	1	1	1	0	0
Journal of PeriAnesthesia Nursing	1	1	1	0	0
Journal of Periodontal Research	1	1	1	0	0
Journal of Personnel Psychology	2	1	1	0	0
Journal of Petroleum Exploration and Production Technology	1	1	1	0	0
Journal of Pharmaceutical Health Care and Sciences	1	1	1	0	0
Journal of Pharmaceutical Innovation	1	1	1	0	0
Journal of Pharmacological and Toxicological Methods	1	1	1	0	0
Journal of Pharmacy and Pharmacology	1	1	1	0	0
Journal of Photochemistry and Photobiology B: Biology	1	1	1	0	0
Journal of Photonics for Energy	2	1	1	0	0
Journal of Physics Communications	2	1	1	2	1
Journal of Physics G: Nuclear and Particle Physics	1	1	1	1	1
Journal of Phytopathology	2	1	1	0	0
Journal of Pineal Research	3	1	2	0	0
Journal of Planning Literature	2	1	1	0	0
Journal of Plant Biochemistry and Biotechnology	1	1	1	0	0
Journal of Plant Growth Regulation	1	1	1	0	0
Journal of Plant Interactions	1	1	1	0	0
Journal of Plant Nutrition	2	1	2	0	0
Journal of Plant Registrations	1	1	1	0	0
Journal of Plant Research	2	1	1	0	0
Journal of Police and Criminal Psychology	1	1	1	0	0
Journal of Political Economy	1	1	1	0	0
Journal of Pollination Ecology	1	1	1	0	0
Journal of Polytechnic	1	1	1	0	0
Journal of Population Research	1	1	1	0	0
Journal of Power Sources Advances	2	1	1	0	0
Journal of Pressure Vessel Technology	1	1	1	0	0
Journal of Prevention &amp; Intervention in the Community	1	1	1	0	0
Journal of Prevention and Health Promotion	1	1	1	0	0
Journal of Primary Care &amp; Community Health	1	1	1	0	0
Journal of Promotion Management	2	1	1	0	0
Journal of Prosthodontic Research	1	1	1	0	0
Journal of Psychiatry and Neuroscience	1	1	1	0	0
Journal of Psychoeducational Assessment	2	1	1	0	0
Journal of Psychology and Neuroscience	1	1	1	0	0
Journal of Psychopharmacology	1	1	1	0	0
Journal of Psychosomatic Research	1	1	1	0	0
Journal of Public Affairs	2	1	1	0	0
Journal of Public Health Management &amp; Practice	1	1	1	0	0
Journal of Public Health Research	2	1	1	0	0
Journal of Public Health in Africa	2	1	1	0	0
Journal of Public Policy and Administration	1	1	1	0	0
Journal of Pure and Applied Microbiology	1	1	1	0	0
Journal of Quantum Information Science	1	1	1	0	0
Journal of Radiological Protection	1	1	1	0	0
Journal of Rare Diseases	1	1	1	0	0
Journal of Rational-Emotive &amp; Cognitive-Behavior Therapy	1	1	1	0	0
Journal of Reconstructive Microsurgery Open	1	1	1	0	0
Journal of Refractive Surgery	1	1	1	0	0
Journal of Rehabilitation and Assistive Technologies Engineering	2	1	1	0	0
Journal of Reliable Intelligent Environments	1	1	1	0	0
Journal of Renal Care	1	1	1	0	0
Journal of Renal Nutrition	2	1	1	0	0
Journal of Reproductive Immunology	4	1	3	0	0
Journal of Reproductive and Infant Psychology	1	1	1	0	0
Journal of Research Design and Statistics in Linguistics and Communication Science	1	1	1	0	0
Journal of Research in Childhood Education	1	1	1	0	0
Journal of Research in Innovative Teaching & Learning	1	1	1	0	0
Journal of Research in Innovative Teaching &amp; Learning	1	1	1	0	0
Journal of Research in Medical Sciences	1	1	1	0	0
Journal of Respiration	1	1	1	0	0
Journal of Responsible Technology	2	1	1	0	0
Journal of Retailing and Consumer Services	2	1	2	0	0
Journal of Robotic Surgery	1	1	1	0	0
Journal of Robotics and Mechatronics	1	1	1	0	0
Journal of Rubber Research	1	1	1	0	0
Journal of Scheduling	1	1	1	0	0
Journal of School Health	2	1	2	0	0
Journal of School Violence	1	1	1	0	0
Journal of Science in Sport and Exercise	1	1	1	0	0
Journal of Second Language Studies,Studies of Bilingual Processing Presented to Kenneth I. Forster	2	1	1	0	0
Journal of Sedimentary Research	2	1	1	0	0
Journal of Sex & Marital Therapy	1	1	1	0	0
Journal of Sex &amp; Marital Therapy	1	1	1	0	0
Journal of Signal Processing	1	1	1	0	0
Journal of Smart Cities and Society	1	1	1	0	0
Journal of Social Distress and Homelessness	1	1	1	0	0
Journal of Social Issues	1	1	1	0	0
Journal of Social Service Research	1	1	1	0	0
Journal of Social Structure	4	1	2	0	0
Journal of Society of Korea Industrial and Systems Engineering	1	1	1	0	0
Journal of Software: Evolution and Process	1	1	1	0	0
Journal of Soil and Water Conservation	1	1	1	0	0
Journal of Soils and Sediments	1	1	1	0	0
Journal of Solid State Electrochemistry	1	1	1	0	0
Journal of Spatial Econometrics	1	1	1	0	0
Journal of Statistical Physics	2	1	1	0	0
Journal of Statistical Theory and Applications	2	1	1	0	0
Journal of Statistics and Management Systems	2	1	1	0	0
Journal of Structural Biology: X	1	1	1	0	0
Journal of Structural Integrity and Maintenance	1	1	1	0	0
Journal of Studies on Alcohol and Drugs	1	1	1	0	0
Journal of Substance Use and Addiction Treatment	3	1	3	0	0
Journal of Surface Investigation: X-ray, Synchrotron and Neutron Techniques	1	1	1	0	0
Journal of Surgical Education	2	1	1	0	0
Journal of Surveying Engineering	1	1	1	0	0
Journal of Sustainable Forestry	2	1	1	0	0
Journal of Sustainable Institutional Management	1	1	1	0	0
Journal of Sustainable Tourism	2	1	1	0	0
Journal of Symbolic Computation	2	1	1	0	0
Journal of Systems Architecture	2	1	1	0	0
Journal of Tax Reform	1	1	1	0	0
Journal of Teacher Education	1	1	1	0	0
Journal of Teaching in International Business	2	1	1	0	0
Journal of Technical Writing and Communication	1	1	1	0	0
Journal of Technology in Human Services	2	1	1	0	0
Journal of Telecommunications and Information Technology	2	1	1	0	0
Journal of Telecommunictions and Information Technology	2	1	1	0	0
Journal of Testing and Evaluation	1	1	1	0	0
Journal of Theoretical and Computational Acoustics	2	1	1	0	0
Journal of Thermal Analysis and Calorimetry	1	1	1	0	0
Journal of Thermophysics and Heat Transfer	1	1	1	0	0
Journal of Thoracic Oncology	2	1	1	0	0
Journal of Threatened Taxa	1	1	1	0	0
Journal of Time Series Econometrics	2	1	1	1	0.5
Journal of Tissue Engineering and Regenerative Medicine	2	1	1	0	0
Journal of Transport & Health	1	1	1	0	0
Journal of Transportation Technologies	1	1	1	0	0
Journal of Trauma and Acute Care Surgery	3	1	2	0	0
Journal of Trial and Error	1	1	1	0	0
Journal of Tribology	2	1	1	0	0
Journal of Turkish Spinal Surgery	2	1	1	0	0
Journal of Urban Economics	1	1	1	0	0
Journal of Urban Health	2	1	1	0	0
Journal of Urban Management	1	1	1	0	0
Journal of Urban Mobility	1	1	1	0	0
Journal of Urban Planning and Development	1	1	1	0	0
Journal of Urban Technology	1	1	1	0	0
Journal of Urology	4	1	4	0	0
Journal of Vacuum Science &amp; Technology A	1	1	1	0	0
Journal of Vector Ecology	2	1	1	0	0
Journal of Venomous Animals and Toxins including Tropical Diseases	1	1	1	0	0
Journal of Verification, Validation and Uncertainty Quantification	1	1	1	1	1
Journal of Vertebrate Paleontology	1	1	1	0	0
Journal of Veterinary Cardiology	2	1	1	1	0.5
Journal of Veterinary Medical Education	3	1	2	0	0
Journal of Veterinary Medical Science	1	1	1	0	0
Journal of Visual Communication and Image Representation	1	1	1	0	0
Journal of Visual Communication in Medicine	1	1	1	0	0
Journal of Visual Languages & Computing	1	1	1	0	0
Journal of Visual Languages &amp; Computing	1	1	1	0	0
Journal of Visualization and Interaction	1	1	1	0	0
Journal of Vocational Behavior	1	1	1	0	0
Journal of Volgograd State Medical University	1	1	1	0	0
Journal of Water Resource and Protection	1	1	1	0	0
Journal of Water and Environment Technology	1	1	1	0	0
Journal of Web Semantics	1	1	1	0	0
Journal of Wind Engineering and Industrial Aerodynamics	1	1	1	0	0
Journal of Women and Gender in Higher Education	2	1	1	0	0
Journal of Women's Health	1	1	1	0	0
Journal of X-Ray Science and Technology	2	1	1	0	0
Journal of X-Ray Science and Technology: Clinical Applications of Diagnosis and Therapeutics	1	1	1	0	0
Journal of Zoo and Wildlife Medicine	2	1	2	0	0
Journal of the Academy of Marketing Science	2	1	1	0	0
Journal of the American Academy of Child &amp; Adolescent Psychiatry	1	1	1	0	0
Journal of the American Pharmacists Association	1	1	1	0	0
Journal of the American Planning Association	2	1	1	0	0
Journal of the American Podiatric Medical Association	2	1	1	0	0
Journal of the American Society of Brewing Chemists	2	1	1	0	0
Journal of the American Society of Echocardiography	1	1	1	0	0
Journal of the California Dental Association	1	1	1	0	0
Journal of the Chinese Medical Association	1	1	1	0	0
Journal of the Experimental Analysis of Behavior	2	1	2	0	0
Journal of the Geographical Institute Jovan Cvijic, SASA,??????? ?????? ??????????? ????????? ?????? ??????? ????	1	1	1	0	0
Journal of the Geological Society of India	1	1	1	0	0
Journal of the Geological Society of Korea	2	1	1	0	0
Journal of the History of Economic Thought	1	1	1	0	0
Journal of the Institute of Brewing	2	1	1	0	0
Journal of the Intensive Care Society	1	1	1	0	0
Journal of the International AIDS Society	1	1	1	0	0
Journal of the International Neuropsychological Society	2	1	1	0	0
Journal of the Japan Society of Powder and Powder Metallurgy	1	1	1	0	0
Journal of the Japanese Forest Society	2	1	2	0	0
Journal of the Japanese Society of Snow and Ice	1	1	1	0	0
Journal of the Korean Institute of Industrial Engineers	1	1	1	0	0
Journal of the Korean Society for Marine Environment &amp; Energy	1	1	1	0	0
Journal of the Korean Society of Marine Environment and Safety	1	1	1	0	0
Journal of the Korean Solar Energy Society	1	1	1	0	0
Journal of the Operations Research Society of China	1	1	1	0	0
Journal of the Pediatric Infectious Diseases Society	1	1	1	0	0
Journal of the Royal Statistical Society: Series A (Statistics in Society)	1	1	1	1	1
Journal of the Sedimentological Society of Japan	1	1	1	0	0
Journal of the Society for Information Display	2	1	2	2	1
Journal on Multimodal User Interfaces	2	1	1	0	0
Journalism &amp; Mass Communication Quarterly	1	1	1	0	0
Jurnal Media Elektro	1	1	1	0	0
Jurnal Pedagogi dan Pembelajaran	1	1	1	0	0
Jurnal Pengelolaan Sumberdaya Alam dan Lingkungan (Journal of Natural Resources and Environmental Management)	1	1	1	0	0
Jurnal Riset Informatika	1	1	1	0	0
Jurnal Techno Nusa Mandiri	1	1	1	0	0
Jurnal Wilayah dan Lingkungan	1	1	1	0	0
Juvenile and Family Court Journal	1	1	1	0	0
KI 2019: Advances in Artificial Intelligence,Lecture Notes in Computer Science	2	1	1	0	0
KI in Marketing & Sales – Erfolgsmodelle aus Forschung und Praxis	1	1	1	0	0
KI in Marketing &amp; Sales – Erfolgsmodelle aus Forschung und Praxis	1	1	1	0	0
KIBERNETYKA TA SYSTEMNYI ANALIZ	1	1	1	0	0
Kahramanmaraş Sütçü İmam Üniversitesi Mühendislik Bilimleri Dergisi	1	1	1	0	0
Kardiologiia	2	1	1	0	0
Kataliz v promyshlennosti	1	1	1	0	0
Kazakhstan journal for oil &amp; gas industry	1	1	1	0	0
Kerntechnik	1	1	1	0	0
Kidney International	1	1	1	0	0
Kinésithérapie, la Revue	1	1	1	0	0
Kirk-Othmer Encyclopedia of Chemical Technology	1	1	1	0	0
Klinische Monatsblätter für Augenheilkunde	1	1	1	0	0
KnE Social Sciences	1	1	1	0	0
Knowledge	1	1	1	0	0
Knowledge Management and Organizational Learning,Perspectives on Paradata	1	1	1	0	0
Knowledge Science, Engineering and Management,Lecture Notes in Computer Science	4	1	2	0	0
Koedoe	1	1	1	0	0
Korean Journal of Applied Statistics	2	1	2	0	0
Korean Journal of Chemical Engineering	2	1	2	0	0
Korean Journal of Sport Science	1	1	1	0	0
Kosmìčna nauka ì tehnologìâ	1	1	1	0	0
Künstliche Intelligenz und maschinelles Lernen in der Sportwissenschaft	2	1	2	0	0
Kōtuitui: New Zealand Journal of Social Sciences Online	1	1	1	0	0
L'Encéphale	1	1	1	0	0
LAK21: 11th International Learning Analytics and Knowledge Conference	2	1	1	0	0
LAK23: 13th International Learning Analytics and Knowledge Conference	1	1	1	0	0
LGBT Health	1	1	1	0	0
LGBTQ+ Family: An Interdisciplinary Journal	1	1	1	0	0
LUMAT: International Journal on Math, Science and Technology Education	1	1	1	0	0
La Medicina del Lavoro	1	1	1	0	0
Label-free Biomedical Imaging and Sensing (LBIS) 2025	1	1	1	0	0
Laboratory Phonology,Volume 12	2	1	1	0	0
Labour Economics	3	1	2	0	0
Lanaguage Research	2	1	1	0	0
Land Degradation & Development	1	1	1	0	0
Land Forces Academy Review	1	1	1	0	0
Landscape Research	3	1	2	0	0
Language Acquisition and Language Disorders,Current Perspectives on Generative SLA – Processing, Influence, and Interfaces	1	1	1	0	0
Language Learning &amp; Technology	1	1	1	0	0
Language Sciences	1	1	1	0	0
Language and Education	1	1	1	0	0
Language and Linguistics Compass	2	1	1	0	0
Language, Culture and Curriculum	3	1	2	0	0
Languages and Compilers for Parallel Computing,Lecture Notes in Computer Science	2	1	1	0	0
Large-Scale Scientific Computing,Lecture Notes in Computer Science	2	1	1	0	0
Laryngoscope Investigative Otolaryngology	1	1	1	0	0
Lasers in Medical Science	1	1	1	0	0
Lasers in Surgery and Medicine	1	1	1	0	0
Latin American Journal of Solids and Structures	1	1	1	0	0
Latin American Policy	2	1	1	0	0
Latin American Politics and Society	1	1	1	0	0
Latin American Societies,Democracy Under Attack	2	1	2	0	0
Leadership &amp; Organization Development Journal	1	1	1	0	0
Learned Publishing	2	1	1	0	0
Learning &amp; Behavior	1	1	1	0	0
Learning Analytics in Open and Distributed Learning,SpringerBriefs in Education	2	1	1	0	0
Learning Disability Quarterly	1	1	1	0	0
Learning Health Systems	2	1	1	0	0
Learning Materials in Biosciences,Cell Migration in Development, Health and Disease	1	1	1	0	0
Learning and Motivation	2	1	1	0	0
Lebensmittelchemie	1	1	1	0	0
Lecture Notes in Bioengineering,Proceedings of the 10th Congress of the Portuguese Society of Biomechanics	1	1	1	0	0
Lecture Notes in Business Information Processing,Business Process Management: Responsible BPM Forum, Process Technology Forum, Educators Forum	1	1	1	0	0
Lecture Notes in Business Information Processing,Digital Transformation	1	1	1	0	0
Lecture Notes in Business Information Processing,Enterprise Information Systems	1	1	1	0	0
Lecture Notes in Business Information Processing,Industrial Engineering and Applications – Europe	1	1	1	0	0
Lecture Notes in Business Information Processing,Information Technology for Management: Emerging Research and Applications	2	1	1	0	0
Lecture Notes in Business Information Processing,Information Technology for Management: Intelligent Alignment of IT with Business and Society	1	1	1	0	0
Lecture Notes in Business Information Processing,Research Challenges in Information Science	1	1	1	0	0
Lecture Notes in Business Information Processing,Software, System, and Service Engineering	1	1	1	0	0
Lecture Notes in Civil Engineering,18th International Probabilistic Workshop	2	1	1	0	0
Lecture Notes in Civil Engineering,4th fib International Conference on Concrete Sustainability (ICCS2024)	1	1	1	0	0
Lecture Notes in Civil Engineering,Biosystems Engineering Promoting Resilience to Climate Change - AIIA 2024 - Mid-Term Conference	1	1	1	0	0
Lecture Notes in Civil Engineering,Climate Change and Water Security	2	1	1	0	0
Lecture Notes in Civil Engineering,Experimental Vibration Analysis for Civil Engineering Structures	1	1	1	0	0
Lecture Notes in Civil Engineering,Large Floating Solutions	1	1	1	0	0
Lecture Notes in Civil Engineering,Multiphysics and Multiscale Building Physics	1	1	1	0	0
Lecture Notes in Civil Engineering,Proceedings of the 2nd International Conference on Trends in Architecture and Construction	1	1	1	0	0
Lecture Notes in Civil Engineering,Proceedings of the 3rd International Civil Engineering and Architecture Conference	1	1	1	0	0
Lecture Notes in Civil Engineering,Proceedings of the 4th International Conference on Sustainable Development in Civil, Urban and Transportation Engineering	1	1	1	0	0
Lecture Notes in Civil Engineering,Proceedings of the 5th International Conference on Geotechnics for Sustainable Infrastructure Development	1	1	1	0	0
Lecture Notes in Civil Engineering,Proceedings of the Fourth World Conference on Floating Solutions: WCFS 2024; 2–4 December; Hong Kong	1	1	1	0	0
Lecture Notes in Civil Engineering,Recent Advances in Civil Engineering	1	1	1	0	0
Lecture Notes in Civil Engineering,Recent Developments in Sustainable Infrastructure (ICRDSI-2020)—GEO-TRA-ENV-WRM	2	1	1	0	0
Lecture Notes in Civil Engineering,Soil Dynamics and Computational Geomechanics	1	1	1	0	0
Lecture Notes in Civil Engineering,Trends on Construction in the Digital Era	2	1	1	0	0
Lecture Notes in Computational Science and Engineering,Numerical Geometry, Grid Generation and Scientific Computing	1	1	1	0	0
Lecture Notes in Computational Science and Engineering,Numerical Mathematics and Advanced Applications ENUMATH 2023, Volume 2	1	1	1	0	0
Lecture Notes in Computational Science and Engineering,Quantification of Uncertainty: Improving Efficiency and Technology	2	1	1	0	0
Lecture Notes in Computational Science and Engineering,Reduction, Approximation, Machine Learning, Surrogates, Emulators and Simulators	1	1	1	0	0
Lecture Notes in Computational Science and Engineering,Spectral and High Order Methods for Partial Differential Equations ICOSAHOM 2020+1	1	1	1	0	0
Lecture Notes in Computational Vision and Biomechanics,Computer Methods in Biomechanics and Biomedical Engineering II	1	1	1	0	0
Lecture Notes in Computer Science,AI 2023: Advances in Artificial Intelligence	1	1	1	0	0
Lecture Notes in Computer Science,AI 2024: Advances in Artificial Intelligence	1	1	1	0	0
Lecture Notes in Computer Science,AI 2025: Advances in Artificial Intelligence	1	1	1	0	0
Lecture Notes in Computer Science,AI in Drug Discovery	1	1	1	0	0
Lecture Notes in Computer Science,Advanced Concepts for Intelligent Vision Systems	1	1	1	0	0
Lecture Notes in Computer Science,Advances and Trends in Artificial Intelligence. From Theory to Practice	2	1	1	0	0
Lecture Notes in Computer Science,Advances in Computational Intelligence	1	1	1	0	0
Lecture Notes in Computer Science,Advances in Cryptology – EUROCRYPT 2024	2	1	2	0	0
Lecture Notes in Computer Science,Advances in Databases and Information Systems	1	1	1	0	0
Lecture Notes in Computer Science,Advances in Intelligent Data Analysis XVIII	2	1	1	0	0
Lecture Notes in Computer Science,Advances in Intelligent Data Analysis XX	4	1	2	0	0
Lecture Notes in Computer Science,Advances in Intelligent Data Analysis XXIII	2	1	2	0	0
Lecture Notes in Computer Science,Advances in Swarm Intelligence	2	1	1	0	0
Lecture Notes in Computer Science,Advancing OpenMP for Future Accelerators	1	1	1	0	0
Lecture Notes in Computer Science,Agents and Artificial Intelligence	2	1	1	0	0
Lecture Notes in Computer Science,Algorithmic Aspects in Information and Management	1	1	1	0	0
Lecture Notes in Computer Science,Algorithmic Decision Theory	1	1	1	1	1
Lecture Notes in Computer Science,Algorithms and Models for the Web Graph	2	1	1	0	0
Lecture Notes in Computer Science,Applications of Evolutionary Computation	1	1	1	0	0
Lecture Notes in Computer Science,Applications of Medical Artificial Intelligence	1	1	1	0	0
Lecture Notes in Computer Science,Applied Algorithms	1	1	1	0	0
Lecture Notes in Computer Science,Applied Cryptography and Network Security	1	1	1	0	0
Lecture Notes in Computer Science,Applied Reconfigurable Computing. Architectures, Tools, and Applications	1	1	1	0	0
Lecture Notes in Computer Science,Artificial Evolution	1	1	1	0	0
Lecture Notes in Computer Science,Artificial Intelligence XLII	1	1	1	0	0
Lecture Notes in Computer Science,Artificial Intelligence XXXVIII	2	1	1	0	0
Lecture Notes in Computer Science,Artificial Intelligence in Healthcare	1	1	1	0	0
Lecture Notes in Computer Science,Artificial Intelligence in Pancreatic Disease Detection and Diagnosis, and Personalized Incremental Learning in Medicine	1	1	1	0	0
Lecture Notes in Computer Science,Artificial Neural Networks and Machine Learning – ICANN 2019: Deep Learning	2	1	1	0	0
Lecture Notes in Computer Science,Artificial Neural Networks and Machine Learning – ICANN 2019: Image Processing	2	1	1	0	0
Lecture Notes in Computer Science,Artificial Neural Networks and Machine Learning – ICANN 2022	2	1	1	0	0
Lecture Notes in Computer Science,Artificial Neural Networks in Pattern Recognition	1	1	1	0	0
Lecture Notes in Computer Science,Asynchronous Many-Task Systems and Applications	7	1	7	2	0.286
Lecture Notes in Computer Science,Augmented Cognition	1	1	1	0	0
Lecture Notes in Computer Science,Availability, Reliability and Security	1	1	1	0	0
Lecture Notes in Computer Science,Bioinformatics Research and Applications	3	1	3	0	0
Lecture Notes in Computer Science,Bioinformatics and Biomedical Engineering	1	1	1	0	0
Lecture Notes in Computer Science,Biomedical Image Registration	1	1	1	0	0
Lecture Notes in Computer Science,Brain Informatics	1	1	1	0	0
Lecture Notes in Computer Science,Business Process Management	1	1	1	0	0
Lecture Notes in Computer Science,Case-Based Reasoning Research and Development	1	1	1	0	0
Lecture Notes in Computer Science,Cellular Automata	1	1	1	0	0
Lecture Notes in Computer Science,Chatbot Research and Design	1	1	1	0	0
Lecture Notes in Computer Science,Chatbots and Human-Centered AI	1	1	1	0	0
Lecture Notes in Computer Science,Combinatorial Algorithms	2	1	1	0	0
Lecture Notes in Computer Science,Comparative Genomics	1	1	1	0	0
Lecture Notes in Computer Science,Computational Advances in Bio and Medical Sciences	1	1	1	0	0
Lecture Notes in Computer Science,Computational Diffusion MRI	1	1	1	0	0
Lecture Notes in Computer Science,Computational Intelligence Methods for Bioinformatics and Biostatistics	1	1	1	0	0
Lecture Notes in Computer Science,Computational Methods in Systems Biology	2	1	2	0	0
Lecture Notes in Computer Science,Computational Science and Its Applications – ICCSA 2024 Workshops	1	1	1	0	0
Lecture Notes in Computer Science,Computational Science – ICCS 2021	1	1	1	1	1
Lecture Notes in Computer Science,Computational Science – ICCS 2025	1	1	1	0	0
Lecture Notes in Computer Science,Computer Safety, Reliability, and Security. SAFECOMP 2022 Workshops	2	1	1	0	0
Lecture Notes in Computer Science,Computer Security. ESORICS 2023 International Workshops	1	1	1	0	0
Lecture Notes in Computer Science,Computer Security. ESORICS 2024 International Workshops	2	1	2	0	0
Lecture Notes in Computer Science,Computer Vision – ACCV 2024	2	1	2	0	0
Lecture Notes in Computer Science,Computer Vision – ECCV 2022	6	1	3	0	0
Lecture Notes in Computer Science,Computing and Combinatorics	1	1	1	0	0
Lecture Notes in Computer Science,Connecting with Computability	2	1	1	0	0
Lecture Notes in Computer Science,Coordination Models and Languages	1	1	1	0	0
Lecture Notes in Computer Science,Coordination, Organizations, Institutions, Norms, and Ethics for Governance of Multi-Agent Systems XVII	1	1	1	0	0
Lecture Notes in Computer Science,Data Augmentation, Labelling, and Imperfections	1	1	1	0	0
Lecture Notes in Computer Science,Data Science: Foundations and Applications	1	1	1	0	0
Lecture Notes in Computer Science,Database and Expert Systems Applications	2	1	1	0	0
Lecture Notes in Computer Science,Databases Theory and Applications	1	1	1	0	0
Lecture Notes in Computer Science,Digital Hermeneutics II: Sources, Analysis, Interpretation, Annotation, and Curation	1	1	1	0	0
Lecture Notes in Computer Science,Digital Twin for Healthcare	1	1	1	0	0
Lecture Notes in Computer Science,Distributed Computing and Intelligent Technology	1	1	1	0	0
Lecture Notes in Computer Science,Document Analysis and Recognition – ICDAR 2024 Workshops	1	1	1	0	0
Lecture Notes in Computer Science,Document Analysis and Recognition – ICDAR 2025	2	1	2	0	0
Lecture Notes in Computer Science,Enterprise Design, Operations, and Computing	1	1	1	0	0
Lecture Notes in Computer Science,Evolutionary Computation in Combinatorial Optimization	1	1	1	0	0
Lecture Notes in Computer Science,Extended Reality	1	1	1	0	0
Lecture Notes in Computer Science,Fairness of AI in Medical Imaging	1	1	1	0	0
Lecture Notes in Computer Science,Formal Methods	1	1	1	0	0
Lecture Notes in Computer Science,Foundation Models for General Medical AI	1	1	1	0	0
Lecture Notes in Computer Science,Foundations and Practice of Security	1	1	1	0	0
Lecture Notes in Computer Science,Foundations of Intelligent Systems	1	1	1	0	0
Lecture Notes in Computer Science,Foundations of Software Science and Computation Structures	1	1	1	0	0
Lecture Notes in Computer Science,Fundamentals of Software Engineering	1	1	1	0	0
Lecture Notes in Computer Science,Geometric Science of Information	2	1	1	0	0
Lecture Notes in Computer Science,Go Where the Bugs Are	1	1	1	0	0
Lecture Notes in Computer Science,Graphonomics in Human Body Movement. Bridging Research and Practice from Motor Control to Handwriting Analysis and Recognition	1	1	1	0	0
Lecture Notes in Computer Science,HCI International 2020 – Late Breaking Papers: Interaction, Knowledge and Social Media	2	1	1	0	0
Lecture Notes in Computer Science,HCI in Mobility, Transport, and Automotive Systems	1	1	1	0	0
Lecture Notes in Computer Science,Head and Neck Tumor Segmentation and Outcome Prediction	8	1	5	0	0
Lecture Notes in Computer Science,Human Interface and the Management of Information	1	1	1	0	0
Lecture Notes in Computer Science,Human Interface and the Management of Information. Information-Rich and Intelligent Environments	2	1	1	0	0
Lecture Notes in Computer Science,Human-Computer Interaction	1	1	1	0	0
Lecture Notes in Computer Science,Human-Computer Interaction – INTERACT 2025	1	1	1	0	0
Lecture Notes in Computer Science,Image Analysis and Recognition	2	1	1	0	0
Lecture Notes in Computer Science,Image and Signal Processing	2	1	1	0	0
Lecture Notes in Computer Science,Information and Communications Security	1	1	1	0	0
Lecture Notes in Computer Science,Integrated Formal Methods	2	1	1	0	0
Lecture Notes in Computer Science,Integration of Constraint Programming, Artificial Intelligence, and Operations Research	1	1	1	0	0
Lecture Notes in Computer Science,Intelligent Data Engineering and Automated Learning – IDEAL 2019	1	1	1	0	0
Lecture Notes in Computer Science,Intelligent Information and Database Systems	2	1	2	0	0
Lecture Notes in Computer Science,KI 2022: Advances in Artificial Intelligence	2	1	1	0	0
Lecture Notes in Computer Science,Knowledge Engineering and Knowledge Management	1	1	1	0	0
Lecture Notes in Computer Science,Knowledge Graphs and Semantic Web	1	1	1	0	0
Lecture Notes in Computer Science,Language, Data, and Knowledge	2	1	1	1	0.5
Lecture Notes in Computer Science,Leveraging Applications of Formal Methods, Verification and Validation	2	1	1	0	0
Lecture Notes in Computer Science,Linking Theory and Practice of Digital Libraries	1	1	1	0	0
Lecture Notes in Computer Science,Machine Learning and Knowledge Discovery in Databases. Applied Data Science Track and Demo Track	1	1	1	0	0
Lecture Notes in Computer Science,Machine Learning for Multimodal Healthcare Data	1	1	1	0	0
Lecture Notes in Computer Science,Machine Learning in Clinical Neuroimaging	2	1	1	0	0
Lecture Notes in Computer Science,Machine Learning in Medical Imaging	2	1	2	0	0
Lecture Notes in Computer Science,Medical Image Understanding and Analysis	2	1	2	0	0
Lecture Notes in Computer Science,Metaheuristics	1	1	1	0	0
Lecture Notes in Computer Science,Modeling Decisions for Artificial Intelligence	1	1	1	0	0
Lecture Notes in Computer Science,Modelling and Mining Networks	1	1	1	0	0
Lecture Notes in Computer Science,Multi-Agent Systems	1	1	1	0	0
Lecture Notes in Computer Science,Natural Language Processing and Chinese Computing	1	1	1	0	0
Lecture Notes in Computer Science,Network and Parallel Computing	2	1	1	0	0
Lecture Notes in Computer Science,Neural Information Processing	1	1	1	0	0
Lecture Notes in Computer Science,Next Generation Arithmetic	1	1	1	1	1
Lecture Notes in Computer Science,OpenMP: Balancing Productivity and Performance Portability	1	1	1	0	0
Lecture Notes in Computer Science,Ophthalmic Medical Image Analysis	1	1	1	0	0
Lecture Notes in Computer Science,PRICAI 2024: Trends in Artificial Intelligence	1	1	1	0	0
Lecture Notes in Computer Science,Parallel Computing Technologies	2	1	1	0	0
Lecture Notes in Computer Science,Parallel Processing and Applied Mathematics	1	1	1	0	0
Lecture Notes in Computer Science,Performance Evaluation and Benchmarking	1	1	1	1	1
Lecture Notes in Computer Science,Practical Aspects of Declarative Languages	1	1	1	0	0
Lecture Notes in Computer Science,Principles and Practice of Constraint Programming	2	1	1	0	0
Lecture Notes in Computer Science,Principles of Verification: Cycling the Probabilistic Landscape	1	1	1	0	0
Lecture Notes in Computer Science,Privacy Technologies and Policy	1	1	1	0	0
Lecture Notes in Computer Science,Product-Focused Software Process Improvement	1	1	1	0	0
Lecture Notes in Computer Science,Progress in Artificial Intelligence and Pattern Recognition	1	1	1	0	0
Lecture Notes in Computer Science,Progress in Cryptology – INDOCRYPT 2023	1	1	1	0	0
Lecture Notes in Computer Science,Progress in Pattern Recognition, Image Analysis, Computer Vision, and Applications	1	1	1	0	0
Lecture Notes in Computer Science,Provenance and Annotation of Data and Processes	2	1	1	0	0
Lecture Notes in Computer Science,Quantitative Evaluation of Systems and Formal Modeling and Analysis of Timed Systems	1	1	1	0	0
Lecture Notes in Computer Science,Reachability Problems	4	1	2	0	0
Lecture Notes in Computer Science,Reproducible Research in Pattern Recognition	1	1	1	0	0
Lecture Notes in Computer Science,Risks and Security of Internet and Systems	1	1	1	0	0
Lecture Notes in Computer Science,RoboCup 2024: Robot World Cup XXVII	1	1	1	0	0
Lecture Notes in Computer Science,Service-Oriented Computing – ICSOC 2023 Workshops	1	1	1	0	0
Lecture Notes in Computer Science,Simplifying Medical Ultrasound	1	1	1	0	0
Lecture Notes in Computer Science,Simulation and Synthesis in Medical Imaging	1	1	1	0	0
Lecture Notes in Computer Science,Social Computing and Social Media	1	1	1	0	0
Lecture Notes in Computer Science,Social Robotics	1	1	1	0	0
Lecture Notes in Computer Science,Software Architecture	1	1	1	0	0
Lecture Notes in Computer Science,Software Architecture. ECSA 2022 Tracks and Workshops	1	1	1	1	1
Lecture Notes in Computer Science,Spatial Cognition XII	2	1	1	0	0
Lecture Notes in Computer Science,Spatial Data and Intelligence	1	1	1	0	0
Lecture Notes in Computer Science,Sustainability and Empowerment in the Context of Digital Libraries	1	1	1	0	0
Lecture Notes in Computer Science,Swarm Intelligence	1	1	1	0	0
Lecture Notes in Computer Science,The Impact of Digital Technologies on Public Health in Developed and Developing Countries	2	1	1	0	0
Lecture Notes in Computer Science,Tools and Algorithms for the Construction and Analysis of Systems	1	1	1	0	0
Lecture Notes in Computer Science,Towards Autonomous Robotic Systems	1	1	1	0	0
Lecture Notes in Computer Science,Towards Open and Trustworthy Digital Societies	2	1	1	0	0
Lecture Notes in Computer Science,Transactions on Large-Scale Data- and Knowledge-Centered Systems LVI	1	1	1	0	0
Lecture Notes in Computer Science,Trends and Applications in Knowledge Discovery and Data Mining	1	1	1	0	0
Lecture Notes in Computer Science,Trends in Functional Programming	1	1	1	0	0
Lecture Notes in Computer Science,Uncertainty for Safe Utilization of Machine Learning in Medical Imaging	1	1	1	0	0
Lecture Notes in Computer Science,Verification, Model Checking, and Abstract Interpretation	1	1	1	0	0
Lecture Notes in Computer Science,Virtual Reality and Mixed Reality	1	1	1	0	0
Lecture Notes in Computer Science,Web Information Systems Engineering – WISE 2024	1	1	1	0	0
Lecture Notes in Computer Science,Web and Big Data	1	1	1	0	0
Lecture Notes in Computer Science,Wireless Artificial Intelligent Computing Systems and Applications	1	1	1	0	0
Lecture Notes in Computer Science,Wisdom, Well-Being, Win-Win	1	1	1	0	0
Lecture Notes in Control and Information Sciences - Proceedings,Systems Theory in Data and Optimization	1	1	1	0	0
Lecture Notes in Electrical Engineering,2023 Asia-Pacific International Symposium on Aerospace Technology (APISAT 2023) Proceedings	1	1	1	0	0
Lecture Notes in Electrical Engineering,Advances in Automation VII	1	1	1	0	0
Lecture Notes in Electrical Engineering,CONTROLO 2024	1	1	1	0	0
Lecture Notes in Electrical Engineering,China Satellite Navigation Conference (CSNC) 2018 Proceedings	2	1	1	0	0
Lecture Notes in Electrical Engineering,Emergent Converging Technologies and Biomedical Systems	1	1	1	0	0
Lecture Notes in Electrical Engineering,Evolving Technologies for Computing, Communication and Smart World	2	1	1	0	0
Lecture Notes in Electrical Engineering,Modelling, Simulation and Intelligent Computing	2	1	1	0	0
Lecture Notes in Electrical Engineering,Proceeding of 2022 International Conference on Wireless Communications, Networking and Applications (WCNA 2022)	1	1	1	0	0
Lecture Notes in Electrical Engineering,Proceedings of 2024 Chinese Intelligent Systems Conference	1	1	1	0	0
Lecture Notes in Electrical Engineering,Proceedings of the 13th International Conference on Computer Engineering and Networks	1	1	1	0	0
Lecture Notes in Electrical Engineering,Proceedings of the 1st Electrical Artificial Intelligence Conference, Volume 4	1	1	1	0	0
Lecture Notes in Electrical Engineering,Proceedings of the 4th International Conference on Frontiers of Electronics, Information and Computation Technologies (ICFEICT 2024)	1	1	1	0	0
Lecture Notes in Electrical Engineering,Recent Innovations in Computing	2	1	1	0	0
Lecture Notes in Electrical Engineering,Responsible Data Science	2	1	1	0	0
Lecture Notes in Electrical Engineering,Signal and Information Processing, Networking and Computers	2	1	1	0	0
Lecture Notes in Electrical Engineering,Sustainable Advanced Computing	2	1	1	0	0
Lecture Notes in Energy,Hybrid Energy Storage	1	1	1	0	0
Lecture Notes in Geoinformation and Cartography,Geospatial Technologies for All	2	1	1	0	0
Lecture Notes in Geoinformation and Cartography,Recent Advances in 3D Geoinformation Science	3	1	3	0	0
Lecture Notes in Information Systems and Organisation,Innovation Through Information Systems	2	1	1	0	0
Lecture Notes in Management and Industrial Engineering,Industrial Engineering in the Era of Artificial Intelligence	1	1	1	0	0
Lecture Notes in Mechanical Engineering,Advances in Artificial Intelligence in Manufacturing II	1	1	1	0	0
Lecture Notes in Mechanical Engineering,Advances in Design Engineering III	1	1	1	0	0
Lecture Notes in Mechanical Engineering,Advances in Manufacturing IV	1	1	1	0	0
Lecture Notes in Mechanical Engineering,Advances in Remanufacturing 2024	1	1	1	0	0
Lecture Notes in Mechanical Engineering,Design Tools and Methods in Industrial Engineering IV	1	1	1	0	0
Lecture Notes in Mechanical Engineering,Digitizing Production Systems	2	1	1	0	0
Lecture Notes in Mechanical Engineering,Flexible Automation and Intelligent Manufacturing: The Future of Automation and Manufacturing: Intelligence, Agility, and Sustainability	1	1	1	0	0
Lecture Notes in Mechanical Engineering,Industry 4.0 and Advanced Manufacturing	2	1	1	0	0
Lecture Notes in Mechanical Engineering,Intelligent Manufacturing and Mechatronics	1	1	1	0	0
Lecture Notes in Mechanical Engineering,Proceedings of Fluid Mechanics and Fluid Power (FMFP) 2023, Vol. 2	1	1	1	0	0
Lecture Notes in Mechanical Engineering,Proceedings of the 5th International Symposium on Uncertainty Quantification and Stochastic Modelling	2	1	1	0	0
Lecture Notes in Mechanical Engineering,Sustainable Manufacturing as a Driver for Growth	1	1	1	0	0
Lecture Notes in Mechanical Engineering,Uncertainty in Mechanical Engineering	2	1	1	0	0
Lecture Notes in Networks and Systems,Advanced Technologies, Systems, and Applications VI	2	1	1	0	0
Lecture Notes in Networks and Systems,Advances in Data Science and Optimization of Complex Systems	1	1	1	0	0
Lecture Notes in Networks and Systems,Advances in Dependable Systems and Networks	1	1	1	0	0
Lecture Notes in Networks and Systems,Advances in Information and Communication Technology	1	1	1	0	0
Lecture Notes in Networks and Systems,Advances in Intelligent Computing and Communication	2	1	1	0	0
Lecture Notes in Networks and Systems,Advances in Self-Organizing Maps, Learning Vector Quantization, Interpretable Machine Learning, and Beyond	1	1	1	0	0
Lecture Notes in Networks and Systems,Advances in Usability, User Experience, Wearable and Assistive Technology	2	1	1	0	0
Lecture Notes in Networks and Systems,Applied Computing for Software and Smart Systems	1	1	1	0	0
Lecture Notes in Networks and Systems,Applied Engineering and Innovative Technologies	1	1	1	0	0
Lecture Notes in Networks and Systems,Artificial Intelligence in Business	1	1	1	0	0
Lecture Notes in Networks and Systems,Data Mining and Information Security	1	1	1	0	0
Lecture Notes in Networks and Systems,Digital and Information Technologies in Economics and Management	1	1	1	0	0
Lecture Notes in Networks and Systems,Disruptive Information Technologies for a Smart Society	1	1	1	0	0
Lecture Notes in Networks and Systems,Distributed Computing and Artificial Intelligence, Special Sessions III, 22nd International Conference	1	1	1	0	0
Lecture Notes in Networks and Systems,Emerging Trends in Information Systems and Technologies	1	1	1	0	0
Lecture Notes in Networks and Systems,Fourth Congress on Intelligent Systems	1	1	1	0	0
Lecture Notes in Networks and Systems,Hybrid Intelligence: Theories and Applications	1	1	1	0	0
Lecture Notes in Networks and Systems,Information Systems for Intelligent Systems	1	1	1	0	0
Lecture Notes in Networks and Systems,Information Technology and Systems	1	1	1	0	0
Lecture Notes in Networks and Systems,Innovations in Data Analytics	1	1	1	0	0
Lecture Notes in Networks and Systems,Innovations in Data Engineering: Sustainability for Societal and Industrial Impact	1	1	1	0	0
Lecture Notes in Networks and Systems,Innovative Computing and Communications	1	1	1	0	0
Lecture Notes in Networks and Systems,Intelligent Computing and Networking	1	1	1	0	0
Lecture Notes in Networks and Systems,Intelligent Sustainable Systems	1	1	1	0	0
Lecture Notes in Networks and Systems,International Conference on Advanced Intelligent Systems for Sustainable Development (AI2SD’2023)	1	1	1	0	0
Lecture Notes in Networks and Systems,Management, Tourism and Smart Technologies	1	1	1	0	0
Lecture Notes in Networks and Systems,Methodologies and Intelligent Systems for Technology Enhanced Learning, Workshops, 12th International Conference	2	1	1	0	0
Lecture Notes in Networks and Systems,Networks, Markets &amp; People	1	1	1	0	0
Lecture Notes in Networks and Systems,New Technologies, Development and Application VII	1	1	1	0	0
Lecture Notes in Networks and Systems,New Trends in Engineering Research	1	1	1	0	0
Lecture Notes in Networks and Systems,Proceedings of 5th International Conference on Recent Trends in Machine Learning, IoT, Smart Cities and Applications	1	1	1	0	0
Lecture Notes in Networks and Systems,Proceedings of Eighth International Congress on Information and Communication Technology	1	1	1	0	0
Lecture Notes in Networks and Systems,Proceedings of Fourth International Conference on Computing and Communication Networks	1	1	1	0	0
Lecture Notes in Networks and Systems,Proceedings of International Conference on Artificial Intelligence and Networks	1	1	1	0	0
Lecture Notes in Networks and Systems,Proceedings of International Conference on Next-Generation Communication and Computing	1	1	1	0	0
Lecture Notes in Networks and Systems,Proceedings of International Conference on Recent Trends in Computing	1	1	1	0	0
Lecture Notes in Networks and Systems,Proceedings of International Conference on Sustainable Expert Systems	2	1	1	0	0
Lecture Notes in Networks and Systems,Proceedings of Ninth International Congress on Information and Communication Technology	1	1	1	0	0
Lecture Notes in Networks and Systems,Proceedings of Tenth International Congress on Information and Communication Technology	1	1	1	0	0
Lecture Notes in Networks and Systems,Proceedings of the 2025 10th International Conference on Multimedia Systems and Signal Processing	1	1	1	0	0
Lecture Notes in Networks and Systems,Proceedings of the 2nd International Conference on Big Data, IoT and Machine Learning	1	1	1	0	0
Lecture Notes in Networks and Systems,Proceedings of the Fifth International Conference on Trends in Computational and Cognitive Engineering	1	1	1	0	0
Lecture Notes in Networks and Systems,Proceedings of the International Conference on Computer Science, Electronics and Industrial Engineering (CSEI 2023)	1	1	1	0	0
Lecture Notes in Networks and Systems,Proceedings of the Ninth International Scientific Conference “Intelligent Information Technologies for Industry” (IITI’25), Volume 1	1	1	1	0	0
Lecture Notes in Networks and Systems,Proceedings of the Third ICMDS'24: Machine Learning, Inverse Problems and Related Fields	1	1	1	0	0
Lecture Notes in Networks and Systems,Recent Trends and Applications of Soft Computing in Engineering (RTASCE)— Sarajevo	1	1	1	0	0
Lecture Notes in Networks and Systems,Research Perspectives on Software Engineering and Systems Design	1	1	1	0	0
Lecture Notes in Networks and Systems,Smart Trends in Computing and Communications	1	1	1	0	0
Lecture Notes in Networks and Systems,Sustainability, Energy and City	2	1	1	0	0
Lecture Notes in Networks and Systems,System Dependability - Theory and Applications	1	1	1	0	0
Lecture Notes in Networks and Systems,The 13th Conference on Information Technology and Its Applications	1	1	1	0	0
Lecture Notes in Networks and Systems,The 19th International Conference on Soft Computing Models in Industrial and Environmental Applications SOCO 2024	1	1	1	0	0
Lecture Notes in Operations Research,Operations Research Proceedings 2022	1	1	1	0	0
Lecture Notes in Social Networks,Advances in Social Networks Analysis and Mining	1	1	1	0	0
Lecture Notes of the Institute for Computer Sciences, Social Informatics and Telecommunications Engineering,ArtsIT, Interactivity and Game Creation	1	1	1	0	0
Lecture Notes of the Institute for Computer Sciences, Social Informatics and Telecommunications Engineering,Digital Forensics and Cyber Crime	1	1	1	0	0
Lecture Notes of the Institute for Computer Sciences, Social Informatics and Telecommunications Engineering,Future Access Enablers for Ubiquitous and Intelligent Infrastructures	2	1	1	0	0
Lecture Notes of the Institute for Computer Sciences, Social Informatics and Telecommunications Engineering,Mobile Networks and Management	3	1	2	0	0
Lecture Notes of the Institute for Computer Sciences, Social Informatics and Telecommunications Engineering,Multimedia Technology and Enhanced Learning	1	1	1	0	0
Lecture Notes of the Institute for Computer Sciences, Social Informatics and Telecommunications Engineering,Security and Privacy in Cyber-Physical Systems and Smart Vehicles	1	1	1	0	0
Lecture Notes of the Institute for Computer Sciences, Social Informatics and Telecommunications Engineering,Tools for Design, Implementation and Verification of Emerging Information Technologies	1	1	1	0	0
Lecture Notes on Data Engineering and Communications Technologies,Advances in Intelligent Computing Techniques and Applications	1	1	1	0	0
Lecture Notes on Data Engineering and Communications Technologies,Innovative Mobile and Internet Services in Ubiquitous Computing	1	1	1	0	0
Lecture Notes on Data Engineering and Communications Technologies,Intelligence of Things: Technologies and Applications	1	1	1	0	0
Lecture Notes on Data Engineering and Communications Technologies,Proceedings of the 14th International Symposium on Computer Science in Sport (IACSS 2023)	1	1	1	1	1
Legal Medicine	1	1	1	0	0
Leisure Studies	2	1	1	0	0
Letters in Mathematical Physics	1	1	1	0	0
Letters in Spatial and Resource Sciences	2	1	1	0	0
Leukemia & Lymphoma	1	1	1	0	0
Leveraging Data Science for Global Health	2	1	1	0	0
Lexis	1	1	1	0	0
Library Hi Tech	2	1	1	0	0
Libri	1	1	1	0	0
Libros IC	1	1	1	0	0
Life Sciences in Space Research	1	1	1	0	0
Lifetime Data Analysis	2	1	2	0	0
Light: Science & Applications	1	1	1	0	0
Limnologica	1	1	1	0	0
Linear Algebra and its Applications	2	1	1	0	0
Linguistic Approaches to Bilingualism,Structural similarity across domains in third language acquisition	1	1	1	0	0
Linguistics and Education	1	1	1	0	0
Linguistics of the Tibeto-Burman Area	2	1	1	0	0
Linking Theory and Practice of Digital Libraries,Lecture Notes in Computer Science	1	1	1	0	0
Linköping Studies in Science and Technology. Dissertations	1	1	1	0	0
Linx	1	1	1	0	0
Lithic Technology	3	1	2	0	0
Lithos	1	1	1	0	0
Liver Transplantation	2	1	1	0	0
Livers	1	1	1	0	0
Livestock Diseases and Management,Advances in Antiviral Research	1	1	1	0	0
Living Beyond Data,Intelligent Systems Reference Library	2	1	1	0	0
Living Reviews in Solar Physics	1	1	1	0	0
Lobachevskii Journal of Mathematics	1	1	1	0	0
Local Climate Zone Application in Sustainable Urban Development	1	1	1	0	0
Local Environment	1	1	1	0	0
Lomonosov Geography Journal	1	1	1	0	0
Lomonosov Journal of Philology	1	1	1	0	0
Lomonosov Journal of Philology,VESTN. MOSCOW. UN-TA. SER. 9. PHILOLOGY	1	1	1	0	0
Low Resource Social Media Text Mining,SpringerBriefs in Computer Science	2	1	1	0	0
Lung	1	1	1	0	0
Lung India	1	1	1	0	0
Lupus	1	1	1	0	0
L’Espace géographique	1	1	1	0	0
MATEC Web of Conferences	2	1	1	0	0
MATERIALS TRANSACTIONS	1	1	1	0	0
MILCOM 2023 - 2023 IEEE Military Communications Conference (MILCOM)	1	1	1	0	0
MILCOM 2024 - 2024 IEEE Military Communications Conference (MILCOM)	1	1	1	0	0
MIS Quarterly	1	1	1	0	0
MMWR. Morbidity and Mortality Weekly Report	1	1	1	0	0
MRI Pulse Sequences	1	1	1	0	0
MRI of Short- and Ultrashort-T2 Tissues	2	1	2	0	0
Maandblad voor Accountancy en Bedrijfseconomie	2	1	2	0	0
Machine Intelligence Research	1	1	1	0	0
Machine Learning Approach for Cloud Data Analytics in IoT	1	1	1	0	0
Machine Learning Methods for Multi-Omics Data Integration	1	1	1	0	0
Machine Learning Support for Fault Diagnosis of System-on-Chip	1	1	1	0	0
Machine Learning and Artificial Intelligence in Radiation Oncology	1	1	1	0	0
Machine Learning and Deep Learning in Computational Toxicology,Computational Methods in Engineering &amp; the Sciences	1	1	1	0	0
Machine Learning and Knowledge Discovery in Databases,Communications in Computer and Information Science	5	1	3	0	0
Machine Learning and Knowledge Discovery in Databases. Applied Data Science Track,Lecture Notes in Computer Science	2	1	1	0	0
Machine Learning and Knowledge Discovery in Databases. Research Track,Lecture Notes in Computer Science	2	1	1	0	0
Machine Learning and Knowledge Discovery in Databases: Applied Data Science Track,Lecture Notes in Computer Science	2	1	1	0	0
Machine Learning for Asset Management	2	1	1	0	0
Machine Learning for Engineers	1	1	1	0	0
Machine Learning in Geomechanics 1	1	1	1	0	0
Machine Learning in Geosciences,Advances in Geophysics	2	1	1	0	0
Machine Learning: Earth	1	1	1	0	0
Machine Learning: Foundations, Methodologies, and Applications,Topic Modeling	1	1	1	0	0
Machine Learning: Health	1	1	1	0	0
Machine Vision and Applications	1	1	1	0	0
Madera y Bosques	1	1	1	0	0
Magazine of Concrete Research	1	1	1	0	0
Magnetic Resonance in Chemistry	1	1	1	0	0
Magnetospheric Imaging	2	1	1	0	0
Majalah Kesehatan Indonesia	1	1	1	0	0
Makers at School, Educational Robotics and Innovative Learning Environments,Lecture Notes in Networks and Systems	2	1	1	0	0
Making Global Norms	11	1	11	0	0
Mammal Study	1	1	1	0	0
Mammalian Genome	2	1	2	0	0
Mammalogy Notes	1	1	1	0	0
Management & Organizational History	1	1	1	0	0
Management &amp; Organizational History	1	1	1	0	0
Management Communication Quarterly	1	1	1	0	0
Management Review Quarterly	1	1	1	0	0
Mapping Sustainability Measurement,Sustainable Development Goals Series	1	1	1	0	0
Marine Biology Research	1	1	1	0	0
Marine Biotechnology	2	1	1	0	0
Marine Chemistry	1	1	1	0	0
Marine Engineering	1	1	1	0	0
Marine Genomics	2	1	1	0	0
Marine Geodesy	1	1	1	0	0
Marine Geophysical Research	1	1	1	0	0
Marine Georesources &amp; Geotechnology	1	1	1	0	0
Marine Micropaleontology	6	1	4	0	0
Marine Resource Economics	2	1	2	0	0
Marine Structures	1	1	1	0	0
Maritime Transport Research	1	1	1	0	0
Marketing Letters	1	1	1	0	0
Marketing Science	3	1	2	0	0
Marriage & Family Review	1	1	1	0	0
Marriage &amp; Family Review	1	1	1	1	1
Maschinelles Lernen für die Ingenieurwissenschaften	1	1	1	0	0
Masculinity and Violent Extremism	2	1	1	0	0
Mass Communication and Society	1	1	1	0	0
Mass Spectrometry	1	1	1	0	0
Mass Spectrometry Reviews	2	1	2	0	0
Mastering Optoelectronics - Fundamentals, Applications, and Innovations [Working Title]	1	1	1	0	0
Materials & Design	1	1	1	0	0
Materials Chemistry Frontiers	2	1	1	0	0
Materials Genome Engineering Advances	1	1	1	0	0
Materials Science and Engineering: B	1	1	1	0	0
Materials Science and Technology	2	1	1	0	0
Materials Today Electronics	1	1	1	0	0
MathematicS In Action	1	1	1	0	0
Mathematical Engineering,Computational Homological Algebra	1	1	1	0	0
Mathematical Modeling and Simulation	1	1	1	0	0
Mathematical Modelling of Natural Phenomena	1	1	1	0	0
Mathematical Models and Computer Simulations	1	1	1	0	0
Mathematical Optimization Theory and Operations Research,Communications in Computer and Information Science	2	1	1	0	0
Mathematical Population Studies	1	1	1	0	0
Mathematical Programming Computation	1	1	1	0	0
Mathematical Research for Blockchain Economy,Lecture Notes in Operations Research	1	1	1	0	0
Mathematical Software – ICMS 2018,Lecture Notes in Computer Science	2	1	1	0	0
Mathematical Thinking and Learning	2	1	1	0	0
Mathematical and Computer Modelling of Dynamical Systems	1	1	1	0	0
Mathematics and Computation in Music,Lecture Notes in Computer Science	2	1	1	2	1
Mathematics in Computer Science	1	1	1	0	0
Mathematics in Medical and Life Sciences	1	1	1	0	0
Mathematics of Data,Mathematical Principles of Topological and Geometric Data Analysis	1	1	1	0	0
Mathematics of Operations Research	1	1	1	0	0
Mathematische Semesterberichte	1	1	1	0	0
Matrix Biology Plus	2	1	1	0	0
Matter and Radiation at Extremes	1	1	1	0	0
Maturitas	1	1	1	0	0
Matéria (Rio de Janeiro)	1	1	1	0	0
MaxEnt 2022	2	1	1	1	0.5
MaxEnt 2024	1	1	1	0	0
Mayo Clinic Proceedings: Innovations, Quality &amp; Outcomes	2	1	1	0	0
Measurement Instruments for the Social Sciences	1	1	1	0	0
Measurement Techniques	2	1	1	0	0
Measurement and Evaluation in Counseling and Development	1	1	1	0	0
Measurement: Interdisciplinary Research and Perspectives	1	1	1	0	0
Measurement: Sensors	1	1	1	0	0
Meccanica	1	1	1	0	0
Mechanical Engineering Journal	1	1	1	0	0
Mechanics &amp; Industry	1	1	1	0	0
Mechanisms and Machine Science,Cable-Driven Parallel Robots	2	1	1	0	0
Mechanisms and Machine Science,New Advances in Mechanisms, Mechanical Transmissions and Robotics	1	1	1	0	0
Mechanisms and Machine Science,Proceedings of I4SDG Workshop 2025 - IFToMM for Sustainable Development Goals	1	1	1	0	0
Mechanisms and Machine Science,Proceedings of the UNIfied Conference of DAMAS, IncoME VIII and TEPEN Conferences	1	1	1	0	0
Mechatronics	1	1	1	0	0
Med-X	1	1	1	0	0
MedComm	1	1	1	0	0
Media Industries	1	1	1	0	0
Medical & Biological Engineering & Computing	1	1	1	0	0
Medical Applications with Disentanglements,Lecture Notes in Computer Science	1	1	1	0	0
Medical Care Research and Review	2	1	1	0	0
Medical Devices: Evidence and Research	1	1	1	0	0
Medical Education Online	1	1	1	0	0
Medical Image Understanding and Analysis,Lecture Notes in Computer Science	2	1	1	0	0
Medical Imaging 2022: Image-Guided Procedures, Robotic Interventions, and Modeling	2	1	1	0	0
Medical Reference Services Quarterly	2	1	1	0	0
Medical Science Educator	2	1	1	0	0
Medical Technologies. Assessment and Choice	1	1	1	0	0
Medicinal Chemistry	1	1	1	0	0
Medicine & Science in Sports & Exercise	1	1	1	0	0
Meditari Accountancy Research	2	1	1	0	0
Mediterranean Journal of Mathematics	1	1	1	0	0
Mehmet Akif Ersoy Üniversitesi Fen Bilimleri Enstitüsü Dergisi	2	1	1	0	0
Mekhatronika, Avtomatizatsiya, Upravlenie	1	1	1	0	0
Melanoma Research	1	1	1	0	0
Memetic Computing	2	1	1	0	0
Menopause	1	1	1	0	0
Mensch und Computer 2021	2	1	1	0	0
Mensch und Computer 2022	2	1	1	0	0
Mental Health & Prevention	1	1	1	0	0
Mentálhigiéné és Pszichoszomatika	1	1	1	0	0
Meta Heuristic Techniques in Software Engineering and Its Applications,Artificial Intelligence-Enhanced Software and Systems Engineering	2	1	1	0	0
Metabolic Brain Disease	1	1	1	0	0
Metabolomics Perspectives	2	1	1	0	0
Metagenomic Data Analysis,Methods in Molecular Biology	1	1	1	0	0
Metagenomics for Microbiology	1	1	1	0	0
Metalearning,Cognitive Technologies	2	1	1	0	0
Metallurgical and Materials Transactions B	1	1	1	0	0
Metamaterials Science and Technology,Handbook of Nano-Metamaterials	2	1	2	0	0
Metaphilosophy	1	1	1	0	0
Metaphor and Symbol	2	1	2	0	0
Metaphor and the Social World	1	1	1	0	0
Metascience in Aerospace	1	1	1	0	0
Meteoritics & Planetary Science	1	1	1	0	0
Meteoritics &amp; Planetary Science	1	1	1	0	0
Meteorology	2	1	1	0	0
Methodological Innovations	1	1	1	0	0
Methodology of Educational Measurement and Assessment,Q Methodology and Education	2	1	2	0	0
Methods for Researching Professional Learning and Development,Professional and Practice-based Learning	2	1	1	0	0
Methods in Cell Biology	2	1	1	0	0
Methods in Cell Biology,Advances in Cytometry: Applications	1	1	1	0	0
Methods in Cell Biology,Plant Cell Biology	2	1	1	0	0
Methods in Chemical Process Safety,Method of Process Systems in Energy Systems: Current System Part 1	1	1	1	0	0
Methods in Enzymology,Biophysical Approaches for the Study of Membrane Structure—Part B: Theory and Simulations	1	1	1	0	0
Methods in Enzymology,Crystallography of Protein Dynamics	1	1	1	0	0
Methods in Molecular Biology,Artificial Intelligence (AI) in Cell and Genetic Engineering	1	1	1	0	0
Methods in Molecular Biology,Axon Regeneration	1	1	1	0	0
Methods in Molecular Biology,Bone Research Protocols	1	1	1	0	0
Methods in Molecular Biology,Cancer Drug Resistance	2	1	1	0	0
Methods in Molecular Biology,Chromosome Architecture	2	1	1	0	0
Methods in Molecular Biology,Comparative Genomics	1	1	1	0	0
Methods in Molecular Biology,Computational Biology of Non-Coding RNA	1	1	1	0	0
Methods in Molecular Biology,Computational Design of Membrane Proteins	2	1	1	0	0
Methods in Molecular Biology,Computational Epigenomics and Epitranscriptomics	1	1	1	0	0
Methods in Molecular Biology,Computational Toxicology	1	1	1	0	0
Methods in Molecular Biology,Computational Virology	1	1	1	0	0
Methods in Molecular Biology,Ctenophores	1	1	1	0	0
Methods in Molecular Biology,Dendritic Cells	1	1	1	0	0
Methods in Molecular Biology,Enhancers and Promoters	2	1	1	0	0
Methods in Molecular Biology,Epistasis	2	1	1	0	0
Methods in Molecular Biology,Genome Assembly	1	1	1	0	0
Methods in Molecular Biology,Hi-C Data Analysis	2	1	1	0	0
Methods in Molecular Biology,Intracellular Pathogens	1	1	1	0	0
Methods in Molecular Biology,Legume Genomics	1	1	1	0	0
Methods in Molecular Biology,Mass Spectrometry Based Single Cell Proteomics	1	1	1	0	0
Methods in Molecular Biology,Mechanobiology	1	1	1	0	0
Methods in Molecular Biology,Myofibroblasts	2	1	1	0	0
Methods in Molecular Biology,Neural Repair	1	1	1	0	0
Methods in Molecular Biology,Peptidomics	1	1	1	0	0
Methods in Molecular Biology,Phenotypic Screening	1	1	1	0	0
Methods in Molecular Biology,Plant Comparative Genomics	2	1	1	0	0
Methods in Molecular Biology,Plant MicroRNAs	1	1	1	0	0
Methods in Molecular Biology,Plant Transposable Elements	2	1	1	0	0
Methods in Molecular Biology,Polyploidy	1	1	1	0	0
Methods in Molecular Biology,Protein Bioinformatics	1	1	1	0	0
Methods in Molecular Biology,Protein-Protein Docking	1	1	1	0	0
Methods in Molecular Biology,Protein-Protein Interactions	2	1	2	0	0
Methods in Molecular Biology,Single Cell Methods	2	1	1	0	0
Methods in Molecular Biology,Single Cell Transcriptomics	1	1	1	0	0
Methods in Molecular Biology,Stable Isotope Probing	2	1	1	0	0
Methods in Molecular Biology,Statistical Genomics	1	1	1	0	0
Methods in Molecular Biology,T-Cell Repertoire Characterization	2	1	1	0	0
Methods in Molecular Biology,Transcriptome Data Analysis	1	1	1	0	0
Methods in Molecular Biology,Wheat Rusts and Resistance Breeding	1	1	1	0	0
Methods of Mathematical Modelling	2	1	1	0	0
Metrika	1	1	1	0	0
Metroeconomica	1	1	1	0	0
Metrologia	1	1	1	0	0
Micro-Pollutant Regulation in the River Rhine	2	1	1	0	0
Microbial Drug Resistance	2	1	1	0	0
Microbial Omics in Environment and Health	1	1	1	0	0
Microbial Risk Analysis	1	1	1	0	0
Microbiology and Immunology	1	1	1	0	0
Microelectronics Reliability	2	1	1	0	0
Microgravity Science and Technology	1	1	1	0	0
Microporous and Mesoporous Materials	1	1	1	0	0
Microscopy	1	1	1	0	0
Microscopy Today	1	1	1	0	0
Microvascular Research	1	1	1	0	0
Microwave and Optical Technology Letters	1	1	1	0	0
Migration Studies	1	1	1	0	0
Minds and Machines	2	1	1	0	0
Mineral Processing and Extractive Metallurgy Review	2	1	1	0	0
Mineralium Deposita	2	1	1	0	0
Mineralogical Magazine	2	1	1	0	0
Mineralogy and Petrology	1	1	1	0	0
Minerva Cardiology and Angiology	1	1	1	0	0
Mining, Metallurgy & Exploration	1	1	1	0	0
Misinformation and Disinformation	4	1	2	0	0
Mitigation and Adaptation Strategies for Global Change	2	1	2	0	0
Mitochondrial Communications	1	1	1	0	0
Mitteilungen der Vereinigung Österreichischer Bibliothekarinnen und Bibliothekare	2	1	1	2	1
Mobile Multimedia Communications,Lecture Notes of the Institute for Computer Sciences, Social Informatics and Telecommunications Engineering	2	1	1	0	0
Mobility for Smart Cities and Regional Development - Challenges for Higher Education,Lecture Notes in Networks and Systems	2	1	1	0	0
Modality and Diachronic Construction Grammar,Constructional Approaches to Language	2	1	1	0	0
Modeling and Simulation	1	1	1	0	0
Modeling, Identification and Control: A Norwegian Research Bulletin	1	1	1	0	0
Modelling and Simulation for Autonomous Systems,Lecture Notes in Computer Science	2	1	1	0	0
Model‐Based Reinforcement Learning	1	1	1	0	0
Modern Humanities Success	1	1	1	0	0
Modern Italy	1	1	1	0	0
Modern Management	1	1	1	0	0
Modern Pupillometry	3	1	3	0	0
Modern Rheumatology	1	1	1	0	0
Modern astronomy: from the Early Universe to exoplanets and black holes	1	1	1	0	0
Moderne Verfahren der Angewandten Statistik	1	1	1	0	0
Mokslas - Lietuvos ateitis	2	1	1	0	0
Molecular & Cellular Toxicology	1	1	1	0	0
Molecular Aspects of Medicine	1	1	1	0	0
Molecular Biotechnology	1	1	1	0	0
Molecular Epidemiology for Infectious Diseases	1	1	1	0	0
Molecular Genetics, Microbiology and Virology	2	1	2	0	0
Molecular Genetics, Microbiology and Virology (Russian)	1	1	1	0	0
Molecular Horticulture	1	1	1	0	0
Molecular Imaging and Biology	2	1	1	0	0
Molecular Omics	3	1	2	0	0
Molecular Systems Design & Engineering	1	1	1	0	0
Molecular Therapy - Oncolytics	3	1	2	0	0
Molecular Therapy Oncology	1	1	1	0	0
Molecular Therapy: Oncology	1	1	1	0	0
Molecular and Cellular Endocrinology	1	1	1	0	0
Molecular and Cellular Neuroscience	1	1	1	0	0
Molecular and Cellular Pediatrics	1	1	1	0	0
Molochnoe i miasnoe skotovodstvo	1	1	1	0	0
Monatsschrift Kinderheilkunde	1	1	1	0	0
Monographs of the Society for Research in Child Development	1	1	1	0	0
MorphoMuseuM	1	1	1	0	0
Morphology	2	1	1	0	0
Moscow University Bulletin Series 4 Geology	1	1	1	0	0
Moscow University Computational Mathematics and Cybernetics	1	1	1	0	0
Moscow University Geology Bulletin	1	1	1	0	0
Moscow University Physics Bulletin	1	1	1	0	0
Motor Control	1	1	1	0	0
Multi-Agent Systems and Agreement Technologies,Lecture Notes in Computer Science	2	1	1	0	0
Multi-Agent Systems,Lecture Notes in Computer Science	1	1	1	0	0
Multi-Criteria Decision Making Methods and Sustainable Applications in the Digital Age	1	1	1	0	0
Multidisciplinary Sciences Reports	1	1	1	0	0
Multidiszciplináris Egészség és Jóllét	1	1	1	0	0
Multilevel Thinking	13	1	13	0	0
Multimedia Systems	1	1	1	0	0
Multimodal AI in Healthcare,Studies in Computational Intelligence	4	1	2	0	0
Multimodal Im/politeness,Pragmatics &amp; Beyond New Series	1	1	1	0	0
Multiple Imputation and its Application 2e	1	1	1	0	0
Multiplex Biomarker Techniques,Methods in Molecular Biology	2	1	1	0	0
Multiscale Modeling of Electrochemical Reactions and Processes	2	1	2	0	0
Multiscale and Multidisciplinary Modeling, Experiments and Design	1	1	1	0	0
Multistability in Physical and Living Systems,Springer Series in Synergetics	2	1	1	0	0
Muscle &amp; Nerve	2	1	2	0	0
Musculoskeletal Care	2	1	2	0	0
Music & Science	1	1	1	0	0
Music Theory Online	1	1	1	0	0
Music in the AI Era,Lecture Notes in Computer Science	2	1	2	0	0
Musicae Scientiae	1	1	1	0	0
Mutation Research/Fundamental and Molecular Mechanisms of Mutagenesis	1	1	1	0	0
Mycobacteria	1	1	1	0	0
Mycopathologia	1	1	1	0	0
Mycoses	2	1	2	0	0
Mycotoxin Research	1	1	1	0	0
Mühendislik Bilimleri ve Tasarım Dergisi	2	1	1	0	0
NATURENGS MTU Journal of Engineering and Natural Sciences Malatya Turgut Ozal University	2	1	1	0	0
NAVIGATION: Journal of the Institute of Navigation	1	1	1	0	0
NEJM Evidence	1	1	1	0	0
NMDB@Home 2020,Cosmic ray studies with neutron detectors	1	1	1	0	0
NOMS 2022-2022 IEEE/IFIP Network Operations and Management Symposium	2	1	1	0	0
NOMS 2023-2023 IEEE/IFIP Network Operations and Management Symposium	1	1	1	0	0
NOMS 2025-2025 IEEE Network Operations and Management Symposium	1	1	1	0	0
Nachrichten aus der Chemie	2	1	1	0	0
Namık Kemal Tıp Dergisi	1	1	1	0	0
Nankai Business Review International	1	1	1	0	0
Nano Convergence	2	1	1	0	0
Nano Select	1	1	1	0	0
Nano-Micro Letters	1	1	1	0	0
NanoImpact	1	1	1	0	0
Nanobiotechnology Reports	1	1	1	0	0
National Institute Economic Review	1	1	1	0	0
Naturae	1	1	1	0	0
Natural Areas Journal	2	1	1	0	0
Natural Computing	2	1	1	0	0
Natural Computing Series,Explainable AI for Evolutionary Computation	1	1	1	0	0
Natural History Collections and Museomics	1	1	1	0	0
Natural Hydrogen Systems	1	1	1	0	0
Natural Killer Cells	1	1	1	0	0
Natural Language &amp; Linguistic Theory	1	1	1	0	0
Natural Language Processing	1	1	1	0	0
Natural Language Processing Journal	1	1	1	0	0
Natural Product Communications	2	1	1	0	0
Natural Product Reports	2	1	2	0	0
Natural Resource Management and Policy,Environmental Policy Science’s Exploration for Innovative Data	1	1	1	0	0
Natural Resource Modeling	2	1	1	0	0
Natural Resources Forum	1	1	1	0	0
Natural Resources for Human Health	1	1	1	0	0
Natural Sciences Education	2	1	1	0	0
Nature Conservation	1	1	1	0	0
Nature Electronics	1	1	1	0	0
Nature Reviews Drug Discovery	3	1	2	0	0
Nature Reviews Earth &amp; Environment	1	1	1	0	0
Nature Reviews Gastroenterology & Hepatology	1	1	1	0	0
Nature Reviews Microbiology	1	1	1	0	0
Nature Reviews Molecular Cell Biology	2	1	1	0	0
Nature Reviews Nephrology	2	1	1	0	0
Nature Reviews Neuroscience	1	1	1	0	0
Nature Reviews Urology	1	1	1	0	0
Nature Structural & Molecular Biology	1	1	1	0	0
Nature Synthesis	1	1	1	0	0
Nauchnyi dialog	2	1	1	0	0
Naunyn-Schmiedeberg's Archives of Pharmacology	1	1	1	0	0
Near Surface Geophysics	1	1	1	0	0
Nederlandse Taalkunde	2	1	1	0	0
Neoplasia	3	1	2	0	0
Neotropical Biology and Conservation	1	1	1	0	0
Neotropical Gradients and Their Analysis	1	1	1	0	0
Neotropical Ichthyology	2	1	1	0	0
Network Science,Lecture Notes in Computer Science	2	1	1	0	0
Network and Systems Medicine	2	1	1	0	0
Networks	2	1	1	0	0
Networks and Heterogeneous Media	1	1	1	0	0
Networks and Spatial Economics	1	1	1	1	1
Netzwerkforschung,Handbuch Netzwerkforschung	2	1	2	0	0
Neural Computing for Advanced Applications,Communications in Computer and Information Science	2	1	1	0	0
Neural Engineering Techniques for Autism Spectrum Disorder	2	1	1	0	0
Neural Information Processing,Lecture Notes in Computer Science	2	1	1	0	0
Neural Plasticity	2	1	1	0	0
Neuro-Oncology Practice	3	1	2	0	0
NeuroImage: Reports	1	1	1	0	0
NeuroMolecular Medicine	1	1	1	0	0
NeuroRehabilitation: An International, Interdisciplinary Journal	1	1	1	0	0
Neurobiology of Sleep and Circadian Rhythms	1	1	1	0	0
Neurocase	2	1	1	0	0
Neurochemical Research	1	1	1	0	0
Neuroepidemiology	1	1	1	0	0
Neuroimmunomodulation	2	1	1	0	0
Neurological Research and Practice	1	1	1	0	0
Neurology International	1	1	1	0	0
Neurology and Therapy	1	1	1	0	0
Neurology, Neuropsychiatry, Psychosomatics	2	1	1	0	0
Neuromethods,Identification, Characterization, and Manipulation of Neuronal Ensembles	1	1	1	0	0
Neuromethods,New Technologies for Glutamate Interaction	1	1	1	0	0
Neuropathology and Applied Neurobiology	1	1	1	0	0
Neuropeptides	2	1	1	0	0
Neuropsychiatric Disease and Treatment	1	1	1	0	0
Neuropsychology Review	2	1	2	0	0
Neuroscience Applied	1	1	1	0	0
Neuroscience Informatics	1	1	1	0	0
Neuroscience Letters	1	1	1	0	0
Neuroscience Research	2	1	1	0	0
Neuroscience and Behavioral Physiology	1	1	1	0	0
Neurosurgery Practice	1	1	1	0	0
Neurotherapeutics	2	1	1	0	0
Neurotoxicology and Teratology	1	1	1	0	0
Neurourology and Urodynamics	1	1	1	0	0
Neutron News	1	1	1	0	0
New &amp; Renewable Energy	1	1	1	0	0
New Astronomy Reviews	2	1	2	0	0
New Directions for Teaching and Learning	1	1	1	0	0
New Media Spectacles and Multimodal Creativity in a Globalised Asia,Digital Culture and Humanities	2	1	1	0	0
New Methods and Sensors for Membrane and Cell Volume Research,Current Topics in Membranes	2	1	1	0	0
New Metropolitan Perspectives,Smart Innovation, Systems and Technologies	2	1	1	0	0
New Microbes and New Infections	2	1	1	0	0
New Technologies, Development and Application III,Lecture Notes in Networks and Systems	2	1	1	1	0.5
New Trends in Database and Information Systems,Communications in Computer and Information Science	1	1	1	0	0
New Zealand Entomologist	1	1	1	0	0
New Zealand Journal of Agricultural Research	2	1	2	0	0
New Zealand Journal of Botany	2	1	2	0	0
New Zealand Journal of Crop and Horticultural Science	1	1	1	0	0
New Zealand Journal of Forestry Science	2	1	2	0	0
New Zealand Journal of Zoology	1	1	1	0	0
New Zealand Plant Protection	4	1	2	0	0
New Zealand Veterinary Journal	2	1	2	0	0
Next Chapter in Mobility	1	1	1	0	0
Next Materials	1	1	1	0	0
Nexus	1	1	1	0	0
Nexus Network Journal	1	1	1	0	0
Nicel Bilimler Dergisi	2	1	1	0	0
Nicotine & Tobacco Research	2	1	2	0	0
Nicotine &amp; Tobacco Research	2	1	2	0	0
Nigerian Journal of Clinical Practice	1	1	1	0	0
Noise Mapping	1	1	1	0	0
Non-Coding RNA	1	1	1	0	0
Non-coding RNA Research	1	1	1	0	0
Nonlinear Analysis: Hybrid Systems	1	1	1	0	0
Nonlinear Dimensionality Reduction Techniques	6	1	3	0	0
Nordic Conference on Human-Computer Interaction	1	1	1	0	0
Nordic Journal of Botany	2	1	2	0	0
Nordic Journal of Media Studies	2	1	1	0	0
Nordic Journal of Psychiatry	1	1	1	0	0
Nordicom Review	1	1	1	0	0
Northwest Science	1	1	1	0	0
Notornis	1	1	1	0	0
Nuclear Medicine and Molecular Imaging	2	1	1	0	0
Nuclear Physics B	1	1	1	0	0
Nucleus	2	1	1	0	0
Numerical Algebra, Control and Optimization	1	1	1	0	0
Numerical Methods in Turbulence Simulation	1	1	1	0	0
Nurse Author &amp; Editor	1	1	1	0	0
Nurse Education in Practice	2	1	1	0	0
Nursing &amp; Health Sciences	1	1	1	0	0
Nursing Ethics	1	1	1	0	0
Nursing Inquiry	1	1	1	0	0
Nursing Open	1	1	1	0	0
Nutrient Cycling in Agroecosystems	1	1	1	0	0
Nutrition &amp; Diabetes	2	1	1	0	0
Nutrition Reviews	1	1	1	0	0
Nutrition and Cancer	1	1	1	0	0
Nutrition and Health	2	1	1	0	0
Nutrition, Metabolism and Cardiovascular Diseases	3	1	2	0	0
Nyelvtudományi Közlemények	1	1	1	0	0
Nytt Norsk Tidsskrift	2	1	1	0	0
O&amp;G Open	1	1	1	0	0
OALib	1	1	1	0	0
OBM Genetics	1	1	1	0	0
OBM Transplantation	1	1	1	0	0
OCEANS 2024 - Singapore	1	1	1	0	0
OCEANS 2025 Brest	1	1	1	0	0
OMEGA - Journal of Death and Dying	2	1	1	0	0
OMICS: A Journal of Integrative Biology	2	1	1	0	0
OPEC Energy Review	2	1	1	0	0
OPUS Toplum Araştırmaları Dergisi	1	1	1	0	0
OTO Open	1	1	1	0	0
Obesity Surgery	2	1	2	0	0
Obras y Proyectos	1	1	1	0	0
Occupational Medicine	2	1	1	0	0
Occupational and Environmental Medicine	2	1	1	0	0
Ocean & Coastal Management	1	1	1	0	0
Ocean Dynamics	1	1	1	0	0
Ocean Microbiology	1	1	1	0	0
Ocean Science Data	2	1	1	0	0
Ocean Wave Energy Technology	1	1	1	0	0
Ocean prediction: present status and state of the art (OPSR)	1	1	1	0	0
Ocean-Land-Atmosphere Research	1	1	1	0	0
Oceanology	1	1	1	0	0
Offshore Technology Conference Brasil	1	1	1	0	0
On Spatio-Temporal Data Modelling and Uncertainty Quantification Using Machine Learning and Information Theory,Springer Theses	2	1	1	0	0
Oncologie	1	1	1	0	0
Oncology Research	1	1	1	0	0
Oncology,Advanced Concepts and Strategies in Central Nervous System Tumors	1	1	1	0	0
Oncology,Cancer Immunotherapy - Cellular Mechanisms, Therapeutic Advances and Emerging Frontiers	1	1	1	0	0
Onderzoeksrapporten agentschap Onroerend Erfgoed	1	1	1	1	1
One Ecosystem	1	1	1	0	0
Open Access Journal of Sports Medicine	1	1	1	1	1
Open Geomechanics	3	1	2	0	0
Open House International	1	1	1	0	0
Open Journal of Mathematical Optimization	2	1	1	0	0
Open Journal of Medical Psychology	1	1	1	0	0
Open Journal of Social Sciences	1	1	1	0	0
Open Journal of Soil Science	1	1	1	0	0
Open Source Systems: Towards Robust Practices,IFIP Advances in Information and Communication Technology	2	1	1	0	0
OpenMP: Enabling Massive Node-Level Parallelism,Lecture Notes in Computer Science	2	1	1	0	0
OpenSHMEM and Related Technologies. OpenSHMEM in the Era of Exascale and Smart Networks,Lecture Notes in Computer Science	2	1	1	0	0
OpenSky 2022	7	1	7	0	0
Operations Management Research	2	1	1	0	0
Ophthalmology Glaucoma	2	1	1	0	0
Ophthalmology and Therapy	1	1	1	0	0
Opinião Pública	1	1	1	0	0
Optica	1	1	1	0	0
Optica Biophotonics Congress: Biomedical Optics 2024 (Translational, Microscopy, OCT, OTS, BRAIN)	1	1	1	0	0
Optica OIC — Optical Interference Coatings Conference 2025	1	1	1	0	0
Optica Quantum	1	1	1	0	0
Optica Quantum 2.0 Conference and Exhibition	2	1	2	0	0
Optical Fiber Communication Conference (OFC) 2019	6	1	3	1	0.167
Optical Materials: X	2	1	1	0	0
Optical and Quantum Electronics	1	1	1	0	0
Optics Communications	3	1	3	0	0
Optics Continuum	1	1	1	0	0
Optik	1	1	1	0	0
Optimization Letters	2	1	1	0	0
Optimization in Sustainable Energy	1	1	1	0	0
Optometry and Vision Science	1	1	1	0	0
Oral Oncology	2	1	2	0	0
Ordu Üniversitesi Bilim ve Teknoloji Dergisi	1	1	1	0	0
Organic & Biomolecular Chemistry	1	1	1	0	0
Organic Geochemistry	4	1	3	0	0
Organic Process Research & Development	1	1	1	0	0
Organization Studies	1	1	1	0	0
Organizational Psychology Review	1	1	1	0	0
Organizational Research Methods	1	1	1	0	0
Ornitología Neotropical	1	1	1	0	0
Orthodontics & Craniofacial Research	1	1	1	1	1
Orthodontics &amp; Craniofacial Research	1	1	1	1	1
Orthopaedic Surgery	1	1	1	0	0
Orthopedics	1	1	1	0	0
Oryza-An International Journal on Rice	1	1	1	0	0
Osong Public Health and Research Perspectives	2	1	1	0	0
Osteoarthritis and Cartilage Open	1	1	1	0	0
Ouyou toukeigaku	1	1	1	0	0
Oxford Open Climate Change	1	1	1	0	0
Oxford Open Neuroscience	1	1	1	0	0
Oxidation of Metals	2	1	1	0	0
Oñati Socio-Legal Series	1	1	1	0	0
PAROLE: Journal of Linguistics and Education	2	1	2	0	0
PFG – Journal of Photogrammetry, Remote Sensing and Geoinformation Science	3	1	2	0	0
PHAGE	4	1	3	0	0
PLOS Medicine	5	1	3	0	0
PM&amp;R	2	1	1	0	0
PPAR Research	2	1	1	0	0
PRIMUS	2	1	1	2	1
PROCEEDING OF THE 1ST INTERNATIONAL CONFERENCE ON ADVANCED RESEARCH IN PURE AND APPLIED SCIENCE (ICARPAS2021): Third Annual Conference of Al-Muthanna University/College of Science,AIP Conference Proceedings	2	1	1	0	0
PROneft’. Proffessional’no o nefti	2	1	1	0	0
PSICOLOGIA DELLA SALUTE	1	1	1	0	0
PSYCHOLOGIA	2	1	1	0	0
PV-Symposium Proceedings	1	1	1	0	0
Pacific-Basin Finance Journal	1	1	1	0	0
Pacing and Clinical Electrophysiology	1	1	1	0	0
Packing Problems in Soft Matter Physics	1	1	1	0	0
Paddy and Water Environment	1	1	1	0	0
Paediatric and Perinatal Epidemiology	1	1	1	0	0
Pain Management Nursing	2	1	1	0	0
Pain Practice	1	1	1	0	0
Pair-Correlation Effects in Many-Body Systems,Springer Theses	1	1	1	0	0
Palaeogeography, Palaeoclimatology, Palaeoecology	6	1	4	0	0
Paleontological Data Analysis	1	1	1	0	0
Palgrave Communications	2	1	1	0	0
Palgrave Studies in Energy Transitions,The Palgrave Handbook of Cybersecurity, Technologies and Energy Transitions	2	1	2	0	0
Palgrave Studies in Pragmatics, Language and Cognition,Alternatives in Grammar and Cognition	1	1	1	0	0
Palgrave Studies in Sustainable Futures,The Palgrave Handbook of Ecosystems and Wellbeing	1	1	1	0	0
Palgrave Studies in Third Sector Research,Resourceful Civil Society	2	1	1	0	0
Palgrave Studies in Translating and Interpreting,Pseudo-retranslation	1	1	1	0	0
Pamukkale University Journal of Education	1	1	1	0	0
Pancreatology	1	1	1	0	0
Papers in Palaeontology	1	1	1	0	0
Papers in Regional Science	1	1	1	0	0
Parallel Processing and Applied Mathematics,Lecture Notes in Computer Science	1	1	1	0	0
Parasite Epidemiology and Control	1	1	1	0	0
Parasite Immunology	1	1	1	0	0
Parasitologia	1	1	1	0	0
Parkinsonism & Related Disorders	1	1	1	0	0
Partial Differential Equations and Applications	2	1	1	2	1
Particles	1	1	1	1	1
Partner Abuse	2	1	1	0	0
Past, Present and Future of Computing Education Research	1	1	1	0	0
Pathogens and Immunity	1	1	1	0	0
Pathology	2	1	1	0	0
Pathology International	1	1	1	0	0
Pathophysiology	1	1	1	0	0
Pathways Between Social Science and Computational Social Science,Computational Social Sciences	2	1	1	0	0
Patient Education and Counseling	1	1	1	0	0
Patient Preference and Adherence	1	1	1	0	0
Patient Related Outcome Measures	1	1	1	0	0
Pattern Recognition and Artificial Intelligence,Lecture Notes in Computer Science	2	1	1	0	0
Pattern Recognition and Image Analysis	3	1	2	0	0
Pedagogy in Health Promotion	1	1	1	0	0
Pediatric Allergy and Immunology	1	1	1	0	0
Pediatric Blood & Cancer	1	1	1	0	0
Pediatric Critical Care Medicine	2	1	2	0	0
Pediatric Exercise Science	1	1	1	0	0
Pediatric Hematology and Oncology	2	1	1	0	0
Pediatric Infectious Disease Journal	1	1	1	0	0
Pediatric Pulmonology	1	1	1	0	0
Pediatric Rheumatology	2	1	1	0	0
Pediatrics International	1	1	1	0	0
Pedobiologia	1	1	1	0	0
Pedosphere	2	1	2	0	0
Peer-to-Peer Networking and Applications	2	1	1	0	0
Peptides	2	1	1	0	0
Perceptual and Motor Skills	2	1	1	0	0
Performance Enhancement &amp; Health	1	1	1	0	0
Peritoneal Dialysis International: Journal of the International Society for Peritoneal Dialysis	1	1	1	0	0
Personal Relationships	2	1	2	0	0
Personality Disorders: Theory, Research, and Treatment	1	1	1	0	0
Personality Neuroscience	1	1	1	0	0
Personalized Medicine	1	1	1	0	0
Perspectives	2	1	1	0	0
Perspectives and Trends in Education and Technology,Smart Innovation, Systems and Technologies	1	1	1	0	0
Perspectives in Ecology and Conservation	2	1	2	0	0
Perspectives in Public Health	2	1	1	0	0
Perspectives of the ASHA Special Interest Groups	1	1	1	0	0
Perspectives on Medical Education	1	1	1	0	0
Perspectives on Science	1	1	1	0	0
Pesquisa Agropecuária Tropical	1	1	1	0	0
Pesticide Biochemistry and Physiology	1	1	1	0	0
Petroleum	1	1	1	0	0
Pflege-Report 2024	1	1	1	0	0
Pflügers Archiv - European Journal of Physiology	1	1	1	0	0
Pharmacogenomics	1	1	1	0	0
Pharmacological Reports	1	1	1	0	0
Pharmacological Research - Natural Products	1	1	1	0	0
Pharmacological Research - Reports	1	1	1	0	0
Pharmacology Biochemistry and Behavior	4	1	3	0	0
Pharmacoproteomics	1	1	1	0	0
Pharmacopsychiatry	2	1	1	0	0
Pharmacovigilance	1	1	1	0	0
Pharmacy &amp; Pharmacology	1	1	1	0	0
Phenomics	1	1	1	0	0
Philippine Journal of Science, Engineering, and Technology	1	1	1	0	0
Philosophical Magazine	1	1	1	0	0
Philosophical Magazine Letters	1	1	1	0	0
Philosophical Psychology	2	1	1	0	0
Philosophical Transactions B	1	1	1	0	0
Phonetics and Speech Sciences	3	1	2	0	0
Photochemical &amp; Photobiological Sciences	1	1	1	0	0
Photochemistry and Photobiology	2	1	1	0	0
Photodiagnosis and Photodynamic Therapy	1	1	1	0	0
PhotoniX	1	1	1	0	0
Photonics and Nanostructures - Fundamentals and Applications	2	1	1	0	0
Photosynthetica	2	1	1	0	0
Phycologia	1	1	1	0	0
Phycological Research	2	1	1	0	0
Physchem	1	1	1	0	0
PhysiCell Ecosystem	1	1	1	0	0
Physical Education and Sport Pedagogy	1	1	1	0	0
Physical Sciences Reviews	2	1	1	0	0
Physical Therapy	4	1	3	0	0
Physics Today	1	1	1	0	0
Physics and Chemistry of Minerals	2	1	1	0	0
Physiological Research	1	1	1	0	0
Physiotherapy Research International	1	1	1	0	0
Phytochemistry	2	1	1	0	0
Phytochemistry Letters	1	1	1	0	0
Phytoparasitica	1	1	1	0	0
Phytopathologia Mediterranea	2	1	2	0	0
Phytotaxa	1	1	1	0	0
Plankton and Benthos Research	1	1	1	0	0
Plant Biosystems - An International Journal Dealing with all Aspects of Plant Biology	1	1	1	0	0
Plant Biotechnology	2	1	2	0	0
Plant Ecology &amp; Diversity	1	1	1	0	0
Plant Growth Regulation	3	1	2	0	0
Plant Health Progress	1	1	1	0	0
Plant Molecular Biology	1	1	1	0	0
Plant Molecular Biology Reporter	1	1	1	0	0
Plant Nano Biology	1	1	1	0	0
Plant Physiology Reports	1	1	1	0	0
Plant Protection Science	1	1	1	0	0
Plant Species Biology	1	1	1	0	0
Plant, Cell & Environment	1	1	1	0	0
Plant, Soil and Environment	1	1	1	0	0
Plasma	1	1	1	0	0
Plasma Processes and Polymers	1	1	1	0	0
Polar Geography	1	1	1	0	0
Polar Science	1	1	1	0	0
Policing: A Journal of Policy and Practice	1	1	1	0	0
Policy & Internet	1	1	1	0	0
Policy Futures in Education	1	1	1	0	0
Policy Research Working Papers	1	1	1	0	0
Polish Journal of Microbiology	1	1	1	0	0
Political Behavior	2	1	1	0	0
Political Geography	1	1	1	0	0
Political Psychology	1	1	1	0	0
Political Research Quarterly	3	1	3	0	0
Political Science	1	1	1	0	0
Politics and Governance	2	1	1	0	0
Politics and the Life Sciences	3	1	2	0	0
Politische Komplexität, Governance von Innovationen und Policy-Netzwerke	2	1	1	0	0
Politisches Wissen,Politisches Wissen: Korrekte Kenntnisse, Fehlvorstellungen und Ignoranz	1	1	1	0	0
Polycyclic Aromatic Compounds	1	1	1	0	0
Polymer	2	1	1	0	0
Polymer Chemistry	3	1	2	0	0
Polymer International	2	1	1	0	0
Population Genomics	1	1	1	0	0
Population Health Metrics	1	1	1	0	0
Population Research and Policy Review	1	1	1	0	0
Population and Development Review	1	1	1	0	0
Porcine Health Management	5	1	4	0	0
Positioning and Location‐based Analytics in 5G and Beyond	1	1	1	0	0
Positive Emotions	5	1	5	0	0
Post-Soviet Affairs	1	1	1	0	0
Potravinarstvo Slovak Journal of Food Sciences	1	1	1	0	0
Poultry	2	1	2	0	0
Powder Diffraction	1	1	1	0	0
Powders	1	1	1	0	0
Poznan Studies in Contemporary Linguistics	1	1	1	0	0
Practical Applications of Computational Biology and Bioinformatics, 13th International Conference,Advances in Intelligent Systems and Computing	2	1	1	0	0
Practical Data Analytics for Innovation in Medicine	1	1	1	0	0
Practical Text Analytics,Advances in Analytics and Data Science	4	1	2	0	0
Practice	1	1	1	0	0
Pragmatics &amp; Cognition,Pragmatics and Cognition	1	1	1	0	0
Pragmatics and Translation,Pragmatics &amp; Beyond New Series	1	1	1	0	0
Praxis &amp; Saber	2	1	1	0	0
Praxis der Rechtspsychologie	1	1	1	0	0
Precambrian Research	2	1	1	0	0
Precipitation	2	1	1	0	0
Precision Engineering	2	1	1	0	0
Precision Medical Sciences	1	1	1	0	0
Precision Radiation Oncology	2	1	2	2	1
Precision agriculture ’23	1	1	1	0	0
Preclinical Animal Modeling in Medicine	1	1	1	0	0
Prediction in Second Language Processing and Learning,Bilingual Processing and Acquisition	2	1	1	0	0
Pregnancy	1	1	1	0	0
Prehospital Emergency Care	1	1	1	0	0
Prehospital and Disaster Medicine	1	1	1	0	0
Present Knowledge in Food Safety	2	1	1	0	0
Presidential Studies Quarterly	2	1	1	0	0
Preventing Chronic Disease	7	1	4	0	0
Preventing School Failure: Alternative Education for Children and Youth	1	1	1	0	0
Preventive Oncology &amp; Epidemiology	1	1	1	0	0
Principles and Applications of Adaptive Artificial Intelligence,Advances in Computational Intelligence and Robotics	1	1	1	0	0
Principles of Machine Learning	1	1	1	0	0
Prion	2	1	1	0	0
Probability and Statistics for Machine Learning	1	1	1	0	0
Problems of Particularly Dangerous Infections	3	1	2	0	0
Problems of the Regional Energetics	1	1	1	0	0
Procedia Engineering	2	1	1	0	0
Procedia Manufacturing	2	1	1	0	0
Proceeding of Proceedings of the 27th National and 5th International ISHMT-ASTFE Heat and Mass Transfer Conference December 14-17, 2023, IIT Patna, Patna-801106, Bihar, India	1	1	1	0	0
Proceedings TEEM 2022: Tenth International Conference on Technological Ecosystems for Enhancing Multiculturality,Lecture Notes in Educational Technology	1	1	1	0	0
Proceedings e report,ASA 2022 Data-Driven Decision Making	1	1	1	0	0
Proceedings of 2022 International Conference on Autonomous Unmanned Systems (ICAUS 2022),Lecture Notes in Electrical Engineering	1	1	1	0	0
Proceedings of Cyber-Physical Systems and Internet of Things Week 2023	1	1	1	0	0
Proceedings of Eighth International Congress on Information and Communication Technology,Lecture Notes in Networks and Systems	1	1	1	0	0
Proceedings of International Conference on Recent Trends in Computing,Lecture Notes in Networks and Systems	2	1	1	0	0
Proceedings of International Joint Conference on Computational Intelligence,Algorithms for Intelligent Systems	2	1	1	0	0
Proceedings of Petersburg Transport University	1	1	1	0	0
Proceedings of Symposia in Applied Mathematics,Mathematical and Computational Methods for Complex Social Systems	1	1	1	0	0
Proceedings of The 38th International Symposium on Lattice Field Theory — PoS(LATTICE2021)	1	1	1	0	0
Proceedings of The 39th International Symposium on Lattice Field Theory — PoS(LATTICE2022)	1	1	1	0	0
Proceedings of the 10th ACM International Conference on Systems for Energy-Efficient Buildings, Cities, and Transportation	1	1	1	0	0
Proceedings of the 10th ACM SIGPLAN International Workshop on Numerical and Symbolic Abstract Domains	1	1	1	0	0
Proceedings of the 10th IEEE/ACM International Workshop on Software Engineering for Systems-of-Systems and Software Ecosystems	2	1	1	0	0
Proceedings of the 11th International Conference on Automotive User Interfaces and Interactive Vehicular Applications: Adjunct Proceedings	2	1	1	0	0
Proceedings of the 11th Nordic Conference on Human-Computer Interaction: Shaping Experiences, Shaping Society	2	1	1	0	0
Proceedings of the 11th on Knowledge Capture Conference	2	1	1	0	0
Proceedings of the 12th EAI International Conference on Performance Evaluation Methodologies and Tools	1	1	1	0	0
Proceedings of the 12th EAI International Conference on Performance Evaluation Methodologies and Tools - VALUETOOLS 2019	1	1	1	0	0
Proceedings of the 12th International Conference on Bioinformatics Research and Applications	1	1	1	0	0
Proceedings of the 12th International Conference on Digital Libraries for Musicology	3	1	3	1	0.333
Proceedings of the 12th International Conference on Human-Agent Interaction	1	1	1	0	0
Proceedings of the 12th International Symposium on Computer Science in Sport (IACSS 2019),Advances in Intelligent Systems and Computing	2	1	1	0	0
Proceedings of the 12th International Workshop on OpenCL and SYCL	1	1	1	0	0
Proceedings of the 12th Knowledge Capture Conference 2023	1	1	1	0	0
Proceedings of the 13th ACM International Conference on Bioinformatics, Computational Biology and Health Informatics	4	1	2	0	0
Proceedings of the 13th International Conference on Advances in Information Technology	1	1	1	0	0
Proceedings of the 13th International Conference on the Foundations of Digital Games	2	1	1	0	0
Proceedings of the 13th International Workshop on Energy Harvesting and Energy-Neutral Sensing Systems	1	1	1	0	0
Proceedings of the 13th Latin-American Symposium on Dependable and Secure Computing	2	1	2	0	0
Proceedings of the 13th Workshop on Encrypted Computing &amp; Applied Homomorphic Computing	1	1	1	0	0
Proceedings of the 14th ACM / IEEE International Symposium on Empirical Software Engineering and Measurement (ESEM)	2	1	1	0	0
Proceedings of the 14th ACM International Conference on Future Energy Systems	1	1	1	0	0
Proceedings of the 14th ACM International Conference on Web Search and Data Mining	2	1	1	0	0
Proceedings of the 14th ACM SIGPLAN International Conference on Software Language Engineering	2	1	1	0	0
Proceedings of the 14th ACM Workshop on Artificial Intelligence and Security	2	1	1	0	0
Proceedings of the 14th International Audio Mostly Conference: A Journey in Sound	2	1	1	0	0
Proceedings of the 14th International Workshop on Data Management on New Hardware	1	1	1	0	0
Proceedings of the 14th International Workshop on Data Management on New Hardware - DAMON '18	1	1	1	0	0
Proceedings of the 15th ACM / IEEE International Symposium on Empirical Software Engineering and Measurement (ESEM)	2	1	1	0	0
Proceedings of the 15th ACM Conference on Security and Privacy in Wireless and Mobile Networks	2	1	1	0	0
Proceedings of the 15th ACM International Conference on Bioinformatics, Computational Biology and Health Informatics	1	1	1	0	0
Proceedings of the 15th ACM Web Science Conference 2023	1	1	1	0	0
Proceedings of the 15th Asia-Pacific Symposium on Internetware	1	1	1	0	0
Proceedings of the 15th International Conference on Mining Software Repositories	1	1	1	0	0
Proceedings of the 15th International Conference on Mining Software Repositories - MSR '18	1	1	1	0	0
Proceedings of the 15th International Conference on PErvasive Technologies Related to Assistive Environments	1	1	1	0	0
Proceedings of the 15th International Learning Analytics and Knowledge Conference	1	1	1	0	0
Proceedings of the 16th ACM Conference on Recommender Systems	2	1	2	0	0
Proceedings of the 16th ACM International Conference on Bioinformatics, Computational Biology, and Health Informatics	1	1	1	0	0
Proceedings of the 16th ACM International Conference on Distributed and Event-Based Systems	2	1	1	0	0
Proceedings of the 16th ACM SIGPLAN International Haskell Symposium	1	1	1	0	0
Proceedings of the 16th ACM SIGPLAN International Symposium on Dynamic Languages	2	1	1	0	0
Proceedings of the 16th Annual ACM India Compute Conference	2	1	2	0	0
Proceedings of the 16th International Conference on Theory and Practice of Electronic Governance	1	1	1	0	0
Proceedings of the 17th ACM International Conference on Distributed and Event-based Systems	1	1	1	0	0
Proceedings of the 17th ACM Web Science Conference 2025	1	1	1	0	0
Proceedings of the 17th ACM/IEEE International Workshop on Search-Based and Fuzz Testing	1	1	1	0	0
Proceedings of the 17th ACM/SIGEVO Conference on Foundations of Genetic Algorithms	1	1	1	0	0
Proceedings of the 17th Brazilian Symposium on Software Components, Architectures, and Reuse	1	1	1	0	0
Proceedings of the 17th International Conference on Availability, Reliability and Security	2	1	1	0	0
Proceedings of the 17th International Conference on PErvasive Technologies Related to Assistive Environments	1	1	1	0	0
Proceedings of the 18th "Ergonomie et Informatique Avancée" Conference	1	1	1	0	0
Proceedings of the 18th ACM/IEEE International Symposium on Code Generation and Optimization	2	1	1	0	0
Proceedings of the 18th ACM/SIGEVO Conference on Foundations of Genetic Algorithms	1	1	1	0	0
Proceedings of the 18th Conference of the European Chapter of the Association for Computational Linguistics (Volume 1: Long Papers)	1	1	1	0	0
Proceedings of the 18th Conference of the European Chapter of the Association for Computational Linguistics: Student Research Workshop	1	1	1	0	0
Proceedings of the 18th Conference on Embedded Networked Sensor Systems	2	1	1	0	0
Proceedings of the 18th European Workshop on Systems Security	1	1	1	0	0
Proceedings of the 19th ACM Asia Conference on Computer and Communications Security	1	1	1	0	0
Proceedings of the 19th ACM International Conference on Computing Frontiers	2	1	1	0	0
Proceedings of the 19th ACM International Conference on Distributed and Event-based Systems	1	1	1	0	0
Proceedings of the 19th International Conference on Mining Software Repositories	2	1	1	0	0
Proceedings of the 1st ACM SIGSPATIAL International Workshop on Animal Movement Ecology and Human Mobility	2	1	1	0	0
Proceedings of the 1st ACM Workshop on AI-Powered Q&amp;A Systems for Multimedia	1	1	1	0	0
Proceedings of the 1st International Workshop on Native Network Intelligence	1	1	1	0	0
Proceedings of the 1st International Workshop on Natural Language-based Software Engineering	1	1	1	0	0
Proceedings of the 1st Workshop on User-centric Narrative Summarization of Long Videos	2	1	1	0	0
Proceedings of the 1st workshop connecting academia and industry on Modern Integrated Database and AI Systems	1	1	1	0	0
Proceedings of the 2018 Workshop on Big Data Analytics and Machine Learning for Data Communication Networks	2	1	1	0	0
Proceedings of the 2018 Workshop on Forming an Ecosystem Around Software Transformation	1	1	1	0	0
Proceedings of the 2019 11th International Conference on Bioinformatics and Biomedical Technology	2	1	1	0	0
Proceedings of the 2019 2nd International Conference on Algorithms, Computing and Artificial Intelligence	2	1	1	1	0.5
Proceedings of the 2019 CHI Conference on Human Factors in Computing Systems	1	1	1	0	0
Proceedings of the 2019 CHI Conference on Human Factors in Computing Systems  - CHI '19	1	1	1	0	0
Proceedings of the 2019 on Designing Interactive Systems Conference	2	1	1	0	0
Proceedings of the 2020 3rd International Conference on Artificial Intelligence and Pattern Recognition	2	1	1	0	0
Proceedings of the 2020 3rd International Conference on Big Data Technologies	2	1	1	0	0
Proceedings of the 2020 4th International Conference on Vision, Image and Signal Processing	2	1	1	0	0
Proceedings of the 2020 5th International Conference on Biomedical Signal and Image Processing	2	1	1	0	0
Proceedings of the 2020 ACM SIGIR on International Conference on Theory of Information Retrieval	2	1	1	0	0
Proceedings of the 2020 ACM/IEEE International Conference on Human-Robot Interaction	2	1	1	0	0
Proceedings of the 2020 ACM/IEEE Workshop on Machine Learning for CAD	2	1	1	0	0
Proceedings of the 2020 CHI Conference on Human Factors in Computing Systems	3	1	2	0	0
Proceedings of the 2020 DigitalFUTURES	2	1	1	0	0
Proceedings of the 2020 Genetic and Evolutionary Computation Conference Companion	2	1	1	0	0
Proceedings of the 2020 International Conference on Multimedia Retrieval	2	1	1	0	0
Proceedings of the 2020 Workshop on DYnamic and Novel Advances in Machine Learning and Intelligent Cyber Security	2	1	1	0	0
Proceedings of the 2020 the 4th International Conference on Compute and Data Analysis	2	1	1	0	0
Proceedings of the 2021 ACM Conference on Fairness, Accountability, and Transparency	2	1	1	0	0
Proceedings of the 2021 ACM Southeast Conference	2	1	1	0	0
Proceedings of the 2021 ACM Workshop on Information Hiding and Multimedia Security	2	1	1	0	0
Proceedings of the 2021 ACM Workshop on Security and Privacy Analytics	2	1	1	0	0
Proceedings of the 2021 Conference on Human Information Interaction and Retrieval	2	1	1	0	0
Proceedings of the 2021 European Symposium on Usable Security	1	1	1	0	0
Proceedings of the 2021 IEEE/ACM International Conference on Advances in Social Networks Analysis and Mining	2	1	1	0	0
Proceedings of the 2021 International Conference on Computer, Control, Informatics and Its Applications	1	1	1	0	0
Proceedings of the 2021 International Conference on Management of Data	2	1	1	0	0
Proceedings of the 2021 Workshop on Additive Manufacturing (3D Printing) Security	2	1	1	0	0
Proceedings of the 2021 on Great Lakes Symposium on VLSI	2	1	1	0	0
Proceedings of the 2022 6th International Conference on Intelligent Systems, Metaheuristics &amp; Swarm Intelligence	1	1	1	0	0
Proceedings of the 2022 AAAI/ACM Conference on AI, Ethics, and Society	2	1	1	0	0
Proceedings of the 2022 ACM Conference on International Computing Education Research - Volume 1	1	1	1	0	0
Proceedings of the 2022 ACM Conference on International Computing Education Research V.1	1	1	1	0	0
Proceedings of the 2022 ACM International Symposium on Wearable Computers	1	1	1	0	0
Proceedings of the 2022 ACM Workshop on Wireless Security and Machine Learning	2	1	1	0	0
Proceedings of the 2022 ACM on Asia Conference on Computer and Communications Security	2	1	1	0	0
Proceedings of the 2022 ACM on International Workshop on Security and Privacy Analytics	2	1	1	0	0
Proceedings of the 2022 ACM/IEEE 44th International Conference on Software Engineering: Software Engineering in Society	2	1	1	0	0
Proceedings of the 2022 Conference of the North American Chapter of the Association for Computational Linguistics: Human Language Technologies	1	1	1	0	0
Proceedings of the 2022 Fourteenth International Conference on Contemporary Computing	2	1	1	0	0
Proceedings of the 2022 International Conference on Management of Data	2	1	1	0	0
Proceedings of the 2022 International Conference on Multimedia Retrieval	2	1	1	0	0
Proceedings of the 2023 5th International Conference on Information Technology and Computer Communications	1	1	1	0	0
Proceedings of the 2023 6th International Conference on Mathematics and Statistics	1	1	1	0	0
Proceedings of the 2023 7th International Conference on Electronic Information Technology and Computer Engineering	1	1	1	0	0
Proceedings of the 2023 7th International Conference on Intelligent Systems, Metaheuristics &amp; Swarm Intelligence	1	1	1	0	0
Proceedings of the 2023 8th International Conference on Machine Learning Technologies	1	1	1	0	0
Proceedings of the 2023 AAAI/ACM Conference on AI, Ethics, and Society	1	1	1	0	0
Proceedings of the 2023 ACM Conference on International Computing Education Research - Volume 2	1	1	1	0	0
Proceedings of the 2023 ACM Conference on Reproducibility and Replicability	1	1	1	0	0
Proceedings of the 2023 ACM International Conference on Multimedia Retrieval	1	1	1	0	0
Proceedings of the 2023 ACM SIGSAC Conference on Computer and Communications Security	1	1	1	0	0
Proceedings of the 2023 ACM on Internet Measurement Conference	1	1	1	0	0
Proceedings of the 2023 Conference on Empirical Methods in Natural Language Processing	1	1	1	0	0
Proceedings of the 2024 13th International Conference on Software and Computer Applications	1	1	1	0	0
Proceedings of the 2024 16th International Conference on Machine Learning and Computing	1	1	1	0	0
Proceedings of the 2024 3rd International Symposium on Intelligent Unmanned Systems and Artificial Intelligence	1	1	1	0	0
Proceedings of the 2024 4th International Conference on Artificial Intelligence, Big Data and Algorithms	1	1	1	0	0
Proceedings of the 2024 7th International Conference on Machine Vision and Applications	1	1	1	0	0
Proceedings of the 2024 7th International Conference on Signal Processing and Machine Learning	1	1	1	0	0
Proceedings of the 2024 8th International Conference on Advances in Artificial Intelligence	1	1	1	0	0
Proceedings of the 2024 8th International Conference on Computational Biology and Bioinformatics	1	1	1	0	0
Proceedings of the 2024 9th International Conference on Cyber Security and Information Engineering	1	1	1	0	0
Proceedings of the 2024 9th International Conference on Information Systems Engineering	1	1	1	0	0
Proceedings of the 2024 ACM Workshop on Highlights of Parallel Computing	1	1	1	1	1
Proceedings of the 2024 ACM on Internet Measurement Conference	1	1	1	0	0
Proceedings of the 2024 ACM/IEEE International Conference on Human-Robot Interaction	1	1	1	0	0
Proceedings of the 2024 Conference of the North American Chapter of the Association for Computational Linguistics: Human Language Technologies (Volume 1: Long Papers)	2	1	2	0	0
Proceedings of the 2024 IEEE/ACM 46th International Conference on Software Engineering: Companion Proceedings	1	1	1	0	0
Proceedings of the 2024 International Conference on Advanced Visual Interfaces	1	1	1	0	0
Proceedings of the 2024 International Conference on Generative Artificial Intelligence and Information Security	1	1	1	0	0
Proceedings of the 2024 International Conference on Smart City and Information System	1	1	1	0	0
Proceedings of the 2024 International Symposium on Symbolic and Algebraic Computation	1	1	1	0	0
Proceedings of the 2024 International Symposium on Technological Advances in Human-Robot Interaction	1	1	1	0	0
Proceedings of the 2024 Workshop on Advanced Tools, Programming Languages, and PLatforms for Implementing and Evaluating algorithms for Distributed systems	1	1	1	0	0
Proceedings of the 2024 Workshop on Software Supply Chain Offensive Research and Ecosystem Defenses	1	1	1	0	0
Proceedings of the 2024 on ACM SIGSAC Conference on Computer and Communications Security	1	1	1	0	0
Proceedings of the 2024 on Innovation and Technology in Computer Science Education V. 1	1	1	1	0	0
Proceedings of the 2025 2nd International Conference on Smart Healthcare and Wearable Intelligent Devices	1	1	1	0	0
Proceedings of the 2025 5th International Conference on Internet of Things and Machine Learning	1	1	1	0	0
Proceedings of the 2025 ACM Designing Interactive Systems Conference	1	1	1	0	0
Proceedings of the 2025 Conference of the Nations of the Americas Chapter of the Association for Computational Linguistics: Human Language Technologies (Volume 1: Long Papers)	1	1	1	0	0
Proceedings of the 2025 Conference on Empirical Methods in Natural Language Processing	3	1	3	0	0
Proceedings of the 2025 International ACM SIGIR Conference on Innovative Concepts and Theories in Information Retrieval (ICTIR)	1	1	1	0	0
Proceedings of the 2025 International Conference on Economic Management and Big Data Application	1	1	1	0	0
Proceedings of the 2025 International Conference on Software Engineering and Computer Applications	1	1	1	0	0
Proceedings of the 2025 Supercomputing Asia Conference	1	1	1	0	0
Proceedings of the 20th Annual International Conference on Mobile Systems, Applications and Services	2	1	1	0	0
Proceedings of the 21st ACM International Conference on Computing Frontiers: Workshops and Special Sessions	1	1	1	0	0
Proceedings of the 21st ACM Symposium on Document Engineering	2	1	1	0	0
Proceedings of the 21st ACM-IEEE International Conference on Formal Methods and Models for System Design	1	1	1	0	0
Proceedings of the 21th ACM/IEEE International Conference on Model Driven Engineering Languages and Systems	1	1	1	0	0
Proceedings of the 21th ACM/IEEE International Conference on Model Driven Engineering Languages and Systems - MODELS '18	1	1	1	0	0
Proceedings of the 22nd ACM Symposium on Document Engineering	2	1	1	0	0
Proceedings of the 22nd International Academic Mindtrek Conference	1	1	1	0	0
Proceedings of the 22nd International Academic Mindtrek Conference on - Mindtrek '18	1	1	1	0	0
Proceedings of the 22nd International Conference on Culture and Computer Science: Remixing Analog and Digital	1	1	1	0	0
Proceedings of the 22nd International Conference on Information Integration and Web-based Applications & Services	1	1	1	0	0
Proceedings of the 22nd International Conference on Information Integration and Web-based Applications &amp; Services	1	1	1	0	0
Proceedings of the 23rd ACM Conference on Embedded Networked Sensor Systems	1	1	1	0	0
Proceedings of the 23rd ACM/IEEE International Conference on Model Driven Engineering Languages and Systems: Companion Proceedings	2	1	1	0	0
Proceedings of the 23rd International Conference on Mobile Human-Computer Interaction	2	1	1	0	0
Proceedings of the 24th ACM SIGKDD International Conference on Knowledge Discovery & Data Mining	1	1	1	0	0
Proceedings of the 24th ACM SIGKDD International Conference on Knowledge Discovery &amp; Data Mining	1	1	1	0	0
Proceedings of the 24th ACM Symposium on Access Control Models and Technologies	2	1	1	0	0
Proceedings of the 24th ACM/IEEE Joint Conference on Digital Libraries	1	1	1	0	0
Proceedings of the 24th Interaction Design and Children	1	1	1	0	0
Proceedings of the 24th International Conference on Hybrid Systems: Computation and Control	2	1	1	0	0
Proceedings of the 24th Workshop on Privacy in the Electronic Society	2	1	2	0	0
Proceedings of the 25th International Academic Mindtrek Conference	1	1	1	0	0
Proceedings of the 25th International Conference on Intelligent User Interfaces	2	1	1	0	0
Proceedings of the 26th ACM Conference on Economics and Computation	1	1	1	0	0
Proceedings of the 26th ACM SIGKDD International Conference on Knowledge Discovery &amp; Data Mining	2	1	1	0	0
Proceedings of the 26th ACM SIGPLAN Symposium on Principles and Practice of Parallel Programming	2	1	1	0	0
Proceedings of the 26th ACM international conference on Multimedia	1	1	1	0	0
Proceedings of the 26th Annual International Conference on Mobile Computing and Networking	2	1	1	0	0
Proceedings of the 27th ACM Conference on User Modeling, Adaptation and Personalization	2	1	1	0	0
Proceedings of the 27th ACM Symposium on Virtual Reality Software and Technology	2	1	1	0	0
Proceedings of the 27th Conference on Computational Natural Language Learning (CoNLL)	1	1	1	0	0
Proceedings of the 27th International Conference on Evaluation and Assessment in Software Engineering	1	1	1	0	0
Proceedings of the 28th ACM International Conference on Architectural Support for Programming Languages and Operating Systems, Volume 4	1	1	1	0	0
Proceedings of the 28th ACM International Conference on Information and Knowledge Management	2	1	1	0	0
Proceedings of the 28th ACM International Conference on Multimedia	2	1	1	0	0
Proceedings of the 28th ACM Joint Meeting on European Software Engineering Conference and Symposium on the Foundations of Software Engineering	2	1	1	0	0
Proceedings of the 28th ACM SIGPLAN Annual Symposium on Principles and Practice of Parallel Programming	1	1	1	0	0
Proceedings of the 28th European Conference on Pattern Languages of Programs	1	1	1	0	0
Proceedings of the 28th International Conference on Advances in Geographic Information Systems	2	1	1	0	0
Proceedings of the 28th International Conference on Intelligent User Interfaces	1	1	1	0	0
Proceedings of the 28th International Conference on Program Comprehension	2	1	1	0	0
Proceedings of the 29th ACM International Conference on Architectural Support for Programming Languages and Operating Systems, Volume 2	1	1	1	0	0
Proceedings of the 29th ACM International Conference on Information & Knowledge Management	1	1	1	0	0
Proceedings of the 29th ACM International Conference on Information &amp; Knowledge Management	1	1	1	0	0
Proceedings of the 29th ACM SIGSOFT International Symposium on Software Testing and Analysis	2	1	1	0	0
Proceedings of the 29th International ACM Conference on 3D Web Technology	1	1	1	0	0
Proceedings of the 29th International Conference on Advances in Geographic Information Systems	2	1	1	0	0
Proceedings of the 29th International Conference on Evaluation and Assessment in Software Engineering	1	1	1	0	0
Proceedings of the 29th International Conference on Intelligent User Interfaces	1	1	1	0	0
Proceedings of the 2nd ACM SIGSPATIAL International Workshop on Animal Movement Ecology and Human Mobility	2	1	1	0	0
Proceedings of the 2nd International Conference on Educational Knowledge and Informatization	1	1	1	0	0
Proceedings of the 2nd International Workshop on Refactoring	1	1	1	0	0
Proceedings of the 2nd International Workshop on Refactoring - IWoR 2018	1	1	1	0	0
Proceedings of the 2nd Workshop on Quantum Networks and Distributed Quantum Computing	1	1	1	0	0
Proceedings of the 30th ACM Conference on Hypertext and Social Media	2	1	1	0	0
Proceedings of the 30th ACM Conference on User Modeling, Adaptation and Personalization	2	1	1	0	0
Proceedings of the 30th ACM International Conference on Architectural Support for Programming Languages and Operating Systems, Volume 2	1	1	1	0	0
Proceedings of the 30th ACM International Conference on Multimedia	1	1	1	0	0
Proceedings of the 30th ACM SIGPLAN Annual Symposium on Principles and Practice of Parallel Programming	1	1	1	0	0
Proceedings of the 30th ACM SIGPLAN International Conference on Compiler Construction	2	1	1	0	0
Proceedings of the 30th ACM SIGSOFT International Symposium on Software Testing and Analysis	2	1	1	0	0
Proceedings of the 30th Annual International Conference on Mobile Computing and Networking	1	1	1	0	0
Proceedings of the 30th Asia and South Pacific Design Automation Conference	1	1	1	0	0
Proceedings of the 30th Brazilian Symposium on Multimedia and the Web (WebMedia 2024)	1	1	1	0	0
Proceedings of the 30th IEEE/ACM International Conference on Program Comprehension	2	1	1	0	0
Proceedings of the 30th International Conference on Advances in Geographic Information Systems	2	1	1	0	0
Proceedings of the 30th International Conference on Scientific and Statistical Database Management	2	1	1	0	0
Proceedings of the 30th International Workshop on Rapid System Prototyping (RSP'19)	2	1	1	0	0
Proceedings of the 31st ACM Joint European Software Engineering Conference and Symposium on the Foundations of Software Engineering	1	1	1	0	0
Proceedings of the 31st International Symposium on High-Performance Parallel and Distributed Computing	2	1	1	0	0
Proceedings of the 31th International Conference on Computer Graphics and Vision. Volume 2	2	1	1	0	0
Proceedings of the 32nd ACM International Conference on Information and Knowledge Management	1	1	1	0	0
Proceedings of the 32nd ACM International Conference on Multimedia	1	1	1	0	0
Proceedings of the 32nd ACM SIGPLAN International Conference on Compiler Construction	1	1	1	0	0
Proceedings of the 32nd ACM SIGSOFT International Symposium on Software Testing and Analysis	1	1	1	0	0
Proceedings of the 32nd International Conference on Real-Time Networks and Systems	1	1	1	0	0
Proceedings of the 33rd ACM Conference on User Modeling, Adaptation and Personalization	1	1	1	0	0
Proceedings of the 33rd ACM International Conference on Multimedia	2	1	2	0	0
Proceedings of the 33rd International Conference on Computer Graphics and Vision	1	1	1	0	0
Proceedings of the 34th ACM Conference on Hypertext and Social Media	1	1	1	0	0
Proceedings of the 34th ACM International Conference on Information and Knowledge Management	1	1	1	0	0
Proceedings of the 35th ACM Symposium on Parallelism in Algorithms and Architectures	1	1	1	0	0
Proceedings of the 35th Annual ACM Symposium on Applied Computing	2	1	1	0	0
Proceedings of the 35th Annual Computer Security Applications Conference	2	1	1	0	0
Proceedings of the 35th International Francophone Conference on Human-Computer Interaction	1	1	1	0	0
Proceedings of the 35th edition of the Workshop on Network and Operating System Support for Digital Audio and Video	1	1	1	0	0
Proceedings of the 36th ACM International Conference on Supercomputing	2	1	1	0	0
Proceedings of the 36th Australasian Conference on Human-Computer Interaction	1	1	1	0	0
Proceedings of the 36th International Conference on Scientific and Statistical Database Management	1	1	1	0	0
Proceedings of the 37th ACM/SIGAPP Symposium on Applied Computing	2	1	1	0	0
Proceedings of the 37th International Conference on Supercomputing	1	1	1	0	0
Proceedings of the 39th ACM SIGSIM Conference on Principles of Advanced Discrete Simulation	1	1	1	0	0
Proceedings of the 39th International Conference on Computer-Aided Design	2	1	1	0	0
Proceedings of the 3rd ACM CoNEXT Workshop on Big DAta, Machine Learning and Artificial Intelligence for Data Communication Networks	2	1	1	0	0
Proceedings of the 3rd ACM India Joint International Conference on Data Science &amp; Management of Data (8th ACM IKDD CODS &amp; 26th COMAD)	2	1	2	0	0
Proceedings of the 3rd ACM SIGSPATIAL International Workshop on Advances in Resilient and Intelligent Cities	2	1	1	0	0
Proceedings of the 3rd ACM SIGSPATIAL International Workshop on Searching and Mining Large Collections of Geospatial Data	1	1	1	0	0
Proceedings of the 3rd ACM Workshop on Intelligent Cross-Data Analysis and Retrieval	2	1	1	0	0
Proceedings of the 3rd Conference on Physical Modeling for Virtual Manufacturing Systems and Processes	1	1	1	0	0
Proceedings of the 3rd GNNet Workshop on Graph Neural Networking Workshop	1	1	1	0	0
Proceedings of the 3rd International Conference on Computing Advancements	1	1	1	0	0
Proceedings of the 3rd Workshop on Cross-Cultural Considerations in NLP (C3NLP 2025)	1	1	1	0	0
Proceedings of the 3rd Workshop on Experiences with the Design and Implementation of Smart Objects	1	1	1	0	0
Proceedings of the 3rd Workshop on Experiences with the Design and Implementation of Smart Objects - SMARTOBJECTS '17	1	1	1	0	0
Proceedings of the 3rd Workshop on Machine Learning and Systems	1	1	1	0	0
Proceedings of the 40th ACM/SIGAPP Symposium on Applied Computing	1	1	1	0	0
Proceedings of the 42nd ACM SIGPLAN International Conference on Programming Language Design and Implementation	2	1	1	0	0
Proceedings of the 43rd IEEE/ACM International Conference on Computer-Aided Design	1	1	1	0	0
Proceedings of the 43rd International ACM SIGIR Conference on Research and Development in Information Retrieval	2	1	1	0	0
Proceedings of the 44th International Conference on Software Engineering	4	1	2	0	0
Proceedings of the 44th International Conference on Software Engineering: Software Engineering in Practice	2	1	1	0	0
Proceedings of the 47th International ACM SIGIR Conference on Research and Development in Information Retrieval	1	1	1	0	0
Proceedings of the 4th ACM Conference on Advances in Financial Technologies	1	1	1	0	0
Proceedings of the 4th ACM International Workshop on Multimedia AI against Disinformation	1	1	1	0	0
Proceedings of the 4th ACM SIGPLAN International Workshop on Libraries, Languages, and Compilers for Array Programming	1	1	1	0	0
Proceedings of the 4th ACM SIGPLAN International Workshop on Libraries, Languages, and Compilers for Array Programming - ARRAY 2017	1	1	1	0	0
Proceedings of the 4th International Conference on Advanced Information Science and System	1	1	1	0	0
Proceedings of the 4th International Conference on Natural Language Processing for Digital Humanities	1	1	1	0	0
Proceedings of the 4th International Workshop on Edge Systems, Analytics and Networking	2	1	1	0	0
Proceedings of the 4th Table Representation Learning Workshop	1	1	1	0	0
Proceedings of the 52nd ACM Technical Symposium on Computer Science Education	2	1	1	0	0
Proceedings of the 52nd International Conference on Parallel Processing	1	1	1	0	0
Proceedings of the 53rd ACM Technical Symposium on Computer Science Education	2	1	1	0	0
Proceedings of the 59th ACM/IEEE Design Automation Conference	2	1	1	0	0
Proceedings of the 5th ACM SIGSPATIAL International Workshop on Location-based Recommendations, Geosocial Networks and Geoadvertising	2	1	1	0	0
Proceedings of the 5th ACM/IEEE International Conference on Automation of Software Test (AST 2024)	1	1	1	0	0
Proceedings of the 5th International Conference on Natural Language Processing for Digital Humanities	1	1	1	0	0
Proceedings of the 5th International Workshop on Historical Document Imaging and Processing	1	1	1	0	0
Proceedings of the 5th International Workshop on Historical Document Imaging and Processing  - HIP '19	1	1	1	0	0
Proceedings of the 5th Workshop on Machine Learning and Systems	1	1	1	0	0
Proceedings of the 61st Annual Meeting of the Association for Computational Linguistics (Volume 1: Long Papers)	1	1	1	0	0
Proceedings of the 63rd Annual Meeting of the Association for Computational Linguistics (Volume 1: Long Papers)	3	1	3	0	0
Proceedings of the 63rd Annual Meeting of the Association for Computational Linguistics (Volume 2: Short Papers)	1	1	1	0	0
Proceedings of the 6th ACM International Conference on Multimedia in Asia Workshops	1	1	1	0	0
Proceedings of the 6th ACM SIGSPATIAL International Workshop on AI for Geographic Knowledge Discovery	1	1	1	0	0
Proceedings of the 6th Annual ACM Lifelog Search Challenge	1	1	1	0	0
Proceedings of the 6th International Conference on Digital Signal Processing	2	1	1	0	0
Proceedings of the 7th ACM Conference on Conversational User Interfaces	1	1	1	0	0
Proceedings of the 7th ACM International Conference on Systems for Energy-Efficient Buildings, Cities, and Transportation	2	1	1	0	0
Proceedings of the 7th Annual Neuro-inspired Computational Elements Workshop	1	1	1	0	0
Proceedings of the 7th Annual Neuro-inspired Computational Elements Workshop on   - NICE '19	1	1	1	0	0
Proceedings of the 7th Brazilian Technology Symposium (BTSym’21),Smart Innovation, Systems and Technologies	2	1	1	0	0
Proceedings of the 8th ACM Symposium on Computational Fabrication	2	1	2	0	0
Proceedings of the 8th ACM/IEEE International Conference on Connected Health: Applications, Systems and Engineering Technologies	1	1	1	0	0
Proceedings of the 8th International Conference on Data Science and Management of Data (12th ACM IKDD CODS and 30th COMAD)	1	1	1	0	0
Proceedings of the 8th International Workshop on Multimedia Assisted Dietary Management	1	1	1	0	0
Proceedings of the 9th ACM International Conference on Nanoscale Computing and Communication	2	1	1	0	0
Proceedings of the 9th ACM International Workshop on Metamorphic Testing	1	1	1	0	0
Proceedings of the 9th ACM SIGPLAN International Workshop on Libraries, Languages and Compilers for Array Programming	1	1	1	0	0
Proceedings of the 9th International Conference on Bioinformatics Research and Applications	1	1	1	0	0
Proceedings of the 9th International Conference on the Internet of Things	2	1	1	0	0
Proceedings of the 9th Student Computing Research Symposium	1	1	1	0	0
Proceedings of the ACM Asia Conference on Computer and Communications Security	1	1	1	0	0
Proceedings of the ACM Collective Intelligence Conference	1	1	1	0	0
Proceedings of the ACM International Conference on Supercomputing	2	1	1	0	0
Proceedings of the ACM Multimedia Systems Conference 2024 on ZZZ	1	1	1	0	0
Proceedings of the ACM Symposium on Cloud Computing	1	1	1	0	0
Proceedings of the ACM Workshop on Systems and Network Telemetry and Analytics	1	1	1	0	0
Proceedings of the ACM Workshop on Systems and Network Telemetry and Analytics  - SNTA '19	1	1	1	0	0
Proceedings of the ACM on Measurement and Analysis of Computing Systems	2	1	1	0	0
Proceedings of the ACM/IEEE 14th International Conference on Cyber-Physical Systems (with CPS-IoT Week 2023)	1	1	1	0	0
Proceedings of the ACM/IEEE 27th International Conference on Model Driven Engineering Languages and Systems	1	1	1	0	0
Proceedings of the ACM/IEEE 42nd International Conference on Software Engineering	2	1	1	0	0
Proceedings of the ACM/SPEC International Conference on Performance Engineering	2	1	1	0	0
Proceedings of the Augmented Humans International Conference 2024	1	1	1	0	0
Proceedings of the Cambridge Unsteady Flow Symposium 2024	1	1	1	0	0
Proceedings of the Conference Recent Advances in Natural Language Processing - Large Language Models for Natural Language Processings	1	1	1	0	0
Proceedings of the Conference on Research Data Infrastructure	1	1	1	0	0
Proceedings of the Design Society: International Conference on Engineering Design	2	1	1	0	0
Proceedings of the Entomological Society of Washington	2	1	1	0	0
Proceedings of the Fifteenth ACM International Conference on Web Search and Data Mining	2	1	1	0	0
Proceedings of the Fifth Workshop on Data Management for End-To-End Machine Learning	1	1	1	0	0
Proceedings of the First International Conference on Advances in Computer Vision and Artificial Intelligence Technologies (ACVAIT 2022),Advances in Intelligent Systems Research	1	1	1	0	0
Proceedings of the First International Workshop on Green Multimedia Systems	1	1	1	0	0
Proceedings of the Fourteenth ACM Conference on Data and Application Security and Privacy	1	1	1	0	0
Proceedings of the Future Technologies Conference (FTC) 2020, Volume 1,Advances in Intelligent Systems and Computing	2	1	1	0	0
Proceedings of the ISCIE International Symposium on Stochastic Systems Theory and its Applications	2	1	2	0	0
Proceedings of the Institution of Civil Engineers - Smart Infrastructure and Construction	2	1	1	0	0
Proceedings of the Institution of Mechanical Engineers, Part A: Journal of Power and Energy	1	1	1	0	0
Proceedings of the Institution of Mechanical Engineers, Part C: Journal of Mechanical Engineering Science	2	1	1	0	0
Proceedings of the Institution of Mechanical Engineers, Part J: Journal of Engineering Tribology	1	1	1	0	0
Proceedings of the Institution of Mechanical Engineers, Part L: Journal of Materials: Design and Applications	2	1	1	0	0
Proceedings of the Institution of Mechanical Engineers, Part O: Journal of Risk and Reliability	2	1	1	0	0
Proceedings of the International Conference on Advanced Visual Interfaces	2	1	1	0	0
Proceedings of the International Conference on Artificial Intelligence and its Applications	2	1	1	0	0
Proceedings of the International Conference on Business Excellence	1	1	1	0	0
Proceedings of the International Conference on High Performance Computing in Asia-Pacific Region	1	1	1	0	0
Proceedings of the International Conference on High Performance Computing in Asia-Pacific Region Workshops	1	1	1	0	0
Proceedings of the International Conference on Internet-of-Things Design and Implementation	2	1	1	0	0
Proceedings of the International Conference on Omni-Layer Intelligent Systems	2	1	1	1	0.5
Proceedings of the International Conference on Parallel Architectures and Compilation Techniques	1	1	1	0	0
Proceedings of the International Conference on Ubiquitous Computing &amp; Ambient Intelligence (UCAmI 2022),Lecture Notes in Networks and Systems	2	1	1	0	0
Proceedings of the International Symposium on Human Factors and Ergonomics in Health Care	1	1	1	0	0
Proceedings of the International Symposium on Quality of Service	2	1	1	0	0
Proceedings of the International Workshop on OpenCL	2	1	1	0	0
Proceedings of the Japan Academy, Series B	1	1	1	0	0
Proceedings of the Munich Symposium on Lightweight Design 2021	2	1	1	0	0
Proceedings of the Munich Symposium on Lightweight Design 2022	1	1	1	0	0
Proceedings of the Nineteenth European Conference on Computer Systems	1	1	1	0	0
Proceedings of the Nineteenth International Conference on Artificial Intelligence and Law	1	1	1	0	0
Proceedings of the Northern Lights Deep Learning Workshop	1	1	1	0	0
Proceedings of the Practice and Experience on Advanced Research Computing	2	1	1	0	0
Proceedings of the Rio Oil and Gas,Proceedings of the Rio Oil and Gas 2022	1	1	1	0	0
Proceedings of the SIGCOMM '21 Poster and Demo Sessions	2	1	1	0	0
Proceedings of the Second ACM International Conference on AI in Finance	2	1	1	0	0
Proceedings of the Second International Symposium on Trustworthy Autonomous Systems	1	1	1	0	0
Proceedings of the Seventeenth European Conference on Computer Systems	2	1	1	0	0
Proceedings of the Seventh International Workshop on Exploiting Artificial Intelligence Techniques for Data Management	1	1	1	0	0
Proceedings of the South African Institute of Computer Scientists and Information Technologists 2019	1	1	1	0	0
Proceedings of the South African Institute of Computer Scientists and Information Technologists 2019 on ZZZ  - SAICSIT '19	1	1	1	0	0
Proceedings of the Symposium on Applied Computing	1	1	1	0	0
Proceedings of the Symposium on Applied Computing - SAC '17	1	1	1	0	0
Proceedings of the Tenth ACM International Conference on Future Energy Systems	2	1	1	0	0
Proceedings of the Tenth International Conference on Learning Analytics & Knowledge	1	1	1	0	0
Proceedings of the Tenth International Conference on Learning Analytics &amp; Knowledge	1	1	1	0	0
Proceedings of the The 8th International Virtual Conference on Applied Computing & Information Technology	1	1	1	0	0
Proceedings of the Thirteenth International Conference on Tangible, Embedded, and Embodied Interaction	2	1	1	0	0
Proceedings of the Thirteenth International Workshop on Programming Models and Applications for Multicores and Manycores	2	1	1	0	0
Proceedings of the Twelfth ACM International Conference on Web Search and Data Mining	2	1	1	0	0
Proceedings of the Workshop on Human-In-the-Loop Data Analytics	1	1	1	0	0
Proceedings of the Workshop on Human-In-the-Loop Data Analytics - HILDA'19	1	1	1	0	0
Proceedings of the XXXVI Brazilian Symposium on Software Engineering	2	1	1	0	0
Proceedings of the Zoological Society	1	1	1	0	0
Proceedings of the the 8th International Virtual Conference on Applied Computing &amp; Information Technology	1	1	1	0	0
Proceedings on applied botany, genetics and breeding	2	1	1	0	0
Proceedings,22. Internationales Stuttgarter Symposium	2	1	1	0	0
Proceedings,Internationaler Motorenkongress 2021	2	1	1	0	0
Process Integration and Optimization for Sustainability	2	1	1	0	0
Production Engineering Archives	1	1	1	0	0
Production and Operations Management	1	1	1	0	0
Professional Development in Education	1	1	1	0	0
Progress and Challenge of Porous Media: Proceedings of the 16th Annual Meeting Conference on Porous Media	1	1	1	0	0
Progress in Aerospace Sciences	2	1	1	0	0
Progress in Artificial Intelligence and Pattern Recognition,Lecture Notes in Computer Science	2	1	1	0	0
Progress in Biophysics and Molecular Biology	2	1	1	2	1
Progress in Brain Research,The Neurophysiology of Silence (C): Creativity, Aesthetic Experience and Time	1	1	1	0	0
Progress in Energy and Combustion Science	2	1	1	0	0
Progress in Molecular Biology and Translational Science,Clinical Application of Repurposed Drugs	1	1	1	0	0
Progress in Natural Science: Materials International	1	1	1	0	0
Progress in Nuclear Magnetic Resonance Spectroscopy	1	1	1	0	0
Progress in Organic Coatings	1	1	1	0	0
Progress in Particle and Nuclear Physics	1	1	1	0	0
Progress in Physical Geography: Earth and Environment	2	1	1	0	0
Progress of Theoretical and Experimental Physics	1	1	1	0	0
Projections	2	1	1	0	0
Prosthesis	4	1	3	2	0.5
Protection and Control of Modern Power Systems	1	1	1	0	0
Protein &amp; Cell	1	1	1	0	0
Protoplasma	1	1	1	0	0
Przegląd Politologiczny	1	1	1	0	0
Przegląd Psychologiczny	2	1	2	0	0
Psico-USF	1	1	1	0	0
PsyCh Journal	1	1	1	0	0
Psychiatric Quarterly	2	1	1	0	0
Psychiatrische Praxis	2	1	1	0	0
Psychiatry International	1	1	1	0	0
Psychiatry Investigation	2	1	1	0	0
Psychological Injury and Law	1	1	1	0	0
Psychological Science in the Public Interest	1	1	1	0	0
Psychologische Begutachtung	2	1	2	0	0
Psychology International	1	1	1	0	0
Psychology Learning & Teaching	1	1	1	0	0
Psychology Learning &amp; Teaching	2	1	2	0	0
Psychology and Developing Societies	1	1	1	0	0
Psychology of Learning and Motivation,The Context of Cognition: Emerging Perspectives	2	1	1	0	0
Psychopathology	2	1	2	0	0
Public Administration	5	1	3	0	0
Public Administration Quarterly	1	1	1	0	0
Public Health Forum	1	1	1	0	0
Public Health Nutrition	1	1	1	0	0
Public Health Reports	3	1	2	0	0
Public Health Reviews	3	1	2	0	0
Public Health in Practice	1	1	1	0	0
Public Integrity	1	1	1	0	0
Public Money &amp; Management	1	1	1	0	0
Public Opinion Quarterly	2	1	1	0	0
Public Personnel Management	1	1	1	1	1
Public Relations Inquiry	1	1	1	0	0
Public Relations Review	2	1	2	0	0
Public recreation and landscape protection - with environment hand in hand…	2	1	1	0	0
Publizistik	2	1	2	0	0
Pulmonary Circulation	1	1	1	0	0
Python for Marketing Research and Analytics	2	1	1	0	0
Q Open	1	1	1	0	0
QJM: An International Journal of Medicine	3	1	2	0	0
Qualitative Research	1	1	1	0	0
Qualitative Sociology	1	1	1	0	0
Quality Engineering	1	1	1	0	0
Quality Technology &amp; Quantitative Management	1	1	1	0	0
Quality and Reliability Engineering International	1	1	1	0	0
Quantification of Biophysical Parameters in Medical Imaging	1	1	1	0	0
Quantitative Biology	1	1	1	0	0
Quantitative Economics with R	2	1	1	0	0
Quantitative Energy Finance	1	1	1	0	0
Quantitative Finance and Economics	1	1	1	0	0
Quantitative Methods for the Social Sciences,Springer Texts in Political Science and International Relations	1	1	1	0	0
Quantitative Methods in the Humanities and Social Sciences,Humanities Data in R	1	1	1	0	0
Quantitative Sustainability	1	1	1	0	0
Quantum Information Processing	1	1	1	0	0
Quarterly Journal of Engineering Geology and Hydrogeology	1	1	1	0	0
Quaternary	2	1	1	0	0
Queue	1	1	1	0	0
Queueing Systems	1	1	1	0	0
R for Basic Biostatistics in Medical Research	2	1	2	0	0
RBRH	1	1	1	0	0
REGION	1	1	1	0	0
REM - International Engineering Journal	1	1	1	0	0
REVIEWS ON ADVANCED MATERIALS SCIENCE	1	1	1	0	0
REVISTA DE CIENCIAS TECNOLÓGICAS	1	1	1	0	0
REVISTA FOCO	1	1	1	0	0
RILEM Bookseries,Proceedings of the 17th International Conference on Alkali-Aggregate Reaction in Concrete	1	1	1	0	0
ROBOT2022: Fifth Iberian Robotics Conference,Lecture Notes in Networks and Systems	2	1	1	0	0
RSC Applied Polymers	1	1	1	0	0
Radiation	1	1	1	0	0
Radiation Detection Technology and Methods	1	1	1	0	0
Radiation Protection Dosimetry	2	1	1	0	0
Radiation Research	1	1	1	0	0
Radiocarbon	2	1	1	0	0
Radioelectronics and Communications Systems	2	1	1	0	0
Radiology and Oncology	1	1	1	0	0
Radiology: Cardiothoracic Imaging	1	1	1	0	0
Radiology: Imaging Cancer	1	1	1	0	0
Rakenteiden Mekaniikka	1	1	1	0	0
Rangeland Ecology & Management	1	1	1	0	0
Rapid Communications in Mass Spectrometry	7	1	5	0	0
Rast Müzikoloji Dergisi	1	1	1	0	0
Re-Figuration von Räumen,Handbook of Qualitative and Visual Methods in Spatial Research	1	1	1	0	0
ReCALL	1	1	1	0	0
Reaction Kinetics, Mechanisms and Catalysis	2	1	1	0	0
Reading &amp; Writing	1	1	1	0	0
Reading Research Quarterly	2	1	2	0	0
Recent Advances and Future Perspectives of Microbial Metabolites	1	1	1	0	0
Recent Advances in Applied Mechanics,Lecture Notes in Mechanical Engineering	2	1	1	0	0
Recent Developments and the New Direction in Soft-Computing Foundations and Applications,Studies in Fuzziness and Soft Computing	2	1	1	0	0
Recent Trends in Demographic Data [Working Title]	1	1	1	0	0
Recent Trends in Swarm Intelligence Enabled Research for Engineering Applications	1	1	1	0	0
Rechtsmedizin	4	1	2	0	0
Recommender Systems Handbook	2	1	1	0	0
Reference Module in Food Science	1	1	1	0	0
Reference Module in Life Sciences	1	1	1	0	0
Reference Module in Neuroscience and Biobehavioral Psychology	2	1	1	0	0
Reference Module in Social Sciences	1	1	1	0	0
Reference Series in Phytochemistry,Algae and Algal Metabolites	1	1	1	0	0
Reflective Practice	2	1	1	0	0
Regenerative Medicine	1	1	1	0	0
Regional Anesthesia &amp; Pain Medicine	2	1	2	0	0
Regional Science and Environmental Economics	1	1	1	0	0
Register Studies,Register and social media	2	1	1	0	0
Regular Issue,Active Travel Studies	1	1	1	0	0
Regulation & Governance	1	1	1	0	0
Regulation &amp; Governance	2	1	2	0	0
Reliability Analysis Using MINITAB and Python	1	1	1	0	0
Religion, Brain &amp; Behavior	2	1	2	0	0
Religion, ethics and communication in the era of the COVID-19 pandemic,Pharos Journal of Theology	2	1	1	0	0
Remote Sensing and Digital Image Processing,Urban Inequalities from Space	1	1	1	0	0
Remote Sensing of Soils	1	1	1	0	0
Renal Failure	1	1	1	0	0
Renewable Energy - Volume 1 : Solar, Wind, and Hydropower	1	1	1	0	0
Renewable and Sustainable Energy Transition	1	1	1	0	0
Reporting Public Opinion	2	1	1	0	0
Reports on Geodesy and Geoinformatics	1	1	1	0	0
Representation Theory of the American Mathematical Society	2	1	1	0	0
Reproducible Research in Pattern Recognition,Lecture Notes in Computer Science	1	1	1	0	0
Reproduction in Domestic Animals	1	1	1	0	0
Reproductive BioMedicine Online	1	1	1	0	0
Reproductive Biology and Endocrinology	1	1	1	0	0
Reproductive Health	1	1	1	0	0
Reproductive Medicine and Biology	1	1	1	0	0
Reproductive Sciences	1	1	1	0	0
Reproductive Toxicology	1	1	1	0	0
Research & Politics	1	1	1	0	0
Research Anthology on Artificial Intelligence Applications in Security	2	1	1	0	0
Research Anthology on Implementing Sentiment Analysis Across Multiple Disciplines	2	1	1	0	0
Research Challenges in Information Science,Lecture Notes in Business Information Processing	2	1	1	0	0
Research Directions: Biotechnology Design	1	1	1	0	0
Research Ethics	1	1	1	0	0
Research Integrity and Peer Review	1	1	1	0	0
Research Involvement and Engagement	1	1	1	0	0
Research Methods in Medicine & Health Sciences	1	1	1	0	0
Research in Autism	1	1	1	0	0
Research in Biomedical Engineering and Technology	1	1	1	0	0
Research in Comparative and International Education	1	1	1	0	0
Research in Developmental Disabilities	1	1	1	0	0
Research in Gerontological Nursing	1	1	1	0	0
Research in Labor Economics,Big Data Applications in Labor Economics, Part B	1	1	1	0	0
Research in Microbiology	1	1	1	0	0
Research in Occupational Stress and Well Being,Examining and Exploring the Shifting Nature of Occupational Stress and Well-Being	2	1	1	0	0
Research in Social and Administrative Pharmacy	1	1	1	0	0
Research in Sports Medicine	1	1	1	0	0
Research in Veterinary Science	2	1	1	0	0
Research in the Mathematical Sciences	2	1	1	0	0
Research on Aging	1	1	1	0	0
Resilience in a Digital Age,Contributions to Management Science	2	1	1	0	0
Resilient Cities and Structures	1	1	1	0	0
Resilient Infrastructure,Lecture Notes in Civil Engineering	2	1	1	0	0
Resources, Conservation &amp; Recycling Advances	2	1	2	0	0
Resources, Environment and Sustainability	1	1	1	0	0
Respiratory Care	1	1	1	0	0
Respiratory Medicine	1	1	1	0	0
Results in Chemistry	1	1	1	0	0
Results in Control and Optimization	1	1	1	0	0
Results in Mathematics	1	1	1	0	0
Retail Management Review	1	1	1	0	0
Retina	2	1	1	0	0
Retinal Degenerative Diseases XIX,Advances in Experimental Medicine and Biology	1	1	1	0	0
Revealing Unchartered Biology with Single Intact Cells	1	1	1	0	0
Revealing the Most Energetic Light from Pulsars and Their Nebulae,Springer Theses	2	1	1	0	0
Review of Economic Design	1	1	1	0	0
Review of Education	2	1	1	0	0
Review of Educational Research	1	1	1	0	0
Review of International Economics	1	1	1	0	0
Review of Philosophy and Psychology	3	1	2	0	0
Review of Quantitative Finance and Accounting	1	1	1	0	0
Reviews and Research in Medical Microbiology	1	1	1	0	0
Reviews of Geophysics	1	1	1	0	0
Revista Brasileira de Cineantropometria &amp; Desempenho Humano	1	1	1	0	0
Revista Brasileira de Enfermagem	2	1	2	0	0
Revista Brasileira de Epidemiologia	2	1	1	0	0
Revista Brasileira de Parasitologia Veterinária	1	1	1	0	0
Revista Científica Multidisciplinar Núcleo do Conhecimento	1	1	1	0	0
Revista Científica y Arbitrada del Observatorio Territorial, Artes y Arquitectura: FINIBUS	1	1	1	0	0
Revista Colombiana de Ciencias Pecuarias	1	1	1	0	0
Revista Colombiana de Psiquiatría	1	1	1	0	0
Revista Docencia Universitaria	1	1	1	0	0
Revista Española de Investigaciones Sociológicas	1	1	1	0	0
Revista Facultad Nacional de Agronomía Medellín	1	1	1	0	0
Revista Finanzas y Política Económica	1	1	1	0	0
Revista Hospitalidade	1	1	1	0	0
Revista Interdisciplinaria de Estudios de Género de El Colegio de México	1	1	1	0	0
Revista Latina de Comunicación Social	1	1	1	0	0
Revista Latinoamericana de Población	2	1	2	0	0
Revista Mexicana de Astronomía y Astrofísica Serie de Conferencias	2	1	1	0	0
Revista Mexicana de Ciencias Agrícolas	1	1	1	0	0
Revista Mexicana de Sociología	1	1	1	0	0
Revista Peruana de Biología	2	1	1	0	0
Revista Psicologia e Saúde	2	1	2	0	0
Revista Punto Cero	2	1	1	0	0
Revista Venezolana de Investigación en Educación Matemática	1	1	1	0	0
Revista da ABRALIN	2	1	1	0	0
Revista de Administração Contemporânea	1	1	1	0	0
Revista de Ativos de Engenharia	1	1	1	0	0
Revista de Biología Tropical	1	1	1	0	0
Revista de Ciencias del Mar y Acuicultura YAKU	1	1	1	0	0
Revista de Ciências Agroveterinárias	1	1	1	0	0
Revista de Comunicación y Salud	1	1	1	0	0
Revista de Gestão Ambiental e Sustentabilidade	1	1	1	0	0
Revista de Gestão e Secretariado	1	1	1	0	0
Revista de Investigación en Logopedia	1	1	1	0	0
Revista de Métodos Cuantitativos para la Economía y la Empresa	1	1	1	0	0
Revista de Nutrição	2	1	1	0	0
Revista de Sociologia e Política	2	1	1	0	0
Revista de la Facultad de Agronomía, Universidad del Zulia	1	1	1	0	0
Revista de la Facultad de Medicina	1	1	1	0	0
Revista de la Facultad de Medicina Veterinaria y de Zootecnia	1	1	1	0	0
Revista de la Universidad del Zulia	2	1	1	0	0
Revista del Instituto de investigación de la Facultad de minas, metalurgia y ciencias geográficas	1	1	1	0	0
Revue Internationale des Sciences Administratives	6	1	3	0	0
Revue d'Épidémiologie et de Santé Publique	2	1	1	0	0
Revue scientifique des travaux de fin d'étude en rééducation et réadaptation	1	1	1	0	0
Rheologica Acta	1	1	1	0	0
Rhetoric Review	2	1	1	0	0
Rheumatology and Therapy	2	1	1	0	0
Rhinology Online	2	1	1	0	0
Ribagua	1	1	1	0	0
Rice Science	1	1	1	0	0
Risk, Hazards &amp; Crisis in Public Policy	1	1	1	0	0
River	1	1	1	0	0
RoboCup 2019: Robot World Cup XXIII,Lecture Notes in Computer Science	2	1	1	0	0
Robot Intelligence Technology and Applications 7,Lecture Notes in Networks and Systems	1	1	1	0	0
Robust and Multivariate Statistical Methods	1	1	1	0	0
Roeper Review	1	1	1	0	0
Romanian Journal of Information Science and Technology	1	1	1	0	0
Romanian Journal of Morphology and Embryology	1	1	1	0	0
Rossijskij fiziologičeskij žurnal im. I.M. Sečenova	1	1	1	0	0
Runtime Verification,Lecture Notes in Computer Science	2	1	1	0	0
Russian Journal of Bioorganic Chemistry	1	1	1	0	0
Russian Journal of Earth Sciences	1	1	1	0	0
Russian Journal of Genetics	1	1	1	0	0
Russian Journal of Inorganic Chemistry	1	1	1	0	0
Russian Journal of Physical Chemistry A	1	1	1	0	0
Russian Linguistics	1	1	1	0	0
Russian Physics Journal	2	1	1	0	0
Russian Technological Journal	1	1	1	0	0
RöFo - Fortschritte auf dem Gebiet der Röntgenstrahlen und der bildgebenden Verfahren	2	1	1	0	0
SAE International Journal of Connected and Automated Vehicles	1	1	1	0	0
SAE International Journal of Engines	1	1	1	0	0
SAGE Open Medicine	2	1	2	0	0
SAGE Open Nursing	1	1	1	0	0
SAR and QSAR in Environmental Research	1	1	1	0	0
SCIENTIA SINICA Informationis	2	1	1	0	0
SECURITY AND PRIVACY	1	1	1	0	0
SEDME (Small Enterprises Development, Management &amp; Extension Journal): A worldwide window on MSME Studies	1	1	1	0	0
SEG Technical Program Expanded Abstracts 2020	2	1	1	0	0
SEMA SIMAI Springer Series,Mathematical and Computational Modelling Across the Scales	1	1	1	0	0
SEMA SIMAI Springer Series,Mathematical and Numerical Modeling of the Cardiovascular System and Applications	2	1	1	0	0
SEMA SIMAI Springer Series,Quantitative Approaches to Microcirculation	1	1	1	0	0
SEMA SIMAI Springer Series,Scientific Machine Learning	1	1	1	0	0
SHOCK COMPRESSION OF CONDENSED MATTER - 2019: Proceedings of the Conference of the American Physical Society Topical Group on Shock Compression of Condensed Matter	1	1	1	0	0
SHOCK COMPRESSION OF CONDENSED MATTER - 2019: Proceedings of the Conference of the American Physical Society Topical Group on Shock Compression of Condensed Matter,AIP Conference Proceedings	1	1	1	0	0
SHOCK COMPRESSION OF CONDENSED MATTER - 2022: Proceedings of the Conference of the American Physical Society Topical Group on Shock Compression of Condensed Matter,AIP Conference Proceedings	2	1	2	0	0
SIAM Undergraduate Research Online	1	1	1	0	0
SICE Journal of Control, Measurement, and System Integration	1	1	1	0	0
SICOT-J	2	1	1	1	0.5
SID Symposium Digest of Technical Papers	1	1	1	0	0
SIGGRAPH Asia 2024 Conference Papers	1	1	1	0	0
SIGGRAPH Asia 2024 Technical Communications	1	1	1	0	0
SLAS DISCOVERY: Advancing the Science of Drug Discovery	3	1	3	0	0
SLAS TECHNOLOGY: Translating Life Sciences Innovation	1	1	1	0	0
SLEEP Advances	2	1	1	0	0
SLEEPJ	1	1	1	0	0
SMTS 2024	1	1	1	0	0
SN Business &amp; Economics	1	1	1	0	0
SN Comprehensive Clinical Medicine	1	1	1	0	0
SPE Annual Technical Conference and Exhibition	1	1	1	0	0
SPE Canadian Energy Technology Conference and Exhibition	1	1	1	0	0
SPE Energy Transition Symposium	1	1	1	0	0
SPE Middle East Artificial Lift Conference and Exhibition	1	1	1	0	0
SPE Nigeria Annual International Conference and Exhibition	1	1	1	0	0
SPE Reservoir Evaluation &amp; Engineering	2	1	1	0	0
STUF - Language Typology and Universals	1	1	1	0	0
SYSTEM THEORY, CONTROL AND COMPUTING JOURNAL	1	1	1	0	0
Safety and Health at Work	1	1	1	0	0
Sakarya University Journal of Education	1	1	1	0	0
Salud mental	1	1	1	0	0
Sampling Theory, Signal Processing, and Data Analysis	1	1	1	0	0
Sanctuaires et paysages. La (re)découverte des lieux de culte en Méditerranée centrale et orientale	1	1	1	0	0
Sankhya A	1	1	1	0	0
Santé Publique	2	1	2	0	0
Santé mentale au Québec	1	1	1	0	0
Sao Paulo Medical Journal	1	1	1	0	0
Saudi Journal of Anaesthesia	1	1	1	0	0
Scalable and Distributed Machine Learning and Deep Learning Patterns,Advances in Computational Intelligence and Robotics	1	1	1	0	0
Scandinavian Economic History Review	2	1	1	0	0
Scandinavian Journal of Caring Sciences	1	1	1	0	0
Scandinavian Journal of Clinical and Laboratory Investigation	3	1	2	0	0
Scandinavian Journal of Immunology	2	1	1	0	0
Scandinavian Journal of Primary Health Care	1	1	1	0	0
Scandinavian Journal of Surgery	2	1	1	0	0
Scando-Slavica	1	1	1	0	0
Scandology 3	2	1	1	0	0
Schmalenbach Journal of Business Research	1	1	1	0	0
Schnittpunkt Politische Bildung,Politische Bildung	1	1	1	0	0
Sci	1	1	1	0	0
SciPost Physics Lecture Notes	1	1	1	0	0
Science & Technology Libraries	1	1	1	0	0
Science &amp; Sports	1	1	1	0	0
Science &amp; Technology Libraries	1	1	1	0	0
Science Bulletin	1	1	1	0	0
Science China Earth Sciences	2	1	1	0	0
Science China Information Sciences	1	1	1	0	0
Science Editor and Publisher	1	1	1	0	0
Science Education	1	1	1	0	0
Science Progress	1	1	1	0	0
Science and Technology for Energy Transition	1	1	1	0	0
Science in One Health	1	1	1	0	0
Sciences Sociales et Santé	1	1	1	0	0
Scientia Marina	1	1	1	0	0
Scientific Electronic Archives	1	1	1	0	0
Scientific Journal of Sport and Performance	1	1	1	0	0
Scientific Review Engineering and Environmental Sciences (SREES)	1	1	1	0	0
Scientific and Technical Information Processing	1	1	1	0	0
Scientific journal of the Ternopil national technical university	2	1	1	0	0
SeMA Journal	1	1	1	0	0
Secure Automatic Dependent Surveillance-Broadcast Systems,Wireless Networks	2	1	1	0	0
Secure Knowledge Management In The Artificial Intelligence Era,Communications in Computer and Information Science	2	1	1	0	0
Security, Privacy, and Applied Cryptography Engineering,Lecture Notes in Computer Science	2	1	1	0	0
Sedimentologika	1	1	1	0	0
Sedimentology	1	1	1	0	0
Seed Science Research	1	1	1	0	0
Seeds	3	1	2	0	0
Segmentation of the Aorta. Towards the Automatic Segmentation, Modeling, and Meshing of the Aortic Vessel Tree from Multicenter Acquisition,Lecture Notes in Computer Science	1	1	1	0	0
Seizure: European Journal of Epilepsy	2	1	2	0	0
Semiconductor Science and Technology	2	1	1	0	0
Seminars in Arthritis and Rheumatism	2	1	1	0	0
Seminars in Arthroplasty: JSES	1	1	1	0	0
Seminars in Cell & Developmental Biology	1	1	1	0	0
Seminars in Thoracic and Cardiovascular Surgery	2	1	1	0	0
Sensing and Bio-Sensing Research	2	1	1	0	0
Sensing for Agriculture and Food Quality and Safety XVI	1	1	1	0	0
Sensing, Data Managing, and Control Technologies for Agricultural Systems,Agriculture Automation and Control	2	1	1	0	0
Sensors &amp; Instrumentation and Aircraft/Aerospace Testing Techniques, Volume 8	1	1	1	0	0
Sensors and Actuators Reports	1	1	1	0	0
Separation &amp; Purification Reviews	1	1	1	0	0
Sequential Analysis	1	1	1	0	0
Serbian Astronomical Journal	1	1	1	0	0
Series in BioEngineering,Digital Molecular Magnetic Resonance Imaging	1	1	1	0	0
Series in BioEngineering,High Performance Computing in Biomimetics	1	1	1	0	0
Service Oriented, Holonic and Multi-Agent Manufacturing Systems for Industry of the Future,Studies in Computational Intelligence	1	1	1	0	0
Service-Oriented Computing – ICSOC 2021 Workshops,Lecture Notes in Computer Science	2	1	1	0	0
Sex Education	2	1	2	0	0
Sex Roles	2	1	2	0	0
Sex and Gender Bias in Technology and Artificial Intelligence	2	1	1	0	0
Sexologies	2	1	1	0	0
Sexual Health	2	1	2	0	0
Sexual Offending: Theory, Research, and Prevention	1	1	1	0	0
Sexual and Relationship Therapy	2	1	1	0	0
Sexually Transmitted Infections	1	1	1	0	0
Shape Memory and Superelasticity	1	1	1	0	0
Ships and Offshore Structures	2	1	1	0	0
Shock	2	1	2	0	0
Shock Waves	2	1	1	0	0
Shock and Vibration	2	1	1	0	0
Signal Processing	1	1	1	0	0
Signal Processing and Machine Learning Theory	1	1	1	0	0
Significance	1	1	1	0	0
Signo y Pensamiento	2	1	1	0	0
Signum: Estudos da Linguagem	1	1	1	0	0
Silicon	1	1	1	0	0
Silvae Genetica	2	1	1	0	0
Simplifying Medical Ultrasound,Lecture Notes in Computer Science	2	1	1	0	0
Simulation &amp; Gaming	2	1	1	0	0
Simulation in Healthcare: The Journal of the Society for Simulation in Healthcare	1	1	1	0	0
Single-Cell Omics	2	1	1	0	0
Sixteenth ACM Conference on Recommender Systems	2	1	2	0	0
Sixteenth International Conference on Tangible, Embedded, and Embodied Interaction	2	1	1	0	0
Sixth International Conference on Engineering Geophysics, Virtual, 25–28 October 2021	2	1	1	0	0
Sleep Advances	1	1	1	0	0
Sleep and Breathing	2	1	1	0	0
Slovak Journal of Sport Science	1	1	1	0	0
Small Business Economics	1	1	1	0	0
Small Science	1	1	1	0	0
Small Wars &amp; Insurgencies	1	1	1	0	0
Smart Cities: A Data Analytics Perspective,Lecture Notes in Intelligent Transportation and Infrastructure	1	1	1	0	0
Smart Computing Techniques and Applications,Smart Innovation, Systems and Technologies	2	1	1	0	0
Smart Construction and Sustainable Cities	1	1	1	0	0
Smart Cyber‐Physical Power Systems	1	1	1	0	0
Smart Grids and Sustainable Energy	1	1	1	0	0
Smart Innovation, Systems and Technologies,Advanced Neural Artificial Intelligence: Theories and Applications	1	1	1	0	0
Smart Innovation, Systems and Technologies,Agents and Multi-agent Systems: Technologies and Applications 2024	1	1	1	0	0
Smart Innovation, Systems and Technologies,Computing, Internet of Things and Data Analytics	1	1	1	0	0
Smart Innovation, Systems and Technologies,Information Systems for Intelligent Systems	1	1	1	0	0
Smart Innovation, Systems and Technologies,Intelligent System and Data Analysis	1	1	1	0	0
Smart Innovation, Systems and Technologies,Proceedings of the 8th International Conference on Sciences of Electronics, Technologies of Information and Telecommunications (SETIT’18), Vol.2	2	1	1	0	0
Smart Innovation, Systems and Technologies,Recent Trends of AI Technologies and Virtual Reality	1	1	1	0	0
Smart Intelligent Computing and Applications, Volume 2,Smart Innovation, Systems and Technologies	2	1	1	0	0
Smart Learning Environments	1	1	1	0	0
Smart Materials and Structures	2	1	1	0	0
Smart Technologies in Urban Engineering,Lecture Notes in Networks and Systems	2	1	1	0	0
Smart and Sustainable Manufacturing Systems	2	1	1	0	0
Social Computing and Social Media: Applications in Marketing, Learning, and Health,Lecture Notes in Computer Science	2	1	1	0	0
Social Innovation in Long-Term Care Through Digitalization,Lecture Notes in Bioengineering	2	1	1	0	0
Social Network Analysis	1	1	1	0	0
Social Politics: International Studies in Gender, State &amp; Society	2	1	1	0	0
Social Problems	1	1	1	0	0
Social Semiotics	2	1	1	0	0
Social Theory &amp; Health	1	1	1	0	0
Social Work Education	1	1	1	0	0
Social, Cultural, and Behavioral Modeling,Lecture Notes in Computer Science	4	1	2	0	0
Society and Mental Health	2	1	1	0	0
Socio-Economic Review	1	1	1	0	0
Socio-Technical Aspects in Security,Lecture Notes in Computer Science	2	1	1	0	0
Sociological Focus	1	1	1	0	0
Sociological Forum	1	1	1	0	0
Sociological Methods & Research	1	1	1	0	0
Sociological Perspectives	1	1	1	0	0
Sociological Studios	1	1	1	0	0
Sociology	1	1	1	0	0
Sociology Compass	2	1	1	0	0
Sociology of Sport Journal	2	1	1	0	0
Sociology: Theory, Methods, Marketing	1	1	1	0	0
Socius: Sociological Research for a Dynamic World	1	1	1	0	0
Soft Computing and Its Engineering Applications,Communications in Computer and Information Science	1	1	1	0	0
Software Architecture,Lecture Notes in Computer Science	2	1	1	2	1
Software Engineering Application in Systems Design,Lecture Notes in Networks and Systems	1	1	1	0	0
Software Engineering for Robotics	2	1	1	0	0
Software Engineering, Artificial Intelligence, Networking and Parallel/Distributed Computing 2022-Winter,Studies in Computational Intelligence	1	1	1	0	0
Software Technologies: Applications and Foundations,Lecture Notes in Computer Science	2	1	1	0	0
Software Testing, Verification and Reliability	2	1	1	0	0
Software and Programming Tools in Pharmaceutical Research	1	1	1	0	0
Soil Erosion - Rainfall Erosivity and Risk Assessment	2	1	1	1	0.5
Soil Research	2	1	1	0	0
Soil Science Annual	1	1	1	0	0
Soil Use and Management	4	1	3	0	0
Soil and Water Research	1	1	1	0	0
Soils and Foundations	2	1	1	0	0
Solar Compass	1	1	1	0	0
Some Complex Phenomena in Fluid and Solid Mechanics	1	1	1	0	0
Source Separation in Physical‐Chemical Sensing	1	1	1	0	0
South African Journal of Economic and management Sciences	2	1	1	0	0
South African Journal of Economics	2	1	1	0	0
South Asian Summer Monsoon	1	1	1	0	0
South European Society and Politics	1	1	1	0	0
Southeastern Naturalist	1	1	1	0	0
Southern African Journal of HIV Medicine	1	1	1	0	0
Southern African Linguistics and Applied Language Studies	1	1	1	0	0
Spanish Journal of Psychiatry and Mental Health	1	1	1	0	0
Spanish in Context	1	1	1	0	0
Spatial Cognition & Computation	1	1	1	0	0
Spatial Demography Book Series,Socio-Spatial Dynamics in Mediterranean Europe	1	1	1	0	0
Special Interest Group on Computer Graphics and Interactive Techniques Conference Conference Papers '24	1	1	1	0	0
Special Interest Group on Computer Graphics and Interactive Techniques Conference Conference Proceedings	1	1	1	0	0
Special Interest Group on Computer Graphics and Interactive Techniques Conference Proceedings	4	1	2	0	0
Special Topics in Structural Dynamics &amp; Experimental Techniques, Volume 5,Conference Proceedings of the Society for Experimental Mechanics Series	2	1	1	0	0
Spiritual Care	1	1	1	0	0
Spor Bilimleri Dergisi	1	1	1	0	0
Sports Engineering	2	1	1	0	0
Sports Medicine and Health Science	2	1	1	0	0
Springer Actuarial,Insurance, Biases, Discrimination and Fairness	1	1	1	0	0
Springer Aerospace Technology,Re-entry Systems	1	1	1	0	0
Springer Finance,Signature Methods in Finance	1	1	1	0	0
Springer Geography,Abbay River Basin	1	1	1	0	0
Springer Geography,GeoAI and Human Geography	1	1	1	0	0
Springer Handbooks of Computational Statistics,Handbook of Statistical Bioinformatics	2	1	2	0	0
Springer Handbooks,Springer Handbook of Chem- and Bioinformatics	1	1	1	0	0
Springer Handbooks,Springer Handbook of Circular Plastics Economy	1	1	1	0	0
Springer INdAM Series,Advanced Techniques in Optimization for Machine Learning and Imaging	1	1	1	0	0
Springer International Handbooks of Education,International Handbook of Skill, Education, Learning, and Research Development in Tourism and Hospitality	1	1	1	0	0
Springer Optimization and Its Applications,Artificial Intelligence, Machine Learning, and Optimization Tools for Smart Cities	2	1	1	0	0
Springer Proceedings in Advanced Robotics,European Robotics Forum 2025	1	1	1	0	0
Springer Proceedings in Advanced Robotics,Robotics Research	1	1	1	0	0
Springer Proceedings in Archaeology and Heritage,Collection Care	1	1	1	0	0
Springer Proceedings in Business and Economics,Human-Centred Technology Management for a Sustainable Future	1	1	1	0	0
Springer Proceedings in Business and Economics,Information and Communication Technologies in Tourism 2024	1	1	1	0	0
Springer Proceedings in Business and Economics,Information and Communication Technologies in Tourism 2025	1	1	1	0	0
Springer Proceedings in Business and Economics,Recent Advancements in Tourism Business, Technology and Social Sciences	1	1	1	0	0
Springer Proceedings in Business and Economics,Tourism and ICTs: Advances in Data Science, Artificial Intelligence and Sustainability	1	1	1	0	0
Springer Proceedings in Complexity,16th Chaotic Modeling and Simulation International Conference	1	1	1	0	0
Springer Proceedings in Complexity,Advances in Social Simulation	1	1	1	0	0
Springer Proceedings in Complexity,Proceedings of the 2023 International Conference of The Computational Social Science Society of the Americas	1	1	1	0	0
Springer Proceedings in Earth and Environmental Sciences,Global Challenges for a Sustainable Society	1	1	1	0	0
Springer Proceedings in Energy,Advances in Clean Energy Technologies	2	1	1	0	0
Springer Proceedings in Mathematics &amp; Statistics,Finite Volumes for Complex Applications X—Volume 1, Elliptic and Parabolic Problems	1	1	1	0	0
Springer Proceedings in Mathematics &amp; Statistics,Mathematical Methods for Engineering Applications	1	1	1	0	0
Springer Proceedings in Mathematics &amp; Statistics,Mathematical Modeling with Modern Applications	1	1	1	0	0
Springer Proceedings in Mathematics &amp; Statistics,New Trends in the Applications of Differential Equations in Sciences	1	1	1	0	0
Springer Proceedings in Mathematics &amp; Statistics,Production and Operations Management	2	1	1	0	0
Springer Proceedings in Mathematics &amp; Statistics,Studies in Theoretical and Applied Statistics	1	1	1	0	0
Springer Proceedings in Physics,Advances in Shock Interactions	1	1	1	0	0
Springer Proceedings in Physics,Proceedings of the International Conference on Emerging Multifunctional Materials and Devices for Sustainable Technologies	1	1	1	0	0
Springer Protocols Handbooks,Genomics of Cereal Crops	2	1	1	0	0
Springer Reference Technik,Handbuch Industrie 4.0	2	1	1	0	0
Springer Series in Astrophysics and Cosmology,Gravitational Wave Science with Machine Learning	1	1	1	0	0
Springer Series in Astrophysics and Cosmology,Primordial Black Holes	1	1	1	0	0
Springer Series in Geomechanics and Geoengineering,Proceedings of the International Field Exploration and Development Conference 2022	1	1	1	0	0
Springer Texts in Business and Economics,Socioeconomics of Food	1	1	1	0	0
Springer Theses,Charming Decays of the Higgs, Z, and W Bosons	1	1	1	0	0
Springer Theses,Galaxy Merger Identification Methods, and Investigations of the Role of Mergers in Galaxy Evolution	2	1	2	0	0
Springer Theses,Geometric Approaches to Quantum Field Theory	2	1	1	0	0
Springer Theses,Plasmonic Instabilities in Bidimensional Materials	1	1	1	0	0
Springer Water,Advances in Hydroinformatics—SimHydro 2023 Volume 2	1	1	1	0	0
SpringerBriefs in Business,Managing the Transition to a Circular Economy	1	1	1	0	0
SpringerBriefs in Electrical and Computer Engineering,Brain-Computer Interface Research	2	1	1	0	0
SpringerBriefs in Environmental Science,Towards Sustainable Macroalgae Biorefineries	1	1	1	0	0
SpringerBriefs in Materials,Navigating Molecular Networks	1	1	1	0	0
SpringerBriefs in Molecular Science,Activity Cliffs	1	1	1	0	0
SpringerBriefs in Optimization,Bayesian Optimization and Data Science	2	1	1	0	0
SpringerBriefs in Statistics,Functional Data Analysis in Biomechanics	1	1	1	0	0
Static Analysis,Lecture Notes in Computer Science	2	1	1	0	0
Statistical Analysis and Data Mining: An ASA Data Science Journal	1	1	1	0	0
Statistical Applications in Genetics and Molecular Biology	2	1	1	0	0
Statistical Inference for Stochastic Processes	1	1	1	0	0
Statistical Journal of the IAOS: Journal of the International Association for Official Statistics	1	1	1	0	0
Statistical Methods & Applications	1	1	1	0	0
Statistical Modelling	2	1	1	0	0
Statistics and Computing,Visualization and Imputation of Missing Values	1	1	1	0	0
Statistics and Data Science in Imaging	1	1	1	0	0
Statistics at Square Two	1	1	1	0	0
Statistics in Biosciences	1	1	1	0	0
Statistics, Politics and Policy	2	1	1	0	0
Stem Cells	2	1	2	0	0
Strategic Business Research	1	1	1	0	0
Strategic Change	1	1	1	0	0
Street Art &amp; Urban Creativity	1	1	1	0	0
Strengthening Systems Accountability for Enterprise Performance and Development Planning	2	1	1	0	0
Stress Biology	1	1	1	0	0
Strojnícky časopis - Journal of Mechanical Engineering	1	1	1	0	0
Structural Chemistry	2	1	2	0	0
Structural Concrete	3	1	2	0	0
Structural Engineering International	1	1	1	0	0
Structural Heart	2	1	1	0	0
Structural Safety	1	1	1	0	0
Student Reasoning in Organic Chemistry	1	1	1	0	0
Studia Biologica	1	1	1	0	0
Studia Geophysica et Geodaetica	1	1	1	0	0
Studia Geotechnica et Mechanica	1	1	1	0	0
Studia Historiae Ecclesiasticae	1	1	1	0	0
Studia z Teorii Wychowania	1	1	1	0	0
Studies in Ancient Art and Civilisation	2	1	1	0	0
Studies in Applied Mathematics	3	1	2	0	0
Studies in Big Data,Applied Data Science	1	1	1	0	0
Studies in Big Data,Deep Learning for Social Media Data Analytics	2	1	1	0	0
Studies in Big Data,Machine Learning and Granular Computing: A Synergistic Design Environment	1	1	1	0	0
Studies in Bilingualism,Italo-Romance Heritage Languages	1	1	1	0	0
Studies in Classification, Data Analysis, and Knowledge Organization,Classification and Data Science in the Digital Age	1	1	1	0	0
Studies in Classification, Data Analysis, and Knowledge Organization,Data Science, Classification, and Artificial Intelligence for Modeling Decision Making	1	1	1	0	0
Studies in Computational Intelligence,AI for Health Equity and Fairness	1	1	1	0	0
Studies in Computational Intelligence,Artificial Intelligence for Personalized Medicine	1	1	1	0	0
Studies in Computational Intelligence,Artificial Intelligence in Industry 4.0	2	1	1	0	0
Studies in Computational Intelligence,Computational Intelligence	1	1	1	0	0
Studies in Computational Intelligence,Explainable Artificial Intelligence for Cyber Security	2	1	1	0	0
Studies in Computational Intelligence,Generative AI in Creative Industries	2	1	2	0	0
Studies in Computational Intelligence,Integrating Artificial Intelligence and Visualization for Visual Knowledge Discovery	1	1	1	0	0
Studies in Computational Intelligence,Intelligent Secure Trustable Things	1	1	1	0	0
Studies in Computational Intelligence,Intelligent Technologies	1	1	1	0	0
Studies in Computational Intelligence,Machine Learning and Clustering for a Sustainable Future	1	1	1	0	0
Studies in Computational Intelligence,Neuro-Symbolic Artificial Intelligence	1	1	1	0	0
Studies in Computational Intelligence,Producing Artificial Intelligent Systems	1	1	1	0	0
Studies in Computational Intelligence,Robot Operating System (ROS)	1	1	1	0	0
Studies in Computational Intelligence,Service Oriented, Holonic and Multi-Agent Manufacturing Systems for Industry of the Future	1	1	1	0	0
Studies in Corpus Linguistics,Corpus Approaches to Social Media	2	1	1	0	0
Studies in Corpus Linguistics,Corpus Dialectology	1	1	1	0	0
Studies in Corpus Linguistics,Crossing Boundaries through Corpora	1	1	1	0	0
Studies in Economics and Econometrics	1	1	1	0	0
Studies in Educational Evaluation	2	1	1	0	0
Studies in Language	1	1	1	0	0
Studies in Nonlinear Dynamics & Econometrics	1	1	1	0	0
Studies in Nonlinear Dynamics &amp; Econometrics	1	1	1	0	0
Studies in Second Language Learning and Teaching	1	1	1	0	0
Studies in Systems, Decision and Control,Developments in Information &amp; Knowledge Management for Business Applications	1	1	1	0	0
Studies in Systems, Decision and Control,Intelligent Systems Modeling and Simulation II	2	1	1	0	0
Studies in Systems, Decision and Control,Machine Learning for Econometrics and Related Topics	1	1	1	0	0
Studies in Systems, Decision and Control,Soft Modeling in Industrial Manufacturing	2	1	1	0	0
Studies in Systems, Decision and Control,Structure Optimization of Power Systems with Renewable Energy Sources	1	1	1	0	0
Studies in Systems, Decision and Control,Systems, Decision and Control in Energy VI	1	1	1	0	0
Studies in Systems, Decision and Control,Using Artificial Intelligence to Solve Transportation Problems	1	1	1	0	0
Study Abroad Research in Second Language Acquisition and International Education	1	1	1	0	0
Substance Abuse	2	1	1	0	0
Substance Abuse Treatment, Prevention, and Policy	2	1	1	0	0
Substance Use & Misuse	1	1	1	0	0
Substance Use &amp;amp; Addiction Journal	1	1	1	0	0
Subterranean Biology	1	1	1	0	0
Supercomputing Frontiers,Lecture Notes in Computer Science	2	1	1	0	0
Superlattices and Microstructures	2	1	1	0	0
Supply Management Research,Advanced Studies in Supply Management	2	1	1	0	0
Surface Science	1	1	1	0	0
Surgical Infections	4	1	2	0	0
Surgical Oncology	1	1	1	0	0
Surgical Techniques Development	1	1	1	0	0
Surveys in Geophysics	2	1	1	0	0
SusMat	1	1	1	0	0
Sustainability &amp; Circularity NOW	1	1	1	0	0
Sustainability Analytics and Modeling	1	1	1	0	0
Sustainability Science	1	1	1	0	0
Sustainability and Climate Change	1	1	1	0	0
Sustainable Artificial Intelligence-Powered Applications,Interplay of Artificial General Intelligence with Quantum Computing	1	1	1	0	0
Sustainable Communication Networks and Application,Lecture Notes on Data Engineering and Communications Technologies	2	1	1	0	0
Sustainable Development Goals Series,The Living Environmental Education	2	1	1	0	0
Sustainable Development Goals Series,Urban Wetlands in Latin America	1	1	1	0	0
Sustainable Earth Reviews	1	1	1	0	0
Sustainable Environment	1	1	1	0	0
Sustainable Production, Life Cycle Engineering and Management,Integrated Computational Life Cycle Engineering for Traction Batteries	6	1	3	0	0
Sustainable Production, Life Cycle Engineering and Management,Progress in Life Cycle Assessment 2021	1	1	1	0	0
Sustainable Smart Cities and Territories,Lecture Notes in Networks and Systems	2	1	1	0	0
Sustainable Technology and Entrepreneurship	1	1	1	0	0
Swiss Journal of Geosciences	1	1	1	0	0
Swiss Medical Weekly	4	1	4	0	0
Symposium on Eye Tracking Research and Applications	1	1	1	0	0
Synthese Library,Dreaming and Memory: Philosophical Issues	1	1	1	0	0
Synthetic Biology	1	1	1	0	0
System Research in Energy	1	1	1	0	0
Systematic Botany	2	1	2	0	0
Systems &amp; Control Letters	2	1	1	0	0
Systems Biology Approaches for Host-Pathogen Interaction Analysis	1	1	1	0	0
Systems Medicine	2	1	1	0	0
Systems Simulation and Modeling for Cloud Computing and Big Data Applications	2	1	1	0	0
Systems and Soft Computing	1	1	1	0	0
Sādhanā	2	1	1	0	0
TENCON 2021 - 2021 IEEE Region 10 Conference (TENCON)	2	1	1	0	0
TENCON 2024 - 2024 IEEE Region 10 Conference (TENCON)	1	1	1	0	0
TEST	2	1	1	0	0
THE 2ND SCIENCE AND MATHEMATICS INTERNATIONAL CONFERENCE (SMIC 2020): Transforming Research and Education of Science and Mathematics in the Digital Age	1	1	1	0	0
THE 2ND SCIENCE AND MATHEMATICS INTERNATIONAL CONFERENCE (SMIC 2020): Transforming Research and Education of Science and Mathematics in the Digital Age,AIP Conference Proceedings	1	1	1	0	0
THE JOURNAL OF THE STOMATOLOGICAL SOCIETY,JAPAN	2	1	2	0	0
THERMOPHYSICAL BASIS OF ENERGY TECHNOLOGIES (TBET 2020)	1	1	1	0	0
THERMOPHYSICAL BASIS OF ENERGY TECHNOLOGIES (TBET 2020),AIP Conference Proceedings	1	1	1	0	0
TMS 2021 150th Annual Meeting & Exhibition Supplemental Proceedings,The Minerals, Metals & Materials Series	1	1	1	0	0
TRANSPORTES	1	1	1	0	0
Taiikugaku kenkyu (Japan Journal of Physical Education, Health and Sport Sciences)	2	1	1	0	0
Taiwanese Journal of Obstetrics and Gynecology	2	1	1	0	0
Talanta Open	1	1	1	0	0
Tapuya: Latin American Science, Technology and Society	1	1	1	0	0
Target Search Problems	1	1	1	0	0
Teaching Mathematics and its Applications: An International Journal of the IMA	1	1	1	0	0
Teaching Public Administration	1	1	1	0	0
Teaching in Higher Education	2	1	2	0	0
Team Performance Management: An International Journal	2	1	1	0	0
Techniques in Coloproctology	2	1	1	0	0
Technological Innovation for Connected Cyber Physical Spaces,IFIP Advances in Information and Communication Technology	1	1	1	0	0
Technological and Economic Development of Economy	2	1	1	0	0
Technology in Horticulture	1	1	1	0	0
Teknokultura. Revista de Cultura Digital y Movimientos Sociales	1	1	1	0	0
Telangana Journal of Psychiatry	2	1	1	0	0
Telemedicine Reports	2	1	2	0	0
Teoreticheskaya i Matematicheskaya Fizika,Теоретическая и математическая физика	2	1	1	0	0
Terrestrial, Atmospheric and Oceanic Sciences	2	1	1	0	0
Texts &amp; Monographs in Symbolic Computation,Integration in Finite Terms: Fundamental Sources	1	1	1	0	0
Texts in Quantitative Political Analysis,Causality in Policy Studies	1	1	1	0	0
Texts in Theoretical Computer Science. An EATCS Series,Formal Methods for Software Engineering	1	1	1	0	0
The 12th International Conference on Advances in Information Technology	1	1	1	0	0
The 14th International Symposium on Visual Information Communication and Interaction	2	1	1	0	0
The 1st International Conference on Advanced Remote Sensing &amp;ndash; Shaping Sustainable Global Landscapes (ICARS 2025)	1	1	1	0	0
The 1st International Electronic Conference on Biological Diversity, Ecology and Evolution	1	1	1	0	0
The 2021 International Conference on Computer, Control, Informatics and Its Applications	1	1	1	0	0
The 26th International ACM SIGACCESS Conference on Computers and Accessibility	1	1	1	0	0
The 37th Annual ACM Symposium on User Interface Software and Technology	1	1	1	0	0
The 4th EWaS International Conference: Valuing the Water, Carbon, Ecological Footprints of Human Activities	1	1	1	1	1
The 7th International Conference on Time Series and Forecasting	1	1	1	0	0
The 7th International conference on Time Series and Forecasting	1	1	1	0	0
The 8th International Symposium on Sensor Science	1	1	1	0	0
The Accounting Review	2	1	1	0	0
The Adjunct Publication of the 34th Annual ACM Symposium on User Interface Software and Technology	1	1	1	0	0
The American Biology Teacher	2	1	1	0	0
The American Journal of Dermatopathology	1	1	1	0	0
The American Journal of Emergency Medicine	1	1	1	0	0
The American Journal of Medicine	2	1	1	0	0
The American Journal of Occupational Therapy	1	1	1	0	0
The American Journal of Sports Medicine	1	1	1	0	0
The American Journal of Surgery	1	1	1	0	0
The American Review of Public Administration	1	1	1	0	0
The Angle Orthodontist	1	1	1	0	0
The Annals of Applied Probability	1	1	1	0	0
The Annals of The Royal College of Surgeons of England	1	1	1	0	0
The Annals of the Japanese Political Science Association	1	1	1	0	0
The Annuals of Japanese Political Science Association	1	1	1	0	0
The Australian Educational Researcher	1	1	1	0	0
The Biophysicist	1	1	1	0	0
The Brazilian Journal of Infectious Diseases	2	1	1	0	0
The Breast Journal	1	1	1	0	0
The British Journal of Criminology	2	1	1	0	0
The British Journal of Politics and International Relations	1	1	1	0	0
The Bryologist	2	1	1	0	0
The Bulletin of Urooncology	1	1	1	0	0
The Cambridge Handbook of Computational Cognitive Sciences	2	1	2	0	0
The Cambridge Handbook of Human Affective Neuroscience	2	1	2	0	0
The Cambridge Handbook of Research Methods and Statistics for the Social and Behavioral Sciences	1	1	1	0	0
The Cambridge Handbook of the Psychology of Violent Extremism	2	1	2	0	0
The Canadian Entomologist	1	1	1	0	0
The Canadian Geographer / Le Géographe canadien	1	1	1	0	0
The Canadian Journal of Human Sexuality	2	1	1	0	0
The Canadian Mineralogist	1	1	1	0	0
The Circular Economy - Recent Advances in Sustainable Waste Management	2	1	1	0	0
The Cleft Palate Craniofacial Journal	3	1	3	0	0
The Climate Energy Nexus	1	1	1	0	0
The Clinical Journal of Pain	1	1	1	0	0
The Communication Review	1	1	1	0	0
The Counseling Psychologist	2	1	1	0	0
The Cultural Sociology of Reading	1	1	1	0	0
The Diversity Of Worldviews Among Young Adults	2	1	1	0	0
The Econometrics Journal	2	1	1	0	0
The Economics of Non-Market Goods and Resources,Environmental Valuation with Discrete Choice Experiments in R	1	1	1	0	0
The Egyptian Journal of Neurology, Psychiatry and Neurosurgery	1	1	1	0	0
The Egyptian Journal of Remote Sensing and Space Science	2	1	1	0	0
The Egyptian Journal of Remote Sensing and Space Sciences	1	1	1	0	0
The Emerald Handbook of Destination Recovery in Tourism and Hospitality	2	1	1	0	0
The European Journal of Health Economics	2	1	1	0	0
The European Journal of Humour Research	1	1	1	0	0
The European Journal of the History of Economic Thought	2	1	1	0	0
The European Journal on Artificial Intelligence	1	1	1	0	0
The FEBS Journal	3	1	3	0	0
The Foot	1	1	1	0	0
The Forestry Chronicle	2	1	2	0	0
The Forum	1	1	1	0	0
The Fourth Industrial Revolution in Africa,Advances in African Economic, Social and Political Development	2	1	2	0	0
The Future of HRM in a World of Persistent Virtual Reality	1	1	1	0	0
The Future of Smart Production for SMEs	2	1	1	0	0
The Genus Bidens	1	1	1	0	0
The Geographical Journal	1	1	1	0	0
The Gerontologist	1	1	1	0	0
The Glasgow Naturalist	1	1	1	0	0
The Handbook of Usage‐Based Linguistics	1	1	1	0	0
The Holocene	5	1	3	0	0
The Impact of Therapy and Pet Animals on Human Stress	1	1	1	0	0
The Information Society	1	1	1	0	0
The International Journal for the Psychology of Religion	1	1	1	0	0
The International Journal of Human Resource Management	1	1	1	0	0
The International Journal of Management Education	1	1	1	0	0
The International Spectator	1	1	1	0	0
The Japanese Journal of Cognitive Psychology	2	1	1	0	0
The Japanese Journal of Educational Psychology	2	1	1	0	0
The Joint Commission Journal on Quality and Patient Safety	2	1	2	0	0
The Journal of Adhesion	1	1	1	0	0
The Journal of Aging Research &amp; Lifestyle	1	1	1	0	0
The Journal of Agricultural Education and Extension	1	1	1	0	0
The Journal of Animal Genetics	1	1	1	0	0
The Journal of Behavioral Health Services &amp; Research	1	1	1	0	0
The Journal of Cardiovascular Surgery	2	1	1	0	0
The Journal of Clinical Hypertension	2	1	1	0	0
The Journal of Clinical Pharmacology	2	1	1	0	0
The Journal of Continuing Higher Education	1	1	1	0	0
The Journal of Creative Behavior	2	1	1	0	0
The Journal of Deaf Studies and Deaf Education	1	1	1	0	0
The Journal of Dermatology	1	1	1	0	0
The Journal of ECT	1	1	1	0	0
The Journal of Early Adolescence	1	1	1	0	0
The Journal of Emergency Medicine	1	1	1	0	0
The Journal of Environmental Education	1	1	1	0	0
The Journal of ExtraCorporeal Technology	1	1	1	0	0
The Journal of Finance and Data Science	1	1	1	0	0
The Journal of General Psychology	1	1	1	0	0
The Journal of Genetic Psychology	2	1	1	0	0
The Journal of Hand Surgery	1	1	1	0	0
The Journal of Horticultural Science and Biotechnology	1	1	1	0	0
The Journal of Japan Society for Laser Surgery and Medicine	1	1	1	0	0
The Journal of Knee Surgery	1	1	1	0	0
The Journal of Legislative Studies	2	1	2	0	0
The Journal of Maternal-Fetal &amp; Neonatal Medicine	2	1	1	0	0
The Journal of Mathematical Behavior	1	1	1	0	0
The Journal of Mathematical Sociology	1	1	1	0	0
The Journal of Neuropsychiatry and Clinical Neurosciences	1	1	1	0	0
The Journal of Nutritional Biochemistry	1	1	1	0	0
The Journal of Organic Chemistry	3	1	2	0	0
The Journal of Peasant Studies	1	1	1	0	0
The Journal of Psychology	1	1	1	0	0
The Journal of Real Estate Finance and Economics	2	1	1	0	0
The Journal of Rheumatology	1	1	1	0	0
The Journal of Risk Finance	1	1	1	0	0
The Journal of School Nursing	3	1	2	0	0
The Journal of Social Psychology	2	1	1	0	0
The Journal of Special Education	1	1	1	0	0
The Journal of Steroid Biochemistry and Molecular Biology	1	1	1	0	0
The Journal of Supercritical Fluids	1	1	1	0	0
The Journal of Tepecik Education and Research Hospital	1	1	1	0	0
The Journal of Toxicological Sciences	1	1	1	0	0
The Journal of Vascular Access	2	1	2	0	0
The Journal of the Geological Society of Japan	1	1	1	0	0
The Journal of the Lepidopterists' Society	1	1	1	0	0
The Journals of Gerontology, Series A: Biological Sciences and Medical Sciences	1	1	1	0	0
The Lancet Oncology	4	1	2	0	0
The Lancet Psychiatry	1	1	1	0	0
The Lancet Regional Health - Western Pacific	2	1	1	0	0
The Lancet Rheumatology	2	1	1	0	0
The Landscape of Relativistic Stellar Explosions,Springer Theses	2	1	1	0	0
The Latin American Studies Book Series,Emerging Viruses in Latin America	1	1	1	0	0
The Materials Research Society Series,Materials Data Science	1	1	1	0	0
The Mathematical Intelligencer	1	1	1	0	0
The Mental Lexicon	1	1	1	0	0
The Microbiological Quality of Food	1	1	1	0	0
The Minerals, Metals &amp; Materials Series,Light Metals 2025	1	1	1	0	0
The Minerals, Metals &amp; Materials Series,TMS 2021 150th Annual Meeting &amp; Exhibition Supplemental Proceedings	1	1	1	0	0
The Multimodal Learning Analytics Handbook	2	1	1	0	0
The Neurohospitalist	2	1	1	0	0
The Neuroradiology Journal	1	1	1	0	0
The Oncologist	1	1	1	0	0
The Open COVID Journal	1	1	1	0	0
The Open Journal of Astrophysics	1	1	1	0	0
The Open Public Health Journal	1	1	1	0	0
The Oxford Handbook of Music and Corpus Studies	1	1	1	0	0
The Palgrave Handbook of Interactive Marketing	1	1	1	0	0
The Palgrave Handbook of Learning for Transformation	2	1	1	0	0
The Palgrave Handbook of Operations Research	2	1	1	0	0
The Plant Pathology Journal	1	1	1	0	0
The Police Journal: Theory, Practice and Principles	1	1	1	0	0
The Professional Geographer	1	1	1	0	0
The Protein Journal	1	1	1	0	0
The Quaternary Research (Daiyonki-Kenkyu)	1	1	1	0	0
The R Journal	1	1	1	0	0
The Rangeland Journal	1	1	1	0	0
The Role of the Public Sector in Building Social and Economic Resilience	1	1	1	0	0
The Royal College of Radiologists Open	1	1	1	0	0
The Scientific World Journal	2	1	1	0	0
The Sedimentary Record	2	1	1	2	1
The Seismic Record	1	1	1	0	0
The Singapore Economic Review	2	1	1	0	0
The Sociological Quarterly	1	1	1	0	0
The Spine Journal	1	1	1	0	0
The Structural Design of Tall and Special Buildings	1	1	1	0	0
The Teacher Educator	1	1	1	0	0
The Urban Book Series,Urban Morphology versus Urban Redevelopment and Revitalisation	1	1	1	0	0
The World Wide Web Conference	2	1	1	0	0
The15th International Conference on PErvasive Technologies Related to Assistive Environments	1	1	1	0	0
Themed collection of papers from Foreign international scientific conference «Joint innovation - joint development». Part 3. by HNRI «National development» in cooperation with PS of UA. October 2023. - Harbin (China)	1	1	1	0	0
Theoretical Chemistry Accounts	1	1	1	0	0
Theoretical Ecology	1	1	1	1	1
Theoretical Issues in Ergonomics Science	2	1	1	2	1
Theoretical and Mathematical Physics	2	1	1	0	0
Theory & Research in Social Education	1	1	1	0	0
Theory &amp; Research in Social Education	1	1	1	0	0
Theory and Decision	2	1	1	0	0
Theory and Engineering of Dependable Computer Systems and Networks,Advances in Intelligent Systems and Computing	2	1	1	0	0
Theory and Research in Education	2	1	1	0	0
Theory of Probability and Mathematical Statistics	1	1	1	0	0
Therapeutic Advances in Neurological Disorders	2	1	2	0	0
Therapeutic Drug Monitoring	2	1	2	0	0
Therapeutic Hypothermia and Temperature Management	2	1	1	0	0
Therapeutic Innovation & Regulatory Science	1	1	1	0	0
Theriogenology Wild	3	1	2	0	0
Thin Solid Films	2	1	1	0	0
Thinking & Reasoning	1	1	1	0	0
Third Congress on Intelligent Systems,Lecture Notes in Networks and Systems	1	1	1	0	0
Third International Conference on Image Processing and Capsule Networks,Lecture Notes in Networks and Systems	1	1	1	0	0
Third International Meeting for Applied Geoscience &amp; Energy Expanded Abstracts	1	1	1	0	0
Thorax	3	1	2	0	0
Thrombosis and Haemostasis	2	1	1	0	0
Tin Oxide Materials	2	1	1	0	0
Tobacco Control	1	1	1	0	0
Tomsk Journal of Linguistics and Anthropology	1	1	1	0	0
Topics in Applied Physics,Chirality, Magnetism and Magnetoelectricity	2	1	1	0	0
Topics in Applied Physics,Computational Design of Battery Materials	1	1	1	0	0
Topics in Applied Physics,Novel Aspects of Diamond II	1	1	1	0	0
Topics in Catalysis	2	1	1	0	0
Topics in Clinical Nutrition	1	1	1	0	0
Topics in Cryptology – CT-RSA 2020,Lecture Notes in Computer Science	2	1	1	0	0
Topics in Modal Analysis &amp; Parameter Identification, Volume 8,Conference Proceedings of the Society for Experimental Mechanics Series	2	1	1	0	0
Topics in Spinal Cord Injury Rehabilitation	1	1	1	0	0
Topola	1	1	1	0	0
Total Quality Management &amp; Business Excellence	2	1	1	0	0
Tourism Analysis	1	1	1	0	0
Tourism Economics	1	1	1	0	0
Tourism Recreation Research	1	1	1	0	0
Towards Radical Regeneration	2	1	1	0	0
Towards User-Centric Transport in Europe 2,Lecture Notes in Mobility	2	1	1	0	0
Towards a Sustainable Future - Life Cycle Management	2	1	1	0	0
Toxicologic Pathology	2	1	1	0	0
Toxicologie Analytique et Clinique	1	1	1	0	0
Toxicology Letters	3	1	2	0	0
Toxicology in Vitro	3	1	2	0	0
Toxicon	1	1	1	0	0
TrAC Trends in Analytical Chemistry	2	1	2	0	0
Trajectoires et carrières contemporaines : nouvelles perspectives méthodologiques	1	1	1	0	0
Trakya Üniversitesi Sosyal Bilimler Dergisi	1	1	1	0	0
Transactions of the American Mathematical Society	1	1	1	0	0
Transactions of the Indian National Academy of Engineering	1	1	1	0	0
Transactions of the Institute of British Geographers	1	1	1	0	0
Transactions of the Institute of Measurement and Control	2	1	1	0	0
Transactions of the Institute of Systems, Control and Information Engineers	1	1	1	0	0
Transactions of the JSME (in Japanese)	1	1	1	0	0
Transactions on Electrical and Electronic Materials	1	1	1	0	0
Transactions on Emerging Telecommunications Technologies	1	1	1	0	0
Transcription Factor Regulatory Networks,Methods in Molecular Biology	2	1	1	0	0
Transcriptome Profiling	2	1	1	0	0
Transgender Health	2	1	1	0	0
Translation Studies	1	1	1	0	0
Translational Exercise Biomedicine	1	1	1	0	0
Translational Medicine Communications	1	1	1	0	0
Translational Neurodegeneration	1	1	1	0	0
Translational Stroke Research	1	1	1	0	0
Translators’ and Interpreters’ Job Satisfaction,Translation Spaces	1	1	1	0	0
Transplant Immunology	1	1	1	0	0
Transplantologiya. The Russian Journal of Transplantation	1	1	1	0	0
Transplantology	1	1	1	0	0
Transport Reviews	1	1	1	0	0
Transport and Pandemic Experiences,Transport and Sustainability	2	1	1	0	0
Transport technologies	1	1	1	0	0
Transportation Engineering	2	1	2	0	0
Transportation Science	1	1	1	0	0
Transportmetrica A: Transport Science	1	1	1	0	0
Trauma Care	1	1	1	0	0
Treatise on Geochemistry	2	1	2	0	0
Trends and Challenges in Categorical Data Analysis,Statistics for Social and Behavioral Sciences	1	1	1	0	0
Trends in Biochemical Sciences	1	1	1	0	0
Trends in Biotechnology	1	1	1	0	0
Trends in Chemistry	1	1	1	1	1
Trends in Ecology & Evolution	1	1	1	0	0
Trends in Ecology &amp; Evolution	1	1	1	0	0
Trends in Immunology	2	1	1	0	0
Trends in Mathematics,Current Trends in Analysis, its Applications and Computation	4	1	2	0	0
Trends in Microbiology	1	1	1	0	0
Trends in Parasitology	1	1	1	0	0
Trends in Pharmacological Sciences	2	1	1	0	0
Trends in Plant Science	1	1	1	0	0
Tribology Transactions	1	1	1	1	1
Trillium Pathology	1	1	1	0	0
Tropical Journal of Natural Product Research	1	1	1	0	0
Tropical Medicine &amp; International Health	1	1	1	0	0
Trustworthy AI in Medical Imaging	1	1	1	0	0
Trustworthy Machine Learning for Healthcare,Lecture Notes in Computer Science	1	1	1	0	0
Tsinghua Science and Technology	1	1	1	0	0
Tunnelling and Underground Space Technology	1	1	1	0	0
Turkish Journal Of Field Crops	2	1	2	0	0
Turkish Journal of Astronomy and Astrophysics	1	1	1	0	0
Turkish Journal of Biology	1	1	1	0	0
Turkish Journal of Civil Engineering	1	1	1	0	0
Turkish Online Journal of Design Art and Communication	1	1	1	0	0
Tutorials in Operations Research: Emerging and Impactful Topics in Operations	2	1	1	0	0
TÁJÖKOLÓGIAI LAPOK	1	1	1	0	0
Tạp Chí Khoa Học Trường Đại Học Quốc Tế Hồng Bàng	1	1	1	0	0
UCL Open Environment	1	1	1	0	0
URBAN DESIGN International	1	1	1	0	0
Ukrainian Journal of Nephrology and Dialysis	1	1	1	0	0
Ultrasonic Imaging	1	1	1	0	0
Uludağ Arıcılık Dergisi	1	1	1	0	0
Uluslararası Ekonomi İşletme ve Politika Dergisi	1	1	1	0	0
Uluslararası Muhendislik Arastirma ve Gelistirme Dergisi	1	1	1	0	0
Uncertainty Modeling for Engineering Applications,PoliTO Springer Series	2	1	1	0	0
Uncertainty for Safe Utilization of Machine Learning in Medical Imaging, and Graphs in Biomedical Image Analysis,Lecture Notes in Computer Science	2	1	1	0	0
Uncertainty for Safe Utilization of Machine Learning in Medical Imaging,Lecture Notes in Computer Science	2	1	1	0	0
Unconventional Resources	1	1	1	0	0
Underground Space	1	1	1	0	0
Understanding COVID-19: The Role of Computational Intelligence,Studies in Computational Intelligence	2	1	1	0	0
Understanding Complex Systems,Compendium of Urban Complexity	1	1	1	0	0
Understanding Innovation,Design Thinking Research	2	1	1	0	0
Understanding Risks and Uncertainties in Energy and Climate Policy	1	1	1	0	0
United European Gastroenterology Journal	1	1	1	0	0
Universitas (León): Revista Científica de la UNAN León	1	1	1	0	0
Unmanned Systems	1	1	1	0	0
Unraveling Environmental Disasters	1	1	1	0	0
Unsupervised and Semi-Supervised Learning,Unsupervised Feature Extraction Applied to Bioinformatics	2	1	2	0	0
Unterrichtswissenschaft	1	1	1	0	0
Updates in Surgery	1	1	1	0	0
Urban Agriculture &amp; Regional Food Systems	1	1	1	0	0
Urban Transformations	2	1	1	0	0
Urban Transitions	1	1	1	0	0
Urban and Regional Planning Review	1	1	1	0	0
Urban construction and architecture	1	1	1	0	0
Urology	2	1	2	0	0
Use R!,Cultural Analytics in R: A Tidy Approach	1	1	1	0	0
VIEW	1	1	1	0	0
VINE Journal of Information and Knowledge Management Systems	2	1	1	0	0
VITRUVIO - International Journal of Architectural Technology and Sustainability	1	1	1	0	0
Varia Historia	1	1	1	0	0
Variational Methods for Machine Learning with Applications to Deep Networks	2	1	1	0	0
Vascular Medicine	1	1	1	0	0
Vector-Borne and Zoonotic Diseases	2	1	1	0	0
Vegetation Classification and Survey	1	1	1	0	0
Vegetation Dynamics - Ecosystem Management, Conservation, and Protection [Working Title]	1	1	1	0	0
Vegetation History and Archaeobotany	3	1	2	0	0
Vegetos	1	1	1	0	0
Vertebrate Zoology	1	1	1	0	0
Vestnik SSUGT	2	1	2	0	0
Veterinary Anaesthesia and Analgesia	2	1	1	0	0
Veterinary Medicine International	1	1	1	0	0
Veterinary Medicine and Science	1	1	1	0	0
Veterinary Record Open	2	1	1	0	0
Veterinary Surgery	2	1	2	0	0
Veterinary and Animal Science	3	1	2	0	0
Veterinary and Comparative Oncology	1	1	1	0	0
Veterinary and Comparative Orthopaedics and Traumatology	1	1	1	0	0
Vezetéstudomány / Budapest Management Review	1	1	1	0	0
Vibration	2	1	1	0	0
Vietnam Journal of Marine Science and Technology	1	1	1	0	0
Violence Against Women	1	1	1	0	0
Virologica Sinica	4	1	4	0	0
Virtual Product Creation in Industry	2	1	1	0	0
Virtual Reality &amp; Intelligent Hardware	1	1	1	0	0
Virtual Reality and Mixed Reality,Lecture Notes in Computer Science	2	1	1	0	0
Vision Rehabilitation International	1	1	1	0	0
Vision, Sensing and Analytics: Integrative Approaches,Intelligent Systems Reference Library	2	1	1	0	0
Visual Computing for Cultural Heritage,Springer Series on Cultural Computing	2	1	1	0	0
Vocations and Learning	1	1	1	0	0
Vol 1 No 1 (2022): Journal of Computational Innovation and Analytics,Journal of Computational Innovation and Analytics (JCIA)	2	1	1	0	0
Vol 4 Issue 5,International Journal of Innovations in Science and Technology	2	1	1	0	0
Volcanica	1	1	1	0	0
Voprosy Jazykoznanija	1	1	1	0	0
WEENTECH Proceedings in Energy	2	1	1	0	0
WIREs Climate Change	2	1	1	1	0.5
WIREs RNA	1	1	1	0	0
WMU Journal of Maritime Affairs	2	1	1	0	0
WSEAS TRANSACTIONS ON ADVANCES in ENGINEERING EDUCATION	1	1	1	0	0
WSEAS TRANSACTIONS ON SYSTEMS AND CONTROL	2	1	1	0	0
Waste Management &amp; Research: The Journal for a Sustainable Circular Economy	1	1	1	0	0
Water Cycle	1	1	1	0	0
Water Environment Research	3	1	3	0	0
Water Policy	1	1	1	0	0
Water Practice &amp; Technology	1	1	1	0	0
Water Resource Modeling and Computational Technologies,Current Directions in Water Scarcity Research	2	1	1	0	0
Water Resources	2	1	1	0	0
Water Resources and Industry	1	1	1	0	0
Water Science and Engineering	1	1	1	0	0
Water Security: Big Data-Driven Risk Identification, Assessment and Control of Emerging Contaminants	1	1	1	0	0
Water and Environment Journal	2	1	1	0	0
Watershed Ecology and the Environment	1	1	1	0	0
Waves in Random and Complex Media	1	1	1	0	0
Weather	1	1	1	0	0
Weather Forecasting	2	1	1	0	0
Web and Big Data,Lecture Notes in Computer Science	1	1	1	0	0
Weed Biology and Management	2	1	1	0	0
Weed Technology	2	1	1	0	0
Wellbeing, Space and Society	1	1	1	0	0
Western Journal of Communication	1	1	1	0	0
Western Journal of Emergency Medicine	2	1	1	0	0
Western North American Naturalist	2	1	1	0	0
Wild	1	1	1	0	0
Wildlife Letters	1	1	1	0	0
Wiley Interdisciplinary Reviews: Data Mining and Knowledge Discovery	1	1	1	0	0
Wind Engineering	1	1	1	0	0
Wine Business Journal	1	1	1	0	0
Wine Economics and Policy	1	1	1	0	0
Women &amp; Health	1	1	1	0	0
Women's Reproductive Health	2	1	1	0	0
Women's Studies International Forum	2	1	1	0	0
Wood Science and Technology	1	1	1	0	0
Working Papers	1	1	1	0	0
World Allergy Organization Journal	1	1	1	0	0
World Archaeology	2	1	1	2	1
World Environmental and Water Resources Congress 2021	2	1	1	0	0
World Environmental and Water Resources Congress 2022	2	1	1	0	0
World Environmental and Water Resources Congress 2023	1	1	1	0	0
World Environmental and Water Resources Congress 2025	1	1	1	0	0
World Journal of Gastroenterology	2	1	1	0	0
World Journal of Surgery	2	1	1	0	0
World Leisure Journal	1	1	1	0	0
World Medical &amp; Health Policy	2	1	1	0	0
World Psychiatry	1	1	1	0	0
Wound Repair and Regeneration	1	1	1	0	0
X-ray Imaging of the Soil Porous Architecture	2	1	1	0	0
XVIII Brazilian Symposium on Information Systems	2	1	1	0	0
XXVII Brazilian Congress on Biomedical Engineering,IFMBE Proceedings	2	1	1	0	0
Xihmai	2	1	2	0	0
Yeast	2	1	1	0	0
Youth &amp; Society	1	1	1	0	0
Zebrafish	1	1	1	0	0
Zeitschrift für Entwicklungspsychologie und Pädagogische Psychologie	1	1	1	0	0
Zeitschrift für Geburtshilfe und Neonatologie,Abstracts zur 51. Jahrestagung der Gesellschaft für Neonatologie und Pädiatrische Intensivmedizin (GNPI)	1	1	1	0	0
Zeitschrift für Grundschulforschung	1	1	1	0	0
Zeitschrift für Naturforschung B	2	1	1	0	0
Zeitschrift für Neuropsychologie	1	1	1	0	0
Zeitschrift für Physikalische Chemie	2	1	1	0	0
Zeitschrift für Politikwissenschaft	1	1	1	0	0
Zeitschrift für Pädagogische Psychologie	1	1	1	0	0
Zeitschrift für Sprachwissenschaft	1	1	1	0	0
Zeitschrift für Vergleichende Politikwissenschaft	6	1	3	0	0
Zeitschrift für Weiterbildungsforschung	1	1	1	0	0
Zeitschrift für wirtschaftlichen Fabrikbetrieb	1	1	1	0	0
Zephyrvs	2	1	1	0	0
Zisin (Journal of the Seismological Society of Japan. 2nd ser.)	1	1	1	0	0
Zoodiversity	1	1	1	0	0
Zoological Letters	1	1	1	0	0
Zoological Science	1	1	1	0	0
Zoonotic Diseases	1	1	1	0	0
Zoosystematics and Evolution	3	1	3	0	0
Zygote	1	1	1	0	0
disP - The Planning Review	1	1	1	0	0
e-Journal of Surface Science and Nanotechnology	1	1	1	0	0
e-Prime - Advances in Electrical Engineering, Electronics and Energy	1	1	1	0	0
eGastroenterology	1	1	1	0	0
eJournal of Public Affairs	1	1	1	0	0
eLS	2	1	1	0	0
eTransportation	1	1	1	0	0
foresight	1	1	1	0	0
geotechnik	2	1	1	0	0
hLife	1	1	1	0	0
i-com	2	1	1	0	0
i-manager’s Journal on Image Processing	1	1	1	0	0
i-manager’s Journal on Mathematics	1	1	1	0	0
iForest - Biogeosciences and Forestry	1	1	1	0	0
iPolytech Journal	1	1	1	0	0
iRADIOLOGY	1	1	1	0	0
iSys - Brazilian Journal of Information Systems	1	1	1	0	0
mLife	1	1	1	0	0
methaodos revista de ciencias sociales	1	1	1	0	0
neurogenetics	1	1	1	0	0
npj 2D Materials and Applications	1	1	1	0	0
npj Biological Timing and Sleep	1	1	1	0	0
npj Biosensing	1	1	1	0	0
npj Heritage Science	3	1	3	0	0
npj Metabolic Health and Disease	1	1	1	0	0
npj Nanophotonics	1	1	1	0	0
npj Regenerative Medicine	2	1	1	0	0
physica status solidi (RRL) – Rapid Research Letters	1	1	1	0	0
physica status solidi (a)	1	1	1	0	0
rEFLections	1	1	1	0	0
zoodiversity	1	1	1	0	0
Èlektronnoe modelirovanie	1	1	1	0	0
Économie rurale	1	1	1	0	0
İnsan ve Toplum Bilimleri Araştırmaları Dergisi	1	1	1	0	0
İnönü Üniversitesi Sağlık Hizmetleri Meslek Yüksek Okulu Dergisi	1	1	1	0	0
İzmir Sosyal Bilimler Dergisi	2	1	1	0	0
Ετήσιο Ελληνόφωνο Επιστημονικό Συνέδριο Εργαστηρίων Επικοινωνίας	1	1	1	0	0
Астрономический журнал	1	1	1	0	0
Биоорганическая химия	1	1	1	0	0
Биотехнология в растениеводстве, животноводстве и сельскохозяйственной микробиологии	1	1	1	0	0
Биохимия	1	1	1	0	0
Вестник антропологии (Herald of Anthropology)	1	1	1	0	0
Геоэкология. Инженерная геология. Гидрогеология. Геокриология	1	1	1	0	0
Журнал вычислительной математики и математической физики	1	1	1	0	0
Журнал неорганической химии	1	1	1	0	0
Известия СПбЛТА	1	1	1	0	0
Информационные технологии и математическое моделирование систем 2020	2	1	1	0	0
Математические вопросы криптографии,Matematicheskie Voprosy Kriptografii [Mathematical Aspects of Cryptography]	1	1	1	0	0
Прикладная биохимия и микробиология	1	1	1	0	0
Психологические исследования	2	1	1	0	0
Российский физиологический журнал им  И  М  Сеченова	1	1	1	0	0
Сенсорные системы	1	1	1	0	0
